{
  "resourceId" : "canvas",
  "properties" : {
    "xmlTag" : "CASEDiagram",
    "targetnamespace" : "Test Workspace",
    "id" : "edoras-d9b6605e5724",
    "name" : "Dashboard Dept 1 Case",
    "documentation" : "",
    "stencilid" : "CASEDiagram",
    "stencilsuperid" : "CASEDiagram",
    "stencilsuperids" : [ "CASEDiagram" ],
    "customstencil" : true,
    "guid" : "ee11c827-9ef6-4fcc-96de-d9b6605e5724",
    "labelexpression" : "",
    "version" : "",
    "author" : "",
    "language" : "English",
    "namespaces" : "",
    "creationdate" : "",
    "modificationdate" : ""
  },
  "xmlProperties" : [ ],
  "pathProperties" : { },
  "stencil" : {
    "id" : "CASEDiagram"
  },
  "childShapes" : [ {
    "resourceId" : "onecaseplanmodel1",
    "properties" : {
      "xmlTag" : "CasePlanModel",
      "id" : "onecaseplanmodel1",
      "name" : "Case plan model",
      "documentation" : "",
      "stencilid" : "onecaseplanmodel",
      "stencilsuperid" : "CasePlanModel",
      "stencilsuperids" : [ "CasePlanModel" ],
      "customstencil" : true,
      "autocomplete" : false,
      "bordercolor" : "#000000",
      "value" : "",
      "bgcolor" : "#ffffff",
      "customstencilid" : "onecaseplanmodel",
      "customnamespace" : "http://b3mn.org/stencilset/default.case.palette.xml#"
    },
    "xmlProperties" : [ "name", "name_de_de", "name_de_de-run", "name_en_us", "name_en_us-run", "name_es_es", "name_es_es-run", "name_fr_fr", "name_fr_fr-run", "name-run" ],
    "pathProperties" : { },
    "stencil" : {
      "id" : "CasePlanModel"
    },
    "childShapes" : [ ],
    "outgoing" : [ ],
    "bounds" : {
      "lowerRight" : {
        "x" : 623,
        "y" : 265
      },
      "upperLeft" : {
        "x" : 30,
        "y" : 45
      }
    },
    "dockers" : [ ]
  } ],
  "bounds" : {
    "lowerRight" : {
      "x" : 1485,
      "y" : 1050
    },
    "upperLeft" : {
      "x" : 0,
      "y" : 0
    }
  },
  "outputmappingproperties" : {
    "namespaces" : {
      "type" : "complex",
      "placeholders" : [ ]
    }
  },
  "stencilset" : {
    "url" : "/edoras-one-hosted/vis/editor/stencilsets//case1.0/case1.0.json",
    "namespace" : "http://b3mn.org/stencilset/case1.0#"
  },
  "ssextensions" : [ "http://b3mn.org/stencilset/default.case.palette.xml#" ]
}