{
  "_entityClassifier" : "WRK",
  "id" : "WRK(GEAR-53b971ac-add3-49b1-a23b-d0df2489701a)",
  "globalId" : "CASE_MODEL-e4766707-ac9b-42f8-b8b8-23b68a051e10",
  "externalId" : "WRK(240eb1ef-ec9a-4d7f-8095-9ee4fefcda14)",
  "providerId" : "com.edorasware.cloud.core.provider.model.CaseModelProvider",
  "tenantId" : "48b5f668-46b3-428c-850b-f4e1a62cccc3",
  "name" : "Dashboard Dept 1 Case",
  "creationTime" : "2016-09-12T11:47:07.383Z",
  "updateTime" : "2016-09-13T07:13:58.406Z",
  "type" : "CASE_MODEL",
  "modificationVersion" : 55,
  "modificationCreatorId" : "GEAR-16720586-e205-40d1-a4b6-f25d5df185a4",
  "modificationUpdaterId" : "GEAR-16720586-e205-40d1-a4b6-f25d5df185a4",
  "definitionId" : "GEAR-b694c91c-c0e7-48c3-9280-db4173f3dd39",
  "state" : "ACTIVE",
  "subState" : "ACTIVE",
  "variables" : [ {
    "name" : "_comment",
    "type" : "java.lang.String",
    "value" : "[{\"author\":\"Administrator\",\"authorId\":\"GEAR-16720586-e205-40d1-a4b6-f25d5df185a4\",\"date\":\"2016-09-12T11:47:07.406Z\",\"text\":\"Created\",\"deletable\":false,\"replies\":[]},{\"author\":\"Administrator\",\"authorId\":\"GEAR-16720586-e205-40d1-a4b6-f25d5df185a4\",\"date\":\"2016-09-12T12:00:37.554Z\",\"text\":\"Deployed\",\"deletable\":false,\"replies\":[]},{\"author\":\"Administrator\",\"authorId\":\"GEAR-16720586-e205-40d1-a4b6-f25d5df185a4\",\"date\":\"2016-09-12T12:01:25.030Z\",\"text\":\"Edited: <br><table><tr><th>Name</th><th>Old value</th><th>New value</th></tr><tr><td>initialCandidateGroups</td><td></td><td>edoras one Administrator</td></tr></table><br>\",\"deletable\":false,\"replies\":[]},{\"author\":\"Administrator\",\"authorId\":\"GEAR-16720586-e205-40d1-a4b6-f25d5df185a4\",\"date\":\"2016-09-12T12:01:25.039Z\",\"text\":\"Model edited\",\"deletable\":false,\"replies\":[]},{\"author\":\"Administrator\",\"authorId\":\"GEAR-16720586-e205-40d1-a4b6-f25d5df185a4\",\"date\":\"2016-09-12T12:01:27.492Z\",\"text\":\"Deployed\",\"deletable\":false,\"replies\":[]},{\"author\":\"Administrator\",\"authorId\":\"GEAR-16720586-e205-40d1-a4b6-f25d5df185a4\",\"date\":\"2016-09-12T12:03:45.246Z\",\"text\":\"Model edited\",\"deletable\":false,\"replies\":[]},{\"author\":\"Administrator\",\"authorId\":\"GEAR-16720586-e205-40d1-a4b6-f25d5df185a4\",\"date\":\"2016-09-12T12:07:51.113Z\",\"text\":\"Edited: <br><table><tr><th>Name</th><th>Old value</th><th>New value</th></tr><tr><td>initialCandidateGroups</td><td>edoras one Administrator</td><td></td></tr></table><br>\",\"deletable\":false,\"replies\":[]},{\"author\":\"Administrator\",\"authorId\":\"GEAR-16720586-e205-40d1-a4b6-f25d5df185a4\",\"date\":\"2016-09-12T12:07:51.123Z\",\"text\":\"Model edited\",\"deletable\":false,\"replies\":[]},{\"author\":\"Administrator\",\"authorId\":\"GEAR-16720586-e205-40d1-a4b6-f25d5df185a4\",\"date\":\"2016-09-12T12:08:04.708Z\",\"text\":\"Model edited\",\"deletable\":false,\"replies\":[]},{\"author\":\"Administrator\",\"authorId\":\"GEAR-16720586-e205-40d1-a4b6-f25d5df185a4\",\"date\":\"2016-09-12T12:08:09.694Z\",\"text\":\"Deployed\",\"deletable\":false,\"replies\":[]},{\"author\":\"Administrator\",\"authorId\":\"GEAR-16720586-e205-40d1-a4b6-f25d5df185a4\",\"date\":\"2016-09-12T12:14:21.235Z\",\"text\":\"Deployed\",\"deletable\":false,\"replies\":[]},{\"author\":\"Administrator\",\"authorId\":\"GEAR-16720586-e205-40d1-a4b6-f25d5df185a4\",\"date\":\"2016-09-12T12:15:40.937Z\",\"text\":\"Deployed\",\"deletable\":false,\"replies\":[]},{\"author\":\"Administrator\",\"authorId\":\"GEAR-16720586-e205-40d1-a4b6-f25d5df185a4\",\"date\":\"2016-09-12T12:16:32.055Z\",\"text\":\"Deployed\",\"deletable\":false,\"replies\":[]},{\"author\":\"Administrator\",\"authorId\":\"GEAR-16720586-e205-40d1-a4b6-f25d5df185a4\",\"date\":\"2016-09-12T12:18:03.851Z\",\"text\":\"Edited: <br><table><tr><th>Name</th><th>Old value</th><th>New value</th></tr><tr><td>allowedActions</td><td>assign<br>share<br>startProcess<br>activate<br>archive<br>addVariables</td><td></td></tr></table><br>\",\"deletable\":false,\"replies\":[]},{\"author\":\"Administrator\",\"authorId\":\"GEAR-16720586-e205-40d1-a4b6-f25d5df185a4\",\"date\":\"2016-09-12T12:18:03.860Z\",\"text\":\"Model edited\",\"deletable\":false,\"replies\":[]},{\"author\":\"Administrator\",\"authorId\":\"GEAR-16720586-e205-40d1-a4b6-f25d5df185a4\",\"date\":\"2016-09-12T12:18:15.049Z\",\"text\":\"Deployed\",\"deletable\":false,\"replies\":[]},{\"author\":\"Administrator\",\"authorId\":\"GEAR-16720586-e205-40d1-a4b6-f25d5df185a4\",\"date\":\"2016-09-12T12:19:54.597Z\",\"text\":\"Edited: <br><table><tr><th>Name</th><th>Old value</th><th>New value</th></tr><tr><td>workForm</td><td></td><td>edoras-a12f0ec21d37</td></tr></table><br>\",\"deletable\":false,\"replies\":[]},{\"author\":\"Administrator\",\"authorId\":\"GEAR-16720586-e205-40d1-a4b6-f25d5df185a4\",\"date\":\"2016-09-12T12:19:54.604Z\",\"text\":\"Model edited\",\"deletable\":false,\"replies\":[]},{\"author\":\"Administrator\",\"authorId\":\"GEAR-16720586-e205-40d1-a4b6-f25d5df185a4\",\"date\":\"2016-09-12T12:20:42.855Z\",\"text\":\"Deployed\",\"deletable\":false,\"replies\":[]},{\"author\":\"Administrator\",\"authorId\":\"GEAR-16720586-e205-40d1-a4b6-f25d5df185a4\",\"date\":\"2016-09-12T12:21:54.918Z\",\"text\":\"Edited: <br><table><tr><th>Name</th><th>Old value</th><th>New value</th></tr><tr><td>initialCandidateGroups</td><td></td><td>Department 1</td></tr></table><br>\",\"deletable\":false,\"replies\":[]},{\"author\":\"Administrator\",\"authorId\":\"GEAR-16720586-e205-40d1-a4b6-f25d5df185a4\",\"date\":\"2016-09-12T12:21:54.925Z\",\"text\":\"Model edited\",\"deletable\":false,\"replies\":[]},{\"author\":\"Administrator\",\"authorId\":\"GEAR-16720586-e205-40d1-a4b6-f25d5df185a4\",\"date\":\"2016-09-12T12:22:03.817Z\",\"text\":\"Deployed\",\"deletable\":false,\"replies\":[]},{\"author\":\"Administrator\",\"authorId\":\"GEAR-16720586-e205-40d1-a4b6-f25d5df185a4\",\"date\":\"2016-09-12T12:24:14.373Z\",\"text\":\"Deployed\",\"deletable\":false,\"replies\":[]},{\"author\":\"Administrator\",\"authorId\":\"GEAR-16720586-e205-40d1-a4b6-f25d5df185a4\",\"date\":\"2016-09-12T12:25:17.100Z\",\"text\":\"Deployed\",\"deletable\":false,\"replies\":[]},{\"author\":\"Administrator\",\"authorId\":\"GEAR-16720586-e205-40d1-a4b6-f25d5df185a4\",\"date\":\"2016-09-12T12:25:19.917Z\",\"text\":\"Deployed\",\"deletable\":false,\"replies\":[]},{\"author\":\"Administrator\",\"authorId\":\"GEAR-16720586-e205-40d1-a4b6-f25d5df185a4\",\"date\":\"2016-09-12T12:26:20.150Z\",\"text\":\"Deployed\",\"deletable\":false,\"replies\":[]},{\"author\":\"Administrator\",\"authorId\":\"GEAR-16720586-e205-40d1-a4b6-f25d5df185a4\",\"date\":\"2016-09-12T12:27:14.300Z\",\"text\":\"Deployed\",\"deletable\":false,\"replies\":[]},{\"author\":\"Administrator\",\"authorId\":\"GEAR-16720586-e205-40d1-a4b6-f25d5df185a4\",\"date\":\"2016-09-12T12:29:26.160Z\",\"text\":\"Deployed\",\"deletable\":false,\"replies\":[]},{\"author\":\"Administrator\",\"authorId\":\"GEAR-16720586-e205-40d1-a4b6-f25d5df185a4\",\"date\":\"2016-09-12T12:30:54.963Z\",\"text\":\"Deployed\",\"deletable\":false,\"replies\":[]},{\"author\":\"Administrator\",\"authorId\":\"GEAR-16720586-e205-40d1-a4b6-f25d5df185a4\",\"date\":\"2016-09-12T12:32:34.904Z\",\"text\":\"Deployed\",\"deletable\":false,\"replies\":[]},{\"author\":\"Administrator\",\"authorId\":\"GEAR-16720586-e205-40d1-a4b6-f25d5df185a4\",\"date\":\"2016-09-12T12:41:36.456Z\",\"text\":\"Deployed\",\"deletable\":false,\"replies\":[]},{\"author\":\"Administrator\",\"authorId\":\"GEAR-16720586-e205-40d1-a4b6-f25d5df185a4\",\"date\":\"2016-09-12T12:42:33.197Z\",\"text\":\"Deployed\",\"deletable\":false,\"replies\":[]},{\"author\":\"Administrator\",\"authorId\":\"GEAR-16720586-e205-40d1-a4b6-f25d5df185a4\",\"date\":\"2016-09-12T12:43:53.284Z\",\"text\":\"Deployed\",\"deletable\":false,\"replies\":[]},{\"author\":\"Administrator\",\"authorId\":\"GEAR-16720586-e205-40d1-a4b6-f25d5df185a4\",\"date\":\"2016-09-13T07:04:23.877Z\",\"text\":\"Edited: <br><table><tr><th>Name</th><th>Old value</th><th>New value</th></tr><tr><td>name</td><td>Dashboard Case</td><td>Dashboard Dept 1 Case</td></tr></table><br>\",\"deletable\":false,\"replies\":[]},{\"author\":\"Administrator\",\"authorId\":\"GEAR-16720586-e205-40d1-a4b6-f25d5df185a4\",\"date\":\"2016-09-13T07:04:23.892Z\",\"text\":\"Model edited\",\"deletable\":false,\"replies\":[]},{\"author\":\"Administrator\",\"authorId\":\"GEAR-16720586-e205-40d1-a4b6-f25d5df185a4\",\"date\":\"2016-09-13T07:13:58.402Z\",\"text\":\"Deployed\",\"deletable\":false,\"replies\":[]}]"
  }, {
    "name" : "_lastActionComment",
    "type" : null,
    "value" : null
  }, {
    "name" : "_latestModelRevision",
    "type" : "java.lang.String",
    "value" : "{\"revisionId\":\"1a2d3e33-9d02-42c3-82cf-0e4f99337f77\",\"modelJson\":\"{\\r\\n  \\\"resourceId\\\" : \\\"canvas\\\",\\r\\n  \\\"properties\\\" : {\\r\\n    \\\"xmlTag\\\" : \\\"CASEDiagram\\\",\\r\\n    \\\"targetnamespace\\\" : \\\"Test Workspace\\\",\\r\\n    \\\"id\\\" : \\\"edoras-d9b6605e5724\\\",\\r\\n    \\\"name\\\" : \\\"Dashboard Dept 1 Case\\\",\\r\\n    \\\"documentation\\\" : \\\"\\\",\\r\\n    \\\"stencilid\\\" : \\\"CASEDiagram\\\",\\r\\n    \\\"stencilsuperid\\\" : \\\"CASEDiagram\\\",\\r\\n    \\\"stencilsuperids\\\" : [ \\\"CASEDiagram\\\" ],\\r\\n    \\\"customstencil\\\" : true,\\r\\n    \\\"guid\\\" : \\\"ee11c827-9ef6-4fcc-96de-d9b6605e5724\\\",\\r\\n    \\\"labelexpression\\\" : \\\"\\\",\\r\\n    \\\"version\\\" : \\\"\\\",\\r\\n    \\\"author\\\" : \\\"\\\",\\r\\n    \\\"language\\\" : \\\"English\\\",\\r\\n    \\\"namespaces\\\" : \\\"\\\",\\r\\n    \\\"creationdate\\\" : \\\"\\\",\\r\\n    \\\"modificationdate\\\" : \\\"\\\"\\r\\n  },\\r\\n  \\\"xmlProperties\\\" : [ ],\\r\\n  \\\"pathProperties\\\" : { },\\r\\n  \\\"stencil\\\" : {\\r\\n    \\\"id\\\" : \\\"CASEDiagram\\\"\\r\\n  },\\r\\n  \\\"childShapes\\\" : [ {\\r\\n    \\\"resourceId\\\" : \\\"onecaseplanmodel1\\\",\\r\\n    \\\"properties\\\" : {\\r\\n      \\\"xmlTag\\\" : \\\"CasePlanModel\\\",\\r\\n      \\\"id\\\" : \\\"onecaseplanmodel1\\\",\\r\\n      \\\"name\\\" : \\\"Case plan model\\\",\\r\\n      \\\"documentation\\\" : \\\"\\\",\\r\\n      \\\"stencilid\\\" : \\\"onecaseplanmodel\\\",\\r\\n      \\\"stencilsuperid\\\" : \\\"CasePlanModel\\\",\\r\\n      \\\"stencilsuperids\\\" : [ \\\"CasePlanModel\\\" ],\\r\\n      \\\"customstencil\\\" : true,\\r\\n      \\\"autocomplete\\\" : false,\\r\\n      \\\"bordercolor\\\" : \\\"#000000\\\",\\r\\n      \\\"value\\\" : \\\"\\\",\\r\\n      \\\"bgcolor\\\" : \\\"#ffffff\\\",\\r\\n      \\\"customstencilid\\\" : \\\"onecaseplanmodel\\\",\\r\\n      \\\"customnamespace\\\" : \\\"http://b3mn.org/stencilset/default.case.palette.xml#\\\"\\r\\n    },\\r\\n    \\\"xmlProperties\\\" : [ \\\"name\\\", \\\"name_de_de\\\", \\\"name_de_de-run\\\", \\\"name_en_us\\\", \\\"name_en_us-run\\\", \\\"name_es_es\\\", \\\"name_es_es-run\\\", \\\"name_fr_fr\\\", \\\"name_fr_fr-run\\\", \\\"name-run\\\" ],\\r\\n    \\\"pathProperties\\\" : { },\\r\\n    \\\"stencil\\\" : {\\r\\n      \\\"id\\\" : \\\"CasePlanModel\\\"\\r\\n    },\\r\\n    \\\"childShapes\\\" : [ ],\\r\\n    \\\"outgoing\\\" : [ ],\\r\\n    \\\"bounds\\\" : {\\r\\n      \\\"lowerRight\\\" : {\\r\\n        \\\"x\\\" : 623,\\r\\n        \\\"y\\\" : 265\\r\\n      },\\r\\n      \\\"upperLeft\\\" : {\\r\\n        \\\"x\\\" : 30,\\r\\n        \\\"y\\\" : 45\\r\\n      }\\r\\n    },\\r\\n    \\\"dockers\\\" : [ ]\\r\\n  } ],\\r\\n  \\\"bounds\\\" : {\\r\\n    \\\"lowerRight\\\" : {\\r\\n      \\\"x\\\" : 1485,\\r\\n      \\\"y\\\" : 1050\\r\\n    },\\r\\n    \\\"upperLeft\\\" : {\\r\\n      \\\"x\\\" : 0,\\r\\n      \\\"y\\\" : 0\\r\\n    }\\r\\n  },\\r\\n  \\\"outputmappingproperties\\\" : {\\r\\n    \\\"namespaces\\\" : {\\r\\n      \\\"type\\\" : \\\"complex\\\",\\r\\n      \\\"placeholders\\\" : [ ]\\r\\n    }\\r\\n  },\\r\\n  \\\"stencilset\\\" : {\\r\\n    \\\"url\\\" : \\\"/edoras-one-hosted/vis/editor/stencilsets//case1.0/case1.0.json\\\",\\r\\n    \\\"namespace\\\" : \\\"http://b3mn.org/stencilset/case1.0#\\\"\\r\\n  },\\r\\n  \\\"ssextensions\\\" : [ \\\"http://b3mn.org/stencilset/default.case.palette.xml#\\\" ]\\r\\n}\",\"modelXml\":\"\\u003c?xml version\\u003d\\\"1.0\\\" encoding\\u003d\\\"UTF-8\\\"?\\u003e\\r\\n\\u003ccmmn:definitions xmlns:cmmn\\u003d\\\"http://www.omg.org/spec/CMMN/20131201/MODEL\\\" author\\u003d\\\"\\\" exporterVersion\\u003d\\\"\\\" id\\u003d\\\"edoras-d9b6605e5724\\\" name\\u003d\\\"Dashboard Dept 1 Case\\\" targetNamespace\\u003d\\\"http://www.omg.org/spec/CMMN/20131201/MODEL\\\"\\u003e\\r\\n    \\u003ccmmn:case\\u003e\\r\\n        \\u003ccmmn:casePlanModel autoComplete\\u003d\\\"false\\\" id\\u003d\\\"onecaseplanmodel1\\\" name\\u003d\\\"Case plan model\\\"/\\u003e\\r\\n    \\u003c/cmmn:case\\u003e\\r\\n\\u003c/cmmn:definitions\\u003e\\r\\n\",\"modelSvg\":\"\\u003csvg xmlns\\u003d\\\"http://www.w3.org/2000/svg\\\" xmlns:oryx\\u003d\\\"http://oryx-editor.org\\\" id\\u003d\\\"sid-A5990AF9-A970-4FD6-BBCF-7377BEFA8984\\\" width\\u003d\\\"643\\\" height\\u003d\\\"270\\\" xmlns:xlink\\u003d\\\"http://www.w3.org/1999/xlink\\\" xmlns:svg\\u003d\\\"http://www.w3.org/2000/svg\\\"\\u003e\\u003cdefs/\\u003e\\u003cg stroke\\u003d\\\"black\\\" font-family\\u003d\\\"Verdana, sans-serif\\\" font-size-adjust\\u003d\\\"none\\\" font-style\\u003d\\\"normal\\\" font-variant\\u003d\\\"normal\\\" font-weight\\u003d\\\"normal\\\" line-heigth\\u003d\\\"normal\\\" font-size\\u003d\\\"12\\\"\\u003e\\u003cg class\\u003d\\\"stencils\\\" transform\\u003d\\\"translate(-5, -20)\\\"\\u003e\\u003cg class\\u003d\\\"me\\\"/\\u003e\\u003cg class\\u003d\\\"children\\\"\\u003e\\u003cg id\\u003d\\\"svg-onecaseplanmodel1\\\"\\u003e\\u003cg class\\u003d\\\"stencils\\\" transform\\u003d\\\"translate(30, 45)\\\"\\u003e\\u003cg class\\u003d\\\"me\\\"\\u003e\\u003cg pointer-events\\u003d\\\"fill\\\" oryx:minimumSize\\u003d\\\"580 220\\\" id\\u003d\\\"sid-0A7323A7-0083-4E48-80A4-7BD6E260C677\\\" title\\u003d\\\"Case plan model\\\"\\u003e        \\u003cpath id\\u003d\\\"sid-0A7323A7-0083-4E48-80A4-7BD6E260C677input_dependent\\\" oryx:resize\\u003d\\\"vertical horizontal\\\" d\\u003d\\\" M0 0  L593 0  L593 220  L0 220  L0 0  z\\\" stroke\\u003d\\\"#000000\\\" fill\\u003d\\\"none\\\"/\\u003e           \\u003cpath id\\u003d\\\"sid-0A7323A7-0083-4E48-80A4-7BD6E260C677text_path\\\" d\\u003d\\\" M13 25  L30 4  L268 4  L284 25 \\\" stroke\\u003d\\\"#000000\\\" fill\\u003d\\\"none\\\" transform\\u003d\\\"translate(0,-25)\\\" oryx:anchors\\u003d\\\"top left\\\"/\\u003e         \\u003ctext id\\u003d\\\"sid-0A7323A7-0083-4E48-80A4-7BD6E260C677text_name\\\" font-size\\u003d\\\"12\\\" x\\u003d\\\"143\\\" y\\u003d\\\"-12\\\" oryx:fittoelem\\u003d\\\"text_path\\\" oryx:anchors\\u003d\\\"top left\\\" oryx:align\\u003d\\\"middle center\\\" stroke\\u003d\\\"black\\\" stroke-width\\u003d\\\"0pt\\\" letter-spacing\\u003d\\\"-0.01px\\\" transform\\u003d\\\"rotate(0 143 -12)\\\" oryx:fontSize\\u003d\\\"12\\\" text-anchor\\u003d\\\"middle\\\"\\u003e\\u003ctspan x\\u003d\\\"143\\\" y\\u003d\\\"-12\\\" dy\\u003d\\\"5\\\" id\\u003d\\\"ext-gen596\\\"\\u003eCase plan model\\u003c/tspan\\u003e\\u003c/text\\u003e    \\u003cg id\\u003d\\\"sid-0A7323A7-0083-4E48-80A4-7BD6E260C677autoComplete\\\" display\\u003d\\\"none\\\" stroke\\u003d\\\"#000000\\\"\\u003e         \\u003cpath d\\u003d\\\" M283 201  L295 201  L295 217  L283 217  L283 203  z\\\" oryx:anchors\\u003d\\\"bottom center\\\" id\\u003d\\\"sid-0A7323A7-0083-4E48-80A4-7BD6E260C677_sid-0A7323A7-0083-4E48-80A4-7BD6E260C677_2\\\"/\\u003e    \\u003c/g\\u003e       \\u003c/g\\u003e\\u003c/g\\u003e\\u003cg class\\u003d\\\"children\\\" style\\u003d\\\"overflow:hidden\\\"/\\u003e\\u003cg class\\u003d\\\"edge\\\"/\\u003e\\u003c/g\\u003e\\u003cg class\\u003d\\\"controls\\\"\\u003e\\u003cg class\\u003d\\\"dockers\\\"/\\u003e\\u003cg class\\u003d\\\"magnets\\\" transform\\u003d\\\"translate(30, 45)\\\"\\u003e\\u003cg pointer-events\\u003d\\\"all\\\" display\\u003d\\\"none\\\" transform\\u003d\\\"translate(288.5, 102)\\\"\\u003e\\u003ccircle cx\\u003d\\\"8\\\" cy\\u003d\\\"8\\\" r\\u003d\\\"4\\\" stroke\\u003d\\\"none\\\" fill\\u003d\\\"red\\\" fill-opacity\\u003d\\\"0.3\\\"/\\u003e\\u003c/g\\u003e\\u003c/g\\u003e\\u003c/g\\u003e\\u003c/g\\u003e\\u003c/g\\u003e\\u003cg class\\u003d\\\"edge\\\"/\\u003e\\u003c/g\\u003e\\u003c/g\\u003e\\u003c/svg\\u003e\",\"modelRevisionTime\":\"1473750263862\",\"comment\":\"\"}"
  }, {
    "name" : "adhocDocuments",
    "type" : "java.util.List",
    "value" : [ ]
  }, {
    "name" : "adhocProcesses",
    "type" : "java.util.List",
    "value" : [ ]
  }, {
    "name" : "adhocTasks",
    "type" : "java.util.List",
    "value" : [ ]
  }, {
    "name" : "allowedActions",
    "type" : "java.util.List",
    "value" : [ ]
  }, {
    "name" : "autostartDocuments",
    "type" : "java.util.List",
    "value" : [ ]
  }, {
    "name" : "autostartProcesses",
    "type" : "java.util.List",
    "value" : [ ]
  }, {
    "name" : "autostartTasks",
    "type" : "java.util.List",
    "value" : [ ]
  }, {
    "name" : "description",
    "type" : null,
    "value" : null
  }, {
    "name" : "guid",
    "type" : "java.lang.String",
    "value" : "ee11c827-9ef6-4fcc-96de-d9b6605e5724"
  }, {
    "name" : "initForm",
    "type" : null,
    "value" : null
  }, {
    "name" : "initialCandidateGroups",
    "type" : "java.util.List",
    "value" : [ "GEAR-2ff11478-6f64-4302-803b-48c301e5889e" ]
  }, {
    "name" : "key",
    "type" : "java.lang.String",
    "value" : "edoras-d9b6605e5724"
  }, {
    "name" : "modelType",
    "type" : "java.lang.String",
    "value" : "adaptive"
  }, {
    "name" : "workForm",
    "type" : "java.lang.String",
    "value" : "edoras-a12f0ec21d37"
  } ],
  "stateUpdateTime" : null,
  "subStateUpdateTime" : "2016-09-13T07:13:58.406Z",
  "ownerId" : "GEAR-16720586-e205-40d1-a4b6-f25d5df185a4",
  "assigneeId" : "GEAR-16720586-e205-40d1-a4b6-f25d5df185a4",
  "initialAssigneeId" : "GEAR-16720586-e205-40d1-a4b6-f25d5df185a4",
  "previousAssigneeId" : null,
  "assignedGroupId" : null,
  "initialAssignedGroupId" : null,
  "previousAssignedGroupId" : null,
  "candidateUserIds" : [ ],
  "candidateGroupIds" : [ "GEAR-486911b3-223a-463a-aab3-05cd153ea3d6" ],
  "priority" : null,
  "resubmissionTime" : null,
  "dueTime" : null,
  "assigneeIdUpdateTime" : null,
  "assignedGroupIdUpdateTime" : null,
  "path" : [ "WRK(GEAR-f636140a-4a59-4e5d-b823-7171150d31cf)", "WRK(GEAR-53b971ac-add3-49b1-a23b-d0df2489701a)" ]
}