{
  "_entityClassifier" : "WRK",
  "id" : "WRK(GEAR-48ac0c24-2a14-4f4b-b9a3-eab8ecbcb75f)",
  "globalId" : "APP_MODEL-73bd2a90-46d6-45a3-a977-693ebb1c69c3",
  "externalId" : "WRK(23dbfcf5-316a-4688-b035-d380c325fd81)",
  "providerId" : "com.edorasware.cloud.core.provider.model.AppModelProvider",
  "tenantId" : "48b5f668-46b3-428c-850b-f4e1a62cccc3",
  "name" : "Valais Demo",
  "creationTime" : "2016-09-12T09:10:39.759Z",
  "updateTime" : "2016-09-13T11:14:54.982Z",
  "type" : "APP_MODEL",
  "modificationVersion" : 125,
  "modificationCreatorId" : "GEAR-16720586-e205-40d1-a4b6-f25d5df185a4",
  "modificationUpdaterId" : "GEAR-16720586-e205-40d1-a4b6-f25d5df185a4",
  "definitionId" : "GEAR-48ef952c-9d4f-4f67-af3f-e852773cca32",
  "state" : "ACTIVE",
  "subState" : "PENDING",
  "variables" : [ {
    "name" : "_appVersionId",
    "type" : "java.lang.String",
    "value" : "1e806ee3-8872-4808-b857-fdfc54ed6d5f"
  }, {
    "name" : "_appVersionTimestamp",
    "type" : "java.util.Date",
    "value" : "2016-09-13T11:14:54.967Z"
  }, {
    "name" : "_appliedPatches",
    "type" : "java.lang.String",
    "value" : "1.5.0.S79-add-forms-variables,1.5.0.S91-app-global-id"
  }, {
    "name" : "_comment",
    "type" : "java.lang.String",
    "value" : "[{\"author\":\"Administrator\",\"authorId\":\"GEAR-16720586-e205-40d1-a4b6-f25d5df185a4\",\"date\":\"2016-09-12T09:10:39.772Z\",\"text\":\"Created\",\"deletable\":false,\"replies\":[]},{\"author\":\"Administrator\",\"authorId\":\"GEAR-16720586-e205-40d1-a4b6-f25d5df185a4\",\"date\":\"2016-09-12T11:26:07.329Z\",\"text\":\"Model edited\",\"deletable\":false,\"replies\":[]},{\"author\":\"Administrator\",\"authorId\":\"GEAR-16720586-e205-40d1-a4b6-f25d5df185a4\",\"date\":\"2016-09-12T11:26:07.908Z\",\"text\":\"Deployed\",\"deletable\":false,\"replies\":[]},{\"author\":\"Administrator\",\"authorId\":\"GEAR-16720586-e205-40d1-a4b6-f25d5df185a4\",\"date\":\"2016-09-12T11:36:57.338Z\",\"text\":\"Model edited\",\"deletable\":false,\"replies\":[]},{\"author\":\"Administrator\",\"authorId\":\"GEAR-16720586-e205-40d1-a4b6-f25d5df185a4\",\"date\":\"2016-09-12T11:36:58.436Z\",\"text\":\"Deployed\",\"deletable\":false,\"replies\":[]},{\"author\":\"Administrator\",\"authorId\":\"GEAR-16720586-e205-40d1-a4b6-f25d5df185a4\",\"date\":\"2016-09-12T11:38:48.004Z\",\"text\":\"Edited: <br><table><tr><th>Name</th><th>Old value</th><th>New value</th></tr><tr><td>owner</td><td></td><td>{id=GEAR-16720586-e205-40d1-a4b6-f25d5df185a4, title=Administrator, value=GEAR-1...</td></tr><tr><td>assignee</td><td></td><td>{id=GEAR-16720586-e205-40d1-a4b6-f25d5df185a4, title=Administrator, value=GEAR-1...</td></tr></table><br>\",\"deletable\":false,\"replies\":[]},{\"author\":\"Administrator\",\"authorId\":\"GEAR-16720586-e205-40d1-a4b6-f25d5df185a4\",\"date\":\"2016-09-12T11:38:58.383Z\",\"text\":\"Model edited\",\"deletable\":false,\"replies\":[]},{\"author\":\"Administrator\",\"authorId\":\"GEAR-16720586-e205-40d1-a4b6-f25d5df185a4\",\"date\":\"2016-09-12T11:38:58.909Z\",\"text\":\"Deployed\",\"deletable\":false,\"replies\":[]},{\"author\":\"Administrator\",\"authorId\":\"GEAR-16720586-e205-40d1-a4b6-f25d5df185a4\",\"date\":\"2016-09-12T11:57:01.305Z\",\"text\":\"Model edited\",\"deletable\":false,\"replies\":[]},{\"author\":\"Administrator\",\"authorId\":\"GEAR-16720586-e205-40d1-a4b6-f25d5df185a4\",\"date\":\"2016-09-12T11:57:02.397Z\",\"text\":\"Deployed\",\"deletable\":false,\"replies\":[]},{\"author\":\"Administrator\",\"authorId\":\"GEAR-16720586-e205-40d1-a4b6-f25d5df185a4\",\"date\":\"2016-09-12T12:04:47.231Z\",\"text\":\"Model edited\",\"deletable\":false,\"replies\":[]},{\"author\":\"Administrator\",\"authorId\":\"GEAR-16720586-e205-40d1-a4b6-f25d5df185a4\",\"date\":\"2016-09-12T12:04:47.624Z\",\"text\":\"Deployed\",\"deletable\":false,\"replies\":[]},{\"author\":\"Administrator\",\"authorId\":\"GEAR-16720586-e205-40d1-a4b6-f25d5df185a4\",\"date\":\"2016-09-12T12:51:29.075Z\",\"text\":\"Model edited\",\"deletable\":false,\"replies\":[]},{\"author\":\"Administrator\",\"authorId\":\"GEAR-16720586-e205-40d1-a4b6-f25d5df185a4\",\"date\":\"2016-09-12T12:51:29.854Z\",\"text\":\"Deployed\",\"deletable\":false,\"replies\":[]},{\"author\":\"Administrator\",\"authorId\":\"GEAR-16720586-e205-40d1-a4b6-f25d5df185a4\",\"date\":\"2016-09-12T13:09:47.823Z\",\"text\":\"Model edited\",\"deletable\":false,\"replies\":[]},{\"author\":\"Administrator\",\"authorId\":\"GEAR-16720586-e205-40d1-a4b6-f25d5df185a4\",\"date\":\"2016-09-12T13:09:48.224Z\",\"text\":\"Deployed\",\"deletable\":false,\"replies\":[]},{\"author\":\"Administrator\",\"authorId\":\"GEAR-16720586-e205-40d1-a4b6-f25d5df185a4\",\"date\":\"2016-09-12T13:14:28.844Z\",\"text\":\"Model edited\",\"deletable\":false,\"replies\":[]},{\"author\":\"Administrator\",\"authorId\":\"GEAR-16720586-e205-40d1-a4b6-f25d5df185a4\",\"date\":\"2016-09-12T13:14:29.272Z\",\"text\":\"Deployed\",\"deletable\":false,\"replies\":[]},{\"author\":\"Administrator\",\"authorId\":\"GEAR-16720586-e205-40d1-a4b6-f25d5df185a4\",\"date\":\"2016-09-12T13:17:16.825Z\",\"text\":\"Model edited\",\"deletable\":false,\"replies\":[]},{\"author\":\"Administrator\",\"authorId\":\"GEAR-16720586-e205-40d1-a4b6-f25d5df185a4\",\"date\":\"2016-09-12T13:17:17.191Z\",\"text\":\"Deployed\",\"deletable\":false,\"replies\":[]},{\"author\":\"Administrator\",\"authorId\":\"GEAR-16720586-e205-40d1-a4b6-f25d5df185a4\",\"date\":\"2016-09-12T13:19:42.198Z\",\"text\":\"Model edited\",\"deletable\":false,\"replies\":[]},{\"author\":\"Administrator\",\"authorId\":\"GEAR-16720586-e205-40d1-a4b6-f25d5df185a4\",\"date\":\"2016-09-12T13:19:42.599Z\",\"text\":\"Deployed\",\"deletable\":false,\"replies\":[]},{\"author\":\"Administrator\",\"authorId\":\"GEAR-16720586-e205-40d1-a4b6-f25d5df185a4\",\"date\":\"2016-09-12T13:24:42.267Z\",\"text\":\"Model edited\",\"deletable\":false,\"replies\":[]},{\"author\":\"Administrator\",\"authorId\":\"GEAR-16720586-e205-40d1-a4b6-f25d5df185a4\",\"date\":\"2016-09-12T13:24:43.936Z\",\"text\":\"Deployed\",\"deletable\":false,\"replies\":[]},{\"author\":\"Administrator\",\"authorId\":\"GEAR-16720586-e205-40d1-a4b6-f25d5df185a4\",\"date\":\"2016-09-12T13:29:15.517Z\",\"text\":\"Model edited\",\"deletable\":false,\"replies\":[]},{\"author\":\"Administrator\",\"authorId\":\"GEAR-16720586-e205-40d1-a4b6-f25d5df185a4\",\"date\":\"2016-09-12T13:29:16.164Z\",\"text\":\"Deployed\",\"deletable\":false,\"replies\":[]},{\"author\":\"Administrator\",\"authorId\":\"GEAR-16720586-e205-40d1-a4b6-f25d5df185a4\",\"date\":\"2016-09-12T13:31:18.774Z\",\"text\":\"Model edited\",\"deletable\":false,\"replies\":[]},{\"author\":\"Administrator\",\"authorId\":\"GEAR-16720586-e205-40d1-a4b6-f25d5df185a4\",\"date\":\"2016-09-12T13:31:19.317Z\",\"text\":\"Deployed\",\"deletable\":false,\"replies\":[]},{\"author\":\"Administrator\",\"authorId\":\"GEAR-16720586-e205-40d1-a4b6-f25d5df185a4\",\"date\":\"2016-09-12T13:32:27.801Z\",\"text\":\"Model edited\",\"deletable\":false,\"replies\":[]},{\"author\":\"Administrator\",\"authorId\":\"GEAR-16720586-e205-40d1-a4b6-f25d5df185a4\",\"date\":\"2016-09-12T13:32:28.300Z\",\"text\":\"Deployed\",\"deletable\":false,\"replies\":[]},{\"author\":\"Administrator\",\"authorId\":\"GEAR-16720586-e205-40d1-a4b6-f25d5df185a4\",\"date\":\"2016-09-12T13:34:15.536Z\",\"text\":\"Model edited\",\"deletable\":false,\"replies\":[]},{\"author\":\"Administrator\",\"authorId\":\"GEAR-16720586-e205-40d1-a4b6-f25d5df185a4\",\"date\":\"2016-09-12T13:34:16.058Z\",\"text\":\"Deployed\",\"deletable\":false,\"replies\":[]},{\"author\":\"Administrator\",\"authorId\":\"GEAR-16720586-e205-40d1-a4b6-f25d5df185a4\",\"date\":\"2016-09-12T13:40:35.439Z\",\"text\":\"Model edited\",\"deletable\":false,\"replies\":[]},{\"author\":\"Administrator\",\"authorId\":\"GEAR-16720586-e205-40d1-a4b6-f25d5df185a4\",\"date\":\"2016-09-12T13:40:36.052Z\",\"text\":\"Deployed\",\"deletable\":false,\"replies\":[]},{\"author\":\"Administrator\",\"authorId\":\"GEAR-16720586-e205-40d1-a4b6-f25d5df185a4\",\"date\":\"2016-09-12T13:52:38.737Z\",\"text\":\"Model edited\",\"deletable\":false,\"replies\":[]},{\"author\":\"Administrator\",\"authorId\":\"GEAR-16720586-e205-40d1-a4b6-f25d5df185a4\",\"date\":\"2016-09-12T13:52:39.187Z\",\"text\":\"Deployed\",\"deletable\":false,\"replies\":[]},{\"author\":\"Administrator\",\"authorId\":\"GEAR-16720586-e205-40d1-a4b6-f25d5df185a4\",\"date\":\"2016-09-12T15:27:07.810Z\",\"text\":\"Model edited\",\"deletable\":false,\"replies\":[]},{\"author\":\"Administrator\",\"authorId\":\"GEAR-16720586-e205-40d1-a4b6-f25d5df185a4\",\"date\":\"2016-09-12T15:27:08.405Z\",\"text\":\"Deployed\",\"deletable\":false,\"replies\":[]},{\"author\":\"Administrator\",\"authorId\":\"GEAR-16720586-e205-40d1-a4b6-f25d5df185a4\",\"date\":\"2016-09-12T15:27:59.822Z\",\"text\":\"Model edited\",\"deletable\":false,\"replies\":[]},{\"author\":\"Administrator\",\"authorId\":\"GEAR-16720586-e205-40d1-a4b6-f25d5df185a4\",\"date\":\"2016-09-12T15:28:00.399Z\",\"text\":\"Deployed\",\"deletable\":false,\"replies\":[]},{\"author\":\"Administrator\",\"authorId\":\"GEAR-16720586-e205-40d1-a4b6-f25d5df185a4\",\"date\":\"2016-09-12T15:37:19.842Z\",\"text\":\"Model edited\",\"deletable\":false,\"replies\":[]},{\"author\":\"Administrator\",\"authorId\":\"GEAR-16720586-e205-40d1-a4b6-f25d5df185a4\",\"date\":\"2016-09-12T15:37:20.328Z\",\"text\":\"Deployed\",\"deletable\":false,\"replies\":[]},{\"author\":\"Administrator\",\"authorId\":\"GEAR-16720586-e205-40d1-a4b6-f25d5df185a4\",\"date\":\"2016-09-12T15:42:03.196Z\",\"text\":\"Model edited\",\"deletable\":false,\"replies\":[]},{\"author\":\"Administrator\",\"authorId\":\"GEAR-16720586-e205-40d1-a4b6-f25d5df185a4\",\"date\":\"2016-09-12T15:42:03.648Z\",\"text\":\"Deployed\",\"deletable\":false,\"replies\":[]},{\"author\":\"Administrator\",\"authorId\":\"GEAR-16720586-e205-40d1-a4b6-f25d5df185a4\",\"date\":\"2016-09-12T15:51:03.167Z\",\"text\":\"Model edited\",\"deletable\":false,\"replies\":[]},{\"author\":\"Administrator\",\"authorId\":\"GEAR-16720586-e205-40d1-a4b6-f25d5df185a4\",\"date\":\"2016-09-12T15:51:03.687Z\",\"text\":\"Deployed\",\"deletable\":false,\"replies\":[]},{\"author\":\"Administrator\",\"authorId\":\"GEAR-16720586-e205-40d1-a4b6-f25d5df185a4\",\"date\":\"2016-09-12T15:56:10.025Z\",\"text\":\"Model edited\",\"deletable\":false,\"replies\":[]},{\"author\":\"Administrator\",\"authorId\":\"GEAR-16720586-e205-40d1-a4b6-f25d5df185a4\",\"date\":\"2016-09-12T15:56:10.544Z\",\"text\":\"Deployed\",\"deletable\":false,\"replies\":[]},{\"author\":\"Administrator\",\"authorId\":\"GEAR-16720586-e205-40d1-a4b6-f25d5df185a4\",\"date\":\"2016-09-12T16:08:35.414Z\",\"text\":\"Model edited\",\"deletable\":false,\"replies\":[]},{\"author\":\"Administrator\",\"authorId\":\"GEAR-16720586-e205-40d1-a4b6-f25d5df185a4\",\"date\":\"2016-09-12T16:08:35.894Z\",\"text\":\"Deployed\",\"deletable\":false,\"replies\":[]},{\"author\":\"Administrator\",\"authorId\":\"GEAR-16720586-e205-40d1-a4b6-f25d5df185a4\",\"date\":\"2016-09-12T16:09:41.397Z\",\"text\":\"Model edited\",\"deletable\":false,\"replies\":[]},{\"author\":\"Administrator\",\"authorId\":\"GEAR-16720586-e205-40d1-a4b6-f25d5df185a4\",\"date\":\"2016-09-12T16:09:41.987Z\",\"text\":\"Deployed\",\"deletable\":false,\"replies\":[]},{\"author\":\"Administrator\",\"authorId\":\"GEAR-16720586-e205-40d1-a4b6-f25d5df185a4\",\"date\":\"2016-09-12T16:12:34.686Z\",\"text\":\"Model edited\",\"deletable\":false,\"replies\":[]},{\"author\":\"Administrator\",\"authorId\":\"GEAR-16720586-e205-40d1-a4b6-f25d5df185a4\",\"date\":\"2016-09-12T16:12:35.134Z\",\"text\":\"Deployed\",\"deletable\":false,\"replies\":[]},{\"author\":\"Administrator\",\"authorId\":\"GEAR-16720586-e205-40d1-a4b6-f25d5df185a4\",\"date\":\"2016-09-12T16:21:30.497Z\",\"text\":\"Model edited\",\"deletable\":false,\"replies\":[]},{\"author\":\"Administrator\",\"authorId\":\"GEAR-16720586-e205-40d1-a4b6-f25d5df185a4\",\"date\":\"2016-09-12T16:21:30.952Z\",\"text\":\"Deployed\",\"deletable\":false,\"replies\":[]},{\"author\":\"Administrator\",\"authorId\":\"GEAR-16720586-e205-40d1-a4b6-f25d5df185a4\",\"date\":\"2016-09-12T18:45:27.989Z\",\"text\":\"Model edited\",\"deletable\":false,\"replies\":[]},{\"author\":\"Administrator\",\"authorId\":\"GEAR-16720586-e205-40d1-a4b6-f25d5df185a4\",\"date\":\"2016-09-12T18:45:28.514Z\",\"text\":\"Deployed\",\"deletable\":false,\"replies\":[]},{\"author\":\"Administrator\",\"authorId\":\"GEAR-16720586-e205-40d1-a4b6-f25d5df185a4\",\"date\":\"2016-09-13T06:32:27.857Z\",\"text\":\"Model edited\",\"deletable\":false,\"replies\":[]},{\"author\":\"Administrator\",\"authorId\":\"GEAR-16720586-e205-40d1-a4b6-f25d5df185a4\",\"date\":\"2016-09-13T06:32:28.337Z\",\"text\":\"Deployed\",\"deletable\":false,\"replies\":[]},{\"author\":\"Administrator\",\"authorId\":\"GEAR-16720586-e205-40d1-a4b6-f25d5df185a4\",\"date\":\"2016-09-13T07:18:33.427Z\",\"text\":\"Model edited\",\"deletable\":false,\"replies\":[]},{\"author\":\"Administrator\",\"authorId\":\"GEAR-16720586-e205-40d1-a4b6-f25d5df185a4\",\"date\":\"2016-09-13T07:18:33.855Z\",\"text\":\"Deployed\",\"deletable\":false,\"replies\":[]}]"
  }, {
    "name" : "_isModified",
    "type" : "java.lang.Boolean",
    "value" : false
  }, {
    "name" : "_lastActionComment",
    "type" : null,
    "value" : null
  }, {
    "name" : "_revisionHistory",
    "type" : "java.lang.String",
    "value" : "[ {\r\n  \"id\" : \"1e806ee3-8872-4808-b857-fdfc54ed6d5f\",\r\n  \"host\" : \"http://localhost:8080/acme\",\r\n  \"userName\" : \"Administrator\",\r\n  \"changeComment\" : \"Manual download\",\r\n  \"timestamp\" : \"2016-09-13T11:14:54.967Z\"\r\n} ]"
  }, {
    "name" : "assignee",
    "type" : "java.util.Map",
    "value" : {
      "id" : "GEAR-16720586-e205-40d1-a4b6-f25d5df185a4",
      "title" : "Administrator",
      "value" : "GEAR-16720586-e205-40d1-a4b6-f25d5df185a4",
      "properties" : {
        "memberGroups" : [ "GEAR-85a85daf-0e5b-4aeb-ad9f-4cdf96c98e86", "GEAR-2d72fc8d-814b-4e09-979e-6f4528552dd9", "GEAR-486911b3-223a-463a-aab3-05cd153ea3d6", "GEAR-45313ee8-1a2b-4eb4-bf83-33677abdf515", "GEAR-0f25cef3-8624-4db4-a800-c9a64c8d324a", "GEAR-a9b2afeb-cdf6-4fdf-94ee-280e6605350d" ]
      },
      "name" : "Administrator"
    }
  }, {
    "name" : "description",
    "type" : null,
    "value" : null
  }, {
    "name" : "key",
    "type" : "java.lang.String",
    "value" : "edoras-8344b4ccd35d"
  }, {
    "name" : "mappings",
    "type" : "java.util.Map",
    "value" : {
      "workItemMappings" : [ ],
      "propertyMappings" : [ ]
    }
  }, {
    "name" : "owner",
    "type" : "java.util.Map",
    "value" : {
      "id" : "GEAR-16720586-e205-40d1-a4b6-f25d5df185a4",
      "title" : "Administrator",
      "value" : "GEAR-16720586-e205-40d1-a4b6-f25d5df185a4",
      "properties" : {
        "memberGroups" : [ "GEAR-85a85daf-0e5b-4aeb-ad9f-4cdf96c98e86", "GEAR-2d72fc8d-814b-4e09-979e-6f4528552dd9", "GEAR-486911b3-223a-463a-aab3-05cd153ea3d6", "GEAR-45313ee8-1a2b-4eb4-bf83-33677abdf515", "GEAR-0f25cef3-8624-4db4-a800-c9a64c8d324a", "GEAR-a9b2afeb-cdf6-4fdf-94ee-280e6605350d" ]
      },
      "name" : "Administrator"
    }
  }, {
    "name" : "primaryLanguage",
    "type" : "java.lang.String",
    "value" : "fr"
  }, {
    "name" : "secondaryLanguages",
    "type" : "java.util.List",
    "value" : [ ]
  } ],
  "stateUpdateTime" : null,
  "subStateUpdateTime" : "2016-09-13T07:19:25.028Z",
  "ownerId" : "GEAR-16720586-e205-40d1-a4b6-f25d5df185a4",
  "assigneeId" : "GEAR-16720586-e205-40d1-a4b6-f25d5df185a4",
  "initialAssigneeId" : "GEAR-16720586-e205-40d1-a4b6-f25d5df185a4",
  "previousAssigneeId" : null,
  "assignedGroupId" : null,
  "initialAssignedGroupId" : null,
  "previousAssignedGroupId" : null,
  "candidateUserIds" : [ ],
  "candidateGroupIds" : [ "GEAR-486911b3-223a-463a-aab3-05cd153ea3d6" ],
  "priority" : null,
  "resubmissionTime" : null,
  "dueTime" : null,
  "assigneeIdUpdateTime" : null,
  "assignedGroupIdUpdateTime" : null,
  "path" : [ "WRK(GEAR-48ac0c24-2a14-4f4b-b9a3-eab8ecbcb75f)" ]
}