{
  "resourceId" : "canvas",
  "properties" : {
    "stencilsuperids" : [ "XForm" ],
    "stencilid" : "XForm",
    "xmlTag" : "XForm",
    "customstencil" : true,
    "name" : "Department 3 Verification",
    "stencilsuperid" : "XForm",
    "id" : "edoras-064711e4f948",
    "guid" : "GEAR-4e60c5dd-1a28-4585-ad33-d7ed9e149788",
    "stylesheet" : ""
  },
  "xmlProperties" : [ ],
  "pathProperties" : {
    "id" : "id"
  },
  "stencil" : {
    "id" : "XForm"
  },
  "childShapes" : [ {
    "resourceId" : "panel1",
    "properties" : {
      "col" : "1",
      "enabled-run" : "",
      "visible-run" : "",
      "row-span" : "1",
      "title" : "",
      "collapsible" : "false",
      "enabled" : "true",
      "stencilsuperids" : [ "SlotPanel" ],
      "expanded" : "false",
      "col-span" : "1",
      "stencilsuperid" : "SlotPanel",
      "row" : "1",
      "row-weight" : "0",
      "height" : "",
      "stencilid" : "SlotPanel",
      "visible" : "true",
      "customstencil" : true,
      "row-align" : "top",
      "oldresourceid" : "sid-8D9FC954-EB33-4C05-ADF0-5706EF50E974",
      "xmlTag" : "panel",
      "col-align" : "fill",
      "title-run" : "",
      "style-class" : "",
      "col-weight" : "0",
      "id" : "panel1",
      "width" : "300"
    },
    "xmlProperties" : [ ],
    "pathProperties" : {
      "id" : "id"
    },
    "stencil" : {
      "id" : "SlotPanel"
    },
    "childShapes" : [ {
      "resourceId" : "cloud-output1",
      "properties" : {
        "row-span" : 1,
        "stencilsuperids" : [ "Component" ],
        "stencilsuperid" : "Output",
        "stencilid" : "cloud-output",
        "customstencil" : true,
        "xmlTag" : "textarea",
        "id" : "cloud-output1",
        "width" : "200",
        "col" : 1,
        "col-align" : "fill",
        "col-weight" : "",
        "row" : 1,
        "row-align" : "top",
        "row-weight" : "",
        "enabled" : true,
        "enabled-run" : "",
        "size" : 12,
        "label-align" : "top-left",
        "description-position" : "bottom",
        "description-align" : "left",
        "label-position" : "left",
        "description" : "",
        "description_fr_fr" : "",
        "documentation" : "",
        "col-span" : "1",
        "visible" : true,
        "visible-run" : "",
        "style-class" : "",
        "bordercolor" : "#000000",
        "node-type" : "textarea",
        "height" : "",
        "label" : "",
        "label_fr_fr" : "",
        "value" : "User VerificationVerify user is permitted by Department 3 to register with Department 1Basic Information{{root.name}}Address:{{root.street}} {{root.houseNumber}}{{root.code}} {{root.place}}",
        "value_fr_fr" : "User VerificationVerify user is permitted by Department 3 to register with Department 1Basic Information{{root.name}}Address:{{root.street}} {{root.houseNumber}}{{root.code}} {{root.place}}",
        "default-value" : "false",
        "max-length" : "",
        "rich-text" : true,
        "editable" : false,
        "required" : false,
        "customstencilid" : "cloud-output",
        "customnamespace" : "http://b3mn.org/stencilset/default.form.palette.xml#"
      },
      "xmlProperties" : [ ],
      "pathProperties" : {
        "id" : "id",
        "description-position" : "helpMessage.position",
        "label-position" : "labelAlign",
        "description" : "helpMessage.text",
        "description_fr_fr" : "i18n.fr.helpMessage.text",
        "col-span" : "size",
        "visible" : "isVisible",
        "visible-run" : "isVisible",
        "style-class" : "styleClass",
        "node-type" : "type",
        "height" : "height",
        "label" : "label",
        "label_fr_fr" : "i18n.fr.label",
        "value" : "value",
        "value_fr_fr" : "i18n.fr.value",
        "default-value" : "defaultValue",
        "rich-text" : "extraSettings.richEditorDisplay",
        "editable" : "editable",
        "required" : "isRequired"
      },
      "stencil" : {
        "id" : "Output"
      },
      "childShapes" : [ ],
      "outgoing" : [ ],
      "bounds" : {
        "lowerRight" : {
          "x" : 984,
          "y" : 75
        },
        "upperLeft" : {
          "x" : 15,
          "y" : 25
        }
      },
      "dockers" : [ ],
      "formats" : {
        "value_fr_fr" : [ {
          "from" : 0,
          "to" : 17,
          "tag" : "h1"
        }, {
          "from" : 17,
          "to" : 87,
          "tag" : "p"
        }, {
          "from" : 87,
          "to" : 104,
          "tag" : "h2"
        }, {
          "from" : 104,
          "to" : 117,
          "tag" : "p"
        }, {
          "from" : 104,
          "to" : 117,
          "tag" : "span",
          "style" : {
            "font-size" : "14px"
          }
        }, {
          "from" : 104,
          "to" : 117,
          "tag" : "b"
        }, {
          "from" : 117,
          "to" : 125,
          "tag" : "p"
        }, {
          "from" : 117,
          "to" : 125,
          "tag" : "span",
          "style" : {
            "font-size" : "14px"
          }
        }, {
          "from" : 125,
          "to" : 161,
          "tag" : "p"
        }, {
          "from" : 125,
          "to" : 161,
          "tag" : "span",
          "style" : {
            "font-size" : "11px"
          }
        }, {
          "from" : 161,
          "to" : 189,
          "tag" : "p"
        }, {
          "from" : 161,
          "to" : 189,
          "tag" : "span",
          "style" : {
            "font-size" : "11px"
          }
        } ],
        "value" : [ {
          "from" : 0,
          "to" : 17,
          "tag" : "h1"
        }, {
          "from" : 17,
          "to" : 87,
          "tag" : "p"
        }, {
          "from" : 87,
          "to" : 104,
          "tag" : "h2"
        }, {
          "from" : 104,
          "to" : 117,
          "tag" : "p"
        }, {
          "from" : 104,
          "to" : 117,
          "tag" : "span",
          "style" : {
            "font-size" : "14px"
          }
        }, {
          "from" : 104,
          "to" : 117,
          "tag" : "b"
        }, {
          "from" : 117,
          "to" : 125,
          "tag" : "p"
        }, {
          "from" : 117,
          "to" : 125,
          "tag" : "span",
          "style" : {
            "font-size" : "14px"
          }
        }, {
          "from" : 125,
          "to" : 161,
          "tag" : "p"
        }, {
          "from" : 125,
          "to" : 161,
          "tag" : "span",
          "style" : {
            "font-size" : "11px"
          }
        }, {
          "from" : 161,
          "to" : 189,
          "tag" : "p"
        }, {
          "from" : 161,
          "to" : 189,
          "tag" : "span",
          "style" : {
            "font-size" : "11px"
          }
        } ]
      },
      "labels" : [ {
        "styles" : {
          "fill" : "#000000",
          "size" : "12",
          "italic" : false,
          "bold" : false
        },
        "ref" : "label_text"
      }, {
        "styles" : {
          "fill" : "#000000",
          "size" : "12",
          "italic" : false,
          "bold" : false
        },
        "ref" : "input_text"
      }, {
        "styles" : {
          "fill" : "#000000",
          "size" : "12",
          "italic" : false,
          "bold" : false
        },
        "ref" : "desc_text"
      } ]
    }, {
      "resourceId" : "cloud-radiobuttons1",
      "properties" : {
        "id" : "cloud-radiobuttons1",
        "width" : "200",
        "height" : "",
        "col" : 1,
        "col-align" : "fill",
        "col-weight" : "",
        "row" : 2,
        "row-align" : "top",
        "row-weight" : "",
        "enabled" : true,
        "enabled-run" : "",
        "size" : 12,
        "label-align" : "top-left",
        "description-position" : "bottom",
        "description-align" : "left",
        "label" : "",
        "label_fr_fr" : "",
        "label-position" : "left",
        "value" : "{{root.approval}}",
        "default-value" : "rejected",
        "description" : "",
        "description_fr_fr" : "",
        "documentation" : "",
        "col-span" : "1",
        "visible" : true,
        "visible-run" : "",
        "editable" : true,
        "editable-run" : "",
        "style-class" : "",
        "required" : true,
        "bordercolor" : "#000000",
        "node-type" : "radio",
        "radiobutton-configuration" : {
          "totalCount" : 2,
          "items" : [ {
            "name" : "RadioButton 1",
            "value" : "radio"
          }, {
            "name" : "RadioButton 2",
            "value" : "radio"
          } ]
        },
        "options" : {
          "totalCount" : 2,
          "items" : [ {
            "name" : "Approved",
            "value" : "approved"
          }, {
            "name" : "Rejected",
            "value" : "rejected"
          } ]
        },
        "options_fr_fr" : {
          "totalCount" : 2,
          "items" : [ {
            "name" : "Approved",
            "value" : "approved"
          }, {
            "name" : "Rejected",
            "value" : "rejected"
          } ]
        },
        "orientation" : "Horizontal",
        "customstencilid" : "cloud-radiobuttons",
        "customnamespace" : "http://b3mn.org/stencilset/default.form.palette.xml#",
        "row-span" : 1,
        "stencilid" : "cloud-radiobuttons",
        "stencilsuperid" : "Component",
        "stencilsuperids" : [ "Component" ],
        "customstencil" : true,
        "xmlTag" : "radio"
      },
      "xmlProperties" : [ ],
      "pathProperties" : {
        "id" : "id",
        "description-position" : "helpMessage.position",
        "label" : "label",
        "label_fr_fr" : "i18n.fr.label",
        "label-position" : "labelAlign",
        "value" : "value",
        "default-value" : "defaultValue",
        "description" : "helpMessage.text",
        "description_fr_fr" : "i18n.fr.helpMessage.text",
        "col-span" : "size",
        "visible" : "isVisible",
        "visible-run" : "isVisible",
        "editable" : "editable",
        "editable-run" : "editable",
        "style-class" : "styleClass",
        "required" : "isRequired",
        "options" : "extraSettings.options",
        "options_fr_fr" : "i18n.fr.extraSettings.options",
        "orientation" : "extraSettings.display"
      },
      "stencil" : {
        "id" : "Component"
      },
      "childShapes" : [ ],
      "outgoing" : [ ],
      "bounds" : {
        "lowerRight" : {
          "x" : 984,
          "y" : 137
        },
        "upperLeft" : {
          "x" : 15,
          "y" : 98
        }
      },
      "dockers" : [ ],
      "outputmappingproperties" : {
        "radiobutton-configuration" : {
          "type" : "complex",
          "placeholders" : [ ]
        },
        "options" : {
          "type" : "complex",
          "placeholders" : [ ]
        },
        "options_fr_fr" : {
          "type" : "complex",
          "placeholders" : [ ]
        }
      },
      "labels" : [ {
        "styles" : {
          "fill" : "#000000",
          "size" : "12",
          "italic" : false,
          "bold" : false
        },
        "ref" : "label_text"
      }, {
        "styles" : {
          "fill" : "#000000",
          "size" : "12",
          "italic" : false,
          "bold" : false
        },
        "ref" : "input_text"
      }, {
        "styles" : {
          "fill" : "#000000",
          "size" : "12",
          "italic" : false,
          "bold" : false
        },
        "ref" : "desc_text"
      } ]
    } ],
    "outgoing" : [ ],
    "bounds" : {
      "lowerRight" : {
        "x" : 1049,
        "y" : 212
      },
      "upperLeft" : {
        "x" : 50,
        "y" : 50
      }
    },
    "dockers" : [ ],
    "oldResourceId" : "sid-8D9FC954-EB33-4C05-ADF0-5706EF50E974"
  } ],
  "bounds" : {
    "lowerRight" : {
      "x" : 2351,
      "y" : 1082
    },
    "upperLeft" : {
      "x" : 0,
      "y" : 0
    }
  },
  "stencilset" : {
    "url" : "/acme/vis/editor/stencilsets//edorasForms/edorasForms.json",
    "namespace" : "http://b3mn.org/stencilset/xforms#"
  },
  "ssextensions" : [ "http://b3mn.org/stencilset/default.form.palette.xml#", "http://b3mn.org/stencilset/demo.form.palette.xml#" ]
}