{"rows":[{"cols":[{"isRequired":false,"size":12,"extraSettings":{"richEditorDisplay":true},"labelAlign":"left","defaultValue":false,"editable":false,"isVisible":true,"id":"cloud-output1","type":"textarea","value":"<div><h1>User Verification<\/h1><div>Verify user is permitted by Department 3 to register with Department 1<\/div><h2>Basic Information<\/h2><p><span style=\"font-size:14px;\"><b>{{root.name}}<\/b><\/span><\/p><p><span style=\"font-size:14px;\">Address:<\/span><\/p><p><span style=\"font-size:11px;\">{{root.street}} {{root.houseNumber}}<\/span><\/p><div><span style=\"font-size:11px;\">{{root.code}} {{root.place}}<\/span><\/div><\/div>","helpMessage":{"position":"bottom"},"i18n":{"fr":{"value":"<div><h1>User Verification<\/h1><div>Verify user is permitted by Department 3 to register with Department 1<\/div><h2>Basic Information<\/h2><p><span style=\"font-size:14px;\"><b>{{root.name}}<\/b><\/span><\/p><p><span style=\"font-size:14px;\">Address:<\/span><\/p><p><span style=\"font-size:11px;\">{{root.street}} {{root.houseNumber}}<\/span><\/p><div><span style=\"font-size:11px;\">{{root.code}} {{root.place}}<\/span><\/div><\/div>"}}}]},{"cols":[{"isRequired":true,"extraSettings":{"display":"Horizontal","options":[{"text":"Approved","value":"approved"},{"text":"Rejected","value":"rejected"}]},"size":12,"labelAlign":"left","defaultValue":"rejected","editable":true,"isVisible":true,"id":"cloud-radiobuttons1","type":"radio","value":"{{root.approval}}","helpMessage":{"position":"bottom"},"i18n":{"fr":{"extraSettings":{"options":[{"text":"Approved","value":"approved"},{"text":"Rejected","value":"rejected"}]}}}}]}]}