{
  "_entityClassifier" : "WRK",
  "id" : "WRK(GEAR-4e60c5dd-1a28-4585-ad33-d7ed9e149788)",
  "globalId" : "FORM_MODEL-0afd2bc5-bc26-4846-b750-a946ddf5ac56",
  "externalId" : "WRK(c50fe340-6a62-4bae-a418-dda8063fa3f5)",
  "providerId" : "com.edorasware.cloud.core.provider.model.FormModelProvider",
  "tenantId" : "48b5f668-46b3-428c-850b-f4e1a62cccc3",
  "name" : "Department 3 Verification",
  "creationTime" : "2016-09-12T09:29:06.866Z",
  "updateTime" : "2016-09-13T07:19:34.241Z",
  "type" : "FORM_MODEL",
  "modificationVersion" : 78,
  "modificationCreatorId" : "GEAR-16720586-e205-40d1-a4b6-f25d5df185a4",
  "modificationUpdaterId" : "GEAR-16720586-e205-40d1-a4b6-f25d5df185a4",
  "definitionId" : "GEAR-9421ba6f-fcde-48f7-b905-c1bc3716c495",
  "state" : "ACTIVE",
  "subState" : "PENDING",
  "variables" : [ {
    "name" : "_comment",
    "type" : "java.lang.String",
    "value" : "[{\"author\":\"Administrator\",\"authorId\":\"GEAR-16720586-e205-40d1-a4b6-f25d5df185a4\",\"date\":\"2016-09-12T09:29:06.887Z\",\"text\":\"Created\",\"deletable\":false,\"replies\":[]},{\"author\":\"Administrator\",\"authorId\":\"GEAR-16720586-e205-40d1-a4b6-f25d5df185a4\",\"date\":\"2016-09-12T09:31:07.476Z\",\"text\":\"Model edited\",\"deletable\":false,\"replies\":[]},{\"author\":\"Administrator\",\"authorId\":\"GEAR-16720586-e205-40d1-a4b6-f25d5df185a4\",\"date\":\"2016-09-12T11:26:07.370Z\",\"text\":\"Deployed\",\"deletable\":false,\"replies\":[]},{\"author\":\"Administrator\",\"authorId\":\"GEAR-16720586-e205-40d1-a4b6-f25d5df185a4\",\"date\":\"2016-09-12T11:36:57.428Z\",\"text\":\"Deployed\",\"deletable\":false,\"replies\":[]},{\"author\":\"Administrator\",\"authorId\":\"GEAR-16720586-e205-40d1-a4b6-f25d5df185a4\",\"date\":\"2016-09-12T11:38:58.429Z\",\"text\":\"Deployed\",\"deletable\":false,\"replies\":[]},{\"author\":\"Administrator\",\"authorId\":\"GEAR-16720586-e205-40d1-a4b6-f25d5df185a4\",\"date\":\"2016-09-12T11:57:01.464Z\",\"text\":\"Deployed\",\"deletable\":false,\"replies\":[]},{\"author\":\"Administrator\",\"authorId\":\"GEAR-16720586-e205-40d1-a4b6-f25d5df185a4\",\"date\":\"2016-09-12T12:04:47.289Z\",\"text\":\"Deployed\",\"deletable\":false,\"replies\":[]},{\"author\":\"Administrator\",\"authorId\":\"GEAR-16720586-e205-40d1-a4b6-f25d5df185a4\",\"date\":\"2016-09-12T12:51:29.149Z\",\"text\":\"Deployed\",\"deletable\":false,\"replies\":[]},{\"author\":\"Administrator\",\"authorId\":\"GEAR-16720586-e205-40d1-a4b6-f25d5df185a4\",\"date\":\"2016-09-12T13:09:26.605Z\",\"text\":\"Model edited\",\"deletable\":false,\"replies\":[]},{\"author\":\"Administrator\",\"authorId\":\"GEAR-16720586-e205-40d1-a4b6-f25d5df185a4\",\"date\":\"2016-09-12T13:09:32.862Z\",\"text\":\"Model edited\",\"deletable\":false,\"replies\":[]},{\"author\":\"Administrator\",\"authorId\":\"GEAR-16720586-e205-40d1-a4b6-f25d5df185a4\",\"date\":\"2016-09-12T13:09:47.868Z\",\"text\":\"Deployed\",\"deletable\":false,\"replies\":[]},{\"author\":\"Administrator\",\"authorId\":\"GEAR-16720586-e205-40d1-a4b6-f25d5df185a4\",\"date\":\"2016-09-12T13:14:28.894Z\",\"text\":\"Deployed\",\"deletable\":false,\"replies\":[]},{\"author\":\"Administrator\",\"authorId\":\"GEAR-16720586-e205-40d1-a4b6-f25d5df185a4\",\"date\":\"2016-09-12T13:17:16.861Z\",\"text\":\"Deployed\",\"deletable\":false,\"replies\":[]},{\"author\":\"Administrator\",\"authorId\":\"GEAR-16720586-e205-40d1-a4b6-f25d5df185a4\",\"date\":\"2016-09-12T13:19:42.238Z\",\"text\":\"Deployed\",\"deletable\":false,\"replies\":[]},{\"author\":\"Administrator\",\"authorId\":\"GEAR-16720586-e205-40d1-a4b6-f25d5df185a4\",\"date\":\"2016-09-12T13:24:42.486Z\",\"text\":\"Deployed\",\"deletable\":false,\"replies\":[]},{\"author\":\"Administrator\",\"authorId\":\"GEAR-16720586-e205-40d1-a4b6-f25d5df185a4\",\"date\":\"2016-09-12T13:29:15.604Z\",\"text\":\"Deployed\",\"deletable\":false,\"replies\":[]},{\"author\":\"Administrator\",\"authorId\":\"GEAR-16720586-e205-40d1-a4b6-f25d5df185a4\",\"date\":\"2016-09-12T13:31:18.843Z\",\"text\":\"Deployed\",\"deletable\":false,\"replies\":[]},{\"author\":\"Administrator\",\"authorId\":\"GEAR-16720586-e205-40d1-a4b6-f25d5df185a4\",\"date\":\"2016-09-12T13:32:27.874Z\",\"text\":\"Deployed\",\"deletable\":false,\"replies\":[]},{\"author\":\"Administrator\",\"authorId\":\"GEAR-16720586-e205-40d1-a4b6-f25d5df185a4\",\"date\":\"2016-09-12T13:34:15.616Z\",\"text\":\"Deployed\",\"deletable\":false,\"replies\":[]},{\"author\":\"Administrator\",\"authorId\":\"GEAR-16720586-e205-40d1-a4b6-f25d5df185a4\",\"date\":\"2016-09-12T13:40:35.507Z\",\"text\":\"Deployed\",\"deletable\":false,\"replies\":[]},{\"author\":\"Administrator\",\"authorId\":\"GEAR-16720586-e205-40d1-a4b6-f25d5df185a4\",\"date\":\"2016-09-12T13:46:02.228Z\",\"text\":\"Model edited\",\"deletable\":false,\"replies\":[]},{\"author\":\"Administrator\",\"authorId\":\"GEAR-16720586-e205-40d1-a4b6-f25d5df185a4\",\"date\":\"2016-09-12T13:51:07.140Z\",\"text\":\"Model edited\",\"deletable\":false,\"replies\":[]},{\"author\":\"Administrator\",\"authorId\":\"GEAR-16720586-e205-40d1-a4b6-f25d5df185a4\",\"date\":\"2016-09-12T13:52:38.796Z\",\"text\":\"Deployed\",\"deletable\":false,\"replies\":[]},{\"author\":\"Administrator\",\"authorId\":\"GEAR-16720586-e205-40d1-a4b6-f25d5df185a4\",\"date\":\"2016-09-12T15:27:07.879Z\",\"text\":\"Deployed\",\"deletable\":false,\"replies\":[]},{\"author\":\"Administrator\",\"authorId\":\"GEAR-16720586-e205-40d1-a4b6-f25d5df185a4\",\"date\":\"2016-09-12T15:27:59.883Z\",\"text\":\"Deployed\",\"deletable\":false,\"replies\":[]},{\"author\":\"Administrator\",\"authorId\":\"GEAR-16720586-e205-40d1-a4b6-f25d5df185a4\",\"date\":\"2016-09-12T15:37:08.037Z\",\"text\":\"Model edited\",\"deletable\":false,\"replies\":[]},{\"author\":\"Administrator\",\"authorId\":\"GEAR-16720586-e205-40d1-a4b6-f25d5df185a4\",\"date\":\"2016-09-12T15:37:19.905Z\",\"text\":\"Deployed\",\"deletable\":false,\"replies\":[]},{\"author\":\"Administrator\",\"authorId\":\"GEAR-16720586-e205-40d1-a4b6-f25d5df185a4\",\"date\":\"2016-09-12T15:42:03.262Z\",\"text\":\"Deployed\",\"deletable\":false,\"replies\":[]},{\"author\":\"Administrator\",\"authorId\":\"GEAR-16720586-e205-40d1-a4b6-f25d5df185a4\",\"date\":\"2016-09-12T15:48:58.534Z\",\"text\":\"Model edited\",\"deletable\":false,\"replies\":[]},{\"author\":\"Administrator\",\"authorId\":\"GEAR-16720586-e205-40d1-a4b6-f25d5df185a4\",\"date\":\"2016-09-12T15:50:19.027Z\",\"text\":\"Model edited\",\"deletable\":false,\"replies\":[]},{\"author\":\"Administrator\",\"authorId\":\"GEAR-16720586-e205-40d1-a4b6-f25d5df185a4\",\"date\":\"2016-09-12T15:51:03.238Z\",\"text\":\"Deployed\",\"deletable\":false,\"replies\":[]},{\"author\":\"Administrator\",\"authorId\":\"GEAR-16720586-e205-40d1-a4b6-f25d5df185a4\",\"date\":\"2016-09-12T15:56:10.089Z\",\"text\":\"Deployed\",\"deletable\":false,\"replies\":[]},{\"author\":\"Administrator\",\"authorId\":\"GEAR-16720586-e205-40d1-a4b6-f25d5df185a4\",\"date\":\"2016-09-12T16:08:35.479Z\",\"text\":\"Deployed\",\"deletable\":false,\"replies\":[]},{\"author\":\"Administrator\",\"authorId\":\"GEAR-16720586-e205-40d1-a4b6-f25d5df185a4\",\"date\":\"2016-09-12T16:09:41.461Z\",\"text\":\"Deployed\",\"deletable\":false,\"replies\":[]},{\"author\":\"Administrator\",\"authorId\":\"GEAR-16720586-e205-40d1-a4b6-f25d5df185a4\",\"date\":\"2016-09-12T16:12:34.747Z\",\"text\":\"Deployed\",\"deletable\":false,\"replies\":[]},{\"author\":\"Administrator\",\"authorId\":\"GEAR-16720586-e205-40d1-a4b6-f25d5df185a4\",\"date\":\"2016-09-12T16:21:30.553Z\",\"text\":\"Deployed\",\"deletable\":false,\"replies\":[]},{\"author\":\"Administrator\",\"authorId\":\"GEAR-16720586-e205-40d1-a4b6-f25d5df185a4\",\"date\":\"2016-09-12T18:45:28.060Z\",\"text\":\"Deployed\",\"deletable\":false,\"replies\":[]},{\"author\":\"Administrator\",\"authorId\":\"GEAR-16720586-e205-40d1-a4b6-f25d5df185a4\",\"date\":\"2016-09-13T06:32:27.920Z\",\"text\":\"Deployed\",\"deletable\":false,\"replies\":[]},{\"author\":\"Administrator\",\"authorId\":\"GEAR-16720586-e205-40d1-a4b6-f25d5df185a4\",\"date\":\"2016-09-13T07:18:33.481Z\",\"text\":\"Deployed\",\"deletable\":false,\"replies\":[]},{\"author\":\"Administrator\",\"authorId\":\"GEAR-16720586-e205-40d1-a4b6-f25d5df185a4\",\"date\":\"2016-09-13T07:19:34.237Z\",\"text\":\"Model edited\",\"deletable\":false,\"replies\":[]}]"
  }, {
    "name" : "_latestModelRevision",
    "type" : "java.lang.String",
    "value" : "{\"revisionId\":\"a2e7de13-c406-4ae3-bab5-5852190882c8\",\"modelJson\":\"{\\r\\n  \\\"resourceId\\\" : \\\"canvas\\\",\\r\\n  \\\"properties\\\" : {\\r\\n    \\\"stencilsuperids\\\" : [ \\\"XForm\\\" ],\\r\\n    \\\"stencilid\\\" : \\\"XForm\\\",\\r\\n    \\\"xmlTag\\\" : \\\"XForm\\\",\\r\\n    \\\"customstencil\\\" : true,\\r\\n    \\\"name\\\" : \\\"Department 3 Verification\\\",\\r\\n    \\\"stencilsuperid\\\" : \\\"XForm\\\",\\r\\n    \\\"id\\\" : \\\"edoras-064711e4f948\\\",\\r\\n    \\\"guid\\\" : \\\"GEAR-4e60c5dd-1a28-4585-ad33-d7ed9e149788\\\",\\r\\n    \\\"stylesheet\\\" : \\\"\\\"\\r\\n  },\\r\\n  \\\"xmlProperties\\\" : [ ],\\r\\n  \\\"pathProperties\\\" : {\\r\\n    \\\"id\\\" : \\\"id\\\"\\r\\n  },\\r\\n  \\\"stencil\\\" : {\\r\\n    \\\"id\\\" : \\\"XForm\\\"\\r\\n  },\\r\\n  \\\"childShapes\\\" : [ {\\r\\n    \\\"resourceId\\\" : \\\"panel1\\\",\\r\\n    \\\"properties\\\" : {\\r\\n      \\\"col\\\" : \\\"1\\\",\\r\\n      \\\"enabled-run\\\" : \\\"\\\",\\r\\n      \\\"visible-run\\\" : \\\"\\\",\\r\\n      \\\"row-span\\\" : \\\"1\\\",\\r\\n      \\\"title\\\" : \\\"\\\",\\r\\n      \\\"collapsible\\\" : \\\"false\\\",\\r\\n      \\\"enabled\\\" : \\\"true\\\",\\r\\n      \\\"stencilsuperids\\\" : [ \\\"SlotPanel\\\" ],\\r\\n      \\\"expanded\\\" : \\\"false\\\",\\r\\n      \\\"col-span\\\" : \\\"1\\\",\\r\\n      \\\"stencilsuperid\\\" : \\\"SlotPanel\\\",\\r\\n      \\\"row\\\" : \\\"1\\\",\\r\\n      \\\"row-weight\\\" : \\\"0\\\",\\r\\n      \\\"height\\\" : \\\"\\\",\\r\\n      \\\"stencilid\\\" : \\\"SlotPanel\\\",\\r\\n      \\\"visible\\\" : \\\"true\\\",\\r\\n      \\\"customstencil\\\" : true,\\r\\n      \\\"row-align\\\" : \\\"top\\\",\\r\\n      \\\"oldresourceid\\\" : \\\"sid-8D9FC954-EB33-4C05-ADF0-5706EF50E974\\\",\\r\\n      \\\"xmlTag\\\" : \\\"panel\\\",\\r\\n      \\\"col-align\\\" : \\\"fill\\\",\\r\\n      \\\"title-run\\\" : \\\"\\\",\\r\\n      \\\"style-class\\\" : \\\"\\\",\\r\\n      \\\"col-weight\\\" : \\\"0\\\",\\r\\n      \\\"id\\\" : \\\"panel1\\\",\\r\\n      \\\"width\\\" : \\\"300\\\"\\r\\n    },\\r\\n    \\\"xmlProperties\\\" : [ ],\\r\\n    \\\"pathProperties\\\" : {\\r\\n      \\\"id\\\" : \\\"id\\\"\\r\\n    },\\r\\n    \\\"stencil\\\" : {\\r\\n      \\\"id\\\" : \\\"SlotPanel\\\"\\r\\n    },\\r\\n    \\\"childShapes\\\" : [ {\\r\\n      \\\"resourceId\\\" : \\\"cloud-output1\\\",\\r\\n      \\\"properties\\\" : {\\r\\n        \\\"row-span\\\" : 1,\\r\\n        \\\"stencilsuperids\\\" : [ \\\"Component\\\" ],\\r\\n        \\\"stencilsuperid\\\" : \\\"Output\\\",\\r\\n        \\\"stencilid\\\" : \\\"cloud-output\\\",\\r\\n        \\\"customstencil\\\" : true,\\r\\n        \\\"xmlTag\\\" : \\\"textarea\\\",\\r\\n        \\\"id\\\" : \\\"cloud-output1\\\",\\r\\n        \\\"width\\\" : \\\"200\\\",\\r\\n        \\\"col\\\" : 1,\\r\\n        \\\"col-align\\\" : \\\"fill\\\",\\r\\n        \\\"col-weight\\\" : \\\"\\\",\\r\\n        \\\"row\\\" : 1,\\r\\n        \\\"row-align\\\" : \\\"top\\\",\\r\\n        \\\"row-weight\\\" : \\\"\\\",\\r\\n        \\\"enabled\\\" : true,\\r\\n        \\\"enabled-run\\\" : \\\"\\\",\\r\\n        \\\"size\\\" : 12,\\r\\n        \\\"label-align\\\" : \\\"top-left\\\",\\r\\n        \\\"description-position\\\" : \\\"bottom\\\",\\r\\n        \\\"description-align\\\" : \\\"left\\\",\\r\\n        \\\"label-position\\\" : \\\"left\\\",\\r\\n        \\\"description\\\" : \\\"\\\",\\r\\n        \\\"description_fr_fr\\\" : \\\"\\\",\\r\\n        \\\"documentation\\\" : \\\"\\\",\\r\\n        \\\"col-span\\\" : \\\"1\\\",\\r\\n        \\\"visible\\\" : true,\\r\\n        \\\"visible-run\\\" : \\\"\\\",\\r\\n        \\\"style-class\\\" : \\\"\\\",\\r\\n        \\\"bordercolor\\\" : \\\"#000000\\\",\\r\\n        \\\"node-type\\\" : \\\"textarea\\\",\\r\\n        \\\"height\\\" : \\\"\\\",\\r\\n        \\\"label\\\" : \\\"\\\",\\r\\n        \\\"label_fr_fr\\\" : \\\"\\\",\\r\\n        \\\"value\\\" : \\\"User VerificationVerify user is permitted by Department 3 to register with Department 1Basic Information{{root.name}}Address:{{root.street}} {{root.houseNumber}}{{root.code}} {{root.place}}\\\",\\r\\n        \\\"value_fr_fr\\\" : \\\"User VerificationVerify user is permitted by Department 3 to register with Department 1Basic Information{{root.name}}Address:{{root.street}} {{root.houseNumber}}{{root.code}} {{root.place}}\\\",\\r\\n        \\\"default-value\\\" : \\\"false\\\",\\r\\n        \\\"max-length\\\" : \\\"\\\",\\r\\n        \\\"rich-text\\\" : true,\\r\\n        \\\"editable\\\" : false,\\r\\n        \\\"required\\\" : false,\\r\\n        \\\"customstencilid\\\" : \\\"cloud-output\\\",\\r\\n        \\\"customnamespace\\\" : \\\"http://b3mn.org/stencilset/default.form.palette.xml#\\\"\\r\\n      },\\r\\n      \\\"xmlProperties\\\" : [ ],\\r\\n      \\\"pathProperties\\\" : {\\r\\n        \\\"id\\\" : \\\"id\\\",\\r\\n        \\\"description-position\\\" : \\\"helpMessage.position\\\",\\r\\n        \\\"label-position\\\" : \\\"labelAlign\\\",\\r\\n        \\\"description\\\" : \\\"helpMessage.text\\\",\\r\\n        \\\"description_fr_fr\\\" : \\\"i18n.fr.helpMessage.text\\\",\\r\\n        \\\"col-span\\\" : \\\"size\\\",\\r\\n        \\\"visible\\\" : \\\"isVisible\\\",\\r\\n        \\\"visible-run\\\" : \\\"isVisible\\\",\\r\\n        \\\"style-class\\\" : \\\"styleClass\\\",\\r\\n        \\\"node-type\\\" : \\\"type\\\",\\r\\n        \\\"height\\\" : \\\"height\\\",\\r\\n        \\\"label\\\" : \\\"label\\\",\\r\\n        \\\"label_fr_fr\\\" : \\\"i18n.fr.label\\\",\\r\\n        \\\"value\\\" : \\\"value\\\",\\r\\n        \\\"value_fr_fr\\\" : \\\"i18n.fr.value\\\",\\r\\n        \\\"default-value\\\" : \\\"defaultValue\\\",\\r\\n        \\\"rich-text\\\" : \\\"extraSettings.richEditorDisplay\\\",\\r\\n        \\\"editable\\\" : \\\"editable\\\",\\r\\n        \\\"required\\\" : \\\"isRequired\\\"\\r\\n      },\\r\\n      \\\"stencil\\\" : {\\r\\n        \\\"id\\\" : \\\"Output\\\"\\r\\n      },\\r\\n      \\\"childShapes\\\" : [ ],\\r\\n      \\\"outgoing\\\" : [ ],\\r\\n      \\\"bounds\\\" : {\\r\\n        \\\"lowerRight\\\" : {\\r\\n          \\\"x\\\" : 984,\\r\\n          \\\"y\\\" : 75\\r\\n        },\\r\\n        \\\"upperLeft\\\" : {\\r\\n          \\\"x\\\" : 15,\\r\\n          \\\"y\\\" : 25\\r\\n        }\\r\\n      },\\r\\n      \\\"dockers\\\" : [ ],\\r\\n      \\\"formats\\\" : {\\r\\n        \\\"value_fr_fr\\\" : [ {\\r\\n          \\\"from\\\" : 0,\\r\\n          \\\"to\\\" : 17,\\r\\n          \\\"tag\\\" : \\\"h1\\\"\\r\\n        }, {\\r\\n          \\\"from\\\" : 17,\\r\\n          \\\"to\\\" : 87,\\r\\n          \\\"tag\\\" : \\\"p\\\"\\r\\n        }, {\\r\\n          \\\"from\\\" : 87,\\r\\n          \\\"to\\\" : 104,\\r\\n          \\\"tag\\\" : \\\"h2\\\"\\r\\n        }, {\\r\\n          \\\"from\\\" : 104,\\r\\n          \\\"to\\\" : 117,\\r\\n          \\\"tag\\\" : \\\"p\\\"\\r\\n        }, {\\r\\n          \\\"from\\\" : 104,\\r\\n          \\\"to\\\" : 117,\\r\\n          \\\"tag\\\" : \\\"span\\\",\\r\\n          \\\"style\\\" : {\\r\\n            \\\"font-size\\\" : \\\"14px\\\"\\r\\n          }\\r\\n        }, {\\r\\n          \\\"from\\\" : 104,\\r\\n          \\\"to\\\" : 117,\\r\\n          \\\"tag\\\" : \\\"b\\\"\\r\\n        }, {\\r\\n          \\\"from\\\" : 117,\\r\\n          \\\"to\\\" : 125,\\r\\n          \\\"tag\\\" : \\\"p\\\"\\r\\n        }, {\\r\\n          \\\"from\\\" : 117,\\r\\n          \\\"to\\\" : 125,\\r\\n          \\\"tag\\\" : \\\"span\\\",\\r\\n          \\\"style\\\" : {\\r\\n            \\\"font-size\\\" : \\\"14px\\\"\\r\\n          }\\r\\n        }, {\\r\\n          \\\"from\\\" : 125,\\r\\n          \\\"to\\\" : 161,\\r\\n          \\\"tag\\\" : \\\"p\\\"\\r\\n        }, {\\r\\n          \\\"from\\\" : 125,\\r\\n          \\\"to\\\" : 161,\\r\\n          \\\"tag\\\" : \\\"span\\\",\\r\\n          \\\"style\\\" : {\\r\\n            \\\"font-size\\\" : \\\"11px\\\"\\r\\n          }\\r\\n        }, {\\r\\n          \\\"from\\\" : 161,\\r\\n          \\\"to\\\" : 189,\\r\\n          \\\"tag\\\" : \\\"p\\\"\\r\\n        }, {\\r\\n          \\\"from\\\" : 161,\\r\\n          \\\"to\\\" : 189,\\r\\n          \\\"tag\\\" : \\\"span\\\",\\r\\n          \\\"style\\\" : {\\r\\n            \\\"font-size\\\" : \\\"11px\\\"\\r\\n          }\\r\\n        } ],\\r\\n        \\\"value\\\" : [ {\\r\\n          \\\"from\\\" : 0,\\r\\n          \\\"to\\\" : 17,\\r\\n          \\\"tag\\\" : \\\"h1\\\"\\r\\n        }, {\\r\\n          \\\"from\\\" : 17,\\r\\n          \\\"to\\\" : 87,\\r\\n          \\\"tag\\\" : \\\"p\\\"\\r\\n        }, {\\r\\n          \\\"from\\\" : 87,\\r\\n          \\\"to\\\" : 104,\\r\\n          \\\"tag\\\" : \\\"h2\\\"\\r\\n        }, {\\r\\n          \\\"from\\\" : 104,\\r\\n          \\\"to\\\" : 117,\\r\\n          \\\"tag\\\" : \\\"p\\\"\\r\\n        }, {\\r\\n          \\\"from\\\" : 104,\\r\\n          \\\"to\\\" : 117,\\r\\n          \\\"tag\\\" : \\\"span\\\",\\r\\n          \\\"style\\\" : {\\r\\n            \\\"font-size\\\" : \\\"14px\\\"\\r\\n          }\\r\\n        }, {\\r\\n          \\\"from\\\" : 104,\\r\\n          \\\"to\\\" : 117,\\r\\n          \\\"tag\\\" : \\\"b\\\"\\r\\n        }, {\\r\\n          \\\"from\\\" : 117,\\r\\n          \\\"to\\\" : 125,\\r\\n          \\\"tag\\\" : \\\"p\\\"\\r\\n        }, {\\r\\n          \\\"from\\\" : 117,\\r\\n          \\\"to\\\" : 125,\\r\\n          \\\"tag\\\" : \\\"span\\\",\\r\\n          \\\"style\\\" : {\\r\\n            \\\"font-size\\\" : \\\"14px\\\"\\r\\n          }\\r\\n        }, {\\r\\n          \\\"from\\\" : 125,\\r\\n          \\\"to\\\" : 161,\\r\\n          \\\"tag\\\" : \\\"p\\\"\\r\\n        }, {\\r\\n          \\\"from\\\" : 125,\\r\\n          \\\"to\\\" : 161,\\r\\n          \\\"tag\\\" : \\\"span\\\",\\r\\n          \\\"style\\\" : {\\r\\n            \\\"font-size\\\" : \\\"11px\\\"\\r\\n          }\\r\\n        }, {\\r\\n          \\\"from\\\" : 161,\\r\\n          \\\"to\\\" : 189,\\r\\n          \\\"tag\\\" : \\\"p\\\"\\r\\n        }, {\\r\\n          \\\"from\\\" : 161,\\r\\n          \\\"to\\\" : 189,\\r\\n          \\\"tag\\\" : \\\"span\\\",\\r\\n          \\\"style\\\" : {\\r\\n            \\\"font-size\\\" : \\\"11px\\\"\\r\\n          }\\r\\n        } ]\\r\\n      },\\r\\n      \\\"labels\\\" : [ {\\r\\n        \\\"styles\\\" : {\\r\\n          \\\"fill\\\" : \\\"#000000\\\",\\r\\n          \\\"size\\\" : \\\"12\\\",\\r\\n          \\\"italic\\\" : false,\\r\\n          \\\"bold\\\" : false\\r\\n        },\\r\\n        \\\"ref\\\" : \\\"label_text\\\"\\r\\n      }, {\\r\\n        \\\"styles\\\" : {\\r\\n          \\\"fill\\\" : \\\"#000000\\\",\\r\\n          \\\"size\\\" : \\\"12\\\",\\r\\n          \\\"italic\\\" : false,\\r\\n          \\\"bold\\\" : false\\r\\n        },\\r\\n        \\\"ref\\\" : \\\"input_text\\\"\\r\\n      }, {\\r\\n        \\\"styles\\\" : {\\r\\n          \\\"fill\\\" : \\\"#000000\\\",\\r\\n          \\\"size\\\" : \\\"12\\\",\\r\\n          \\\"italic\\\" : false,\\r\\n          \\\"bold\\\" : false\\r\\n        },\\r\\n        \\\"ref\\\" : \\\"desc_text\\\"\\r\\n      } ]\\r\\n    }, {\\r\\n      \\\"resourceId\\\" : \\\"cloud-radiobuttons1\\\",\\r\\n      \\\"properties\\\" : {\\r\\n        \\\"id\\\" : \\\"cloud-radiobuttons1\\\",\\r\\n        \\\"width\\\" : \\\"200\\\",\\r\\n        \\\"height\\\" : \\\"\\\",\\r\\n        \\\"col\\\" : 1,\\r\\n        \\\"col-align\\\" : \\\"fill\\\",\\r\\n        \\\"col-weight\\\" : \\\"\\\",\\r\\n        \\\"row\\\" : 2,\\r\\n        \\\"row-align\\\" : \\\"top\\\",\\r\\n        \\\"row-weight\\\" : \\\"\\\",\\r\\n        \\\"enabled\\\" : true,\\r\\n        \\\"enabled-run\\\" : \\\"\\\",\\r\\n        \\\"size\\\" : 12,\\r\\n        \\\"label-align\\\" : \\\"top-left\\\",\\r\\n        \\\"description-position\\\" : \\\"bottom\\\",\\r\\n        \\\"description-align\\\" : \\\"left\\\",\\r\\n        \\\"label\\\" : \\\"\\\",\\r\\n        \\\"label_fr_fr\\\" : \\\"\\\",\\r\\n        \\\"label-position\\\" : \\\"left\\\",\\r\\n        \\\"value\\\" : \\\"{{root.approval}}\\\",\\r\\n        \\\"default-value\\\" : \\\"rejected\\\",\\r\\n        \\\"description\\\" : \\\"\\\",\\r\\n        \\\"description_fr_fr\\\" : \\\"\\\",\\r\\n        \\\"documentation\\\" : \\\"\\\",\\r\\n        \\\"col-span\\\" : \\\"1\\\",\\r\\n        \\\"visible\\\" : true,\\r\\n        \\\"visible-run\\\" : \\\"\\\",\\r\\n        \\\"editable\\\" : true,\\r\\n        \\\"editable-run\\\" : \\\"\\\",\\r\\n        \\\"style-class\\\" : \\\"\\\",\\r\\n        \\\"required\\\" : true,\\r\\n        \\\"bordercolor\\\" : \\\"#000000\\\",\\r\\n        \\\"node-type\\\" : \\\"radio\\\",\\r\\n        \\\"radiobutton-configuration\\\" : {\\r\\n          \\\"totalCount\\\" : 2,\\r\\n          \\\"items\\\" : [ {\\r\\n            \\\"name\\\" : \\\"RadioButton 1\\\",\\r\\n            \\\"value\\\" : \\\"radio\\\"\\r\\n          }, {\\r\\n            \\\"name\\\" : \\\"RadioButton 2\\\",\\r\\n            \\\"value\\\" : \\\"radio\\\"\\r\\n          } ]\\r\\n        },\\r\\n        \\\"options\\\" : {\\r\\n          \\\"totalCount\\\" : 2,\\r\\n          \\\"items\\\" : [ {\\r\\n            \\\"name\\\" : \\\"Approved\\\",\\r\\n            \\\"value\\\" : \\\"approved\\\"\\r\\n          }, {\\r\\n            \\\"name\\\" : \\\"Rejected\\\",\\r\\n            \\\"value\\\" : \\\"rejected\\\"\\r\\n          } ]\\r\\n        },\\r\\n        \\\"options_fr_fr\\\" : {\\r\\n          \\\"totalCount\\\" : 2,\\r\\n          \\\"items\\\" : [ {\\r\\n            \\\"name\\\" : \\\"Approved\\\",\\r\\n            \\\"value\\\" : \\\"approved\\\"\\r\\n          }, {\\r\\n            \\\"name\\\" : \\\"Rejected\\\",\\r\\n            \\\"value\\\" : \\\"rejected\\\"\\r\\n          } ]\\r\\n        },\\r\\n        \\\"orientation\\\" : \\\"Horizontal\\\",\\r\\n        \\\"customstencilid\\\" : \\\"cloud-radiobuttons\\\",\\r\\n        \\\"customnamespace\\\" : \\\"http://b3mn.org/stencilset/default.form.palette.xml#\\\",\\r\\n        \\\"row-span\\\" : 1,\\r\\n        \\\"stencilid\\\" : \\\"cloud-radiobuttons\\\",\\r\\n        \\\"stencilsuperid\\\" : \\\"Component\\\",\\r\\n        \\\"stencilsuperids\\\" : [ \\\"Component\\\" ],\\r\\n        \\\"customstencil\\\" : true,\\r\\n        \\\"xmlTag\\\" : \\\"radio\\\"\\r\\n      },\\r\\n      \\\"xmlProperties\\\" : [ ],\\r\\n      \\\"pathProperties\\\" : {\\r\\n        \\\"id\\\" : \\\"id\\\",\\r\\n        \\\"description-position\\\" : \\\"helpMessage.position\\\",\\r\\n        \\\"label\\\" : \\\"label\\\",\\r\\n        \\\"label_fr_fr\\\" : \\\"i18n.fr.label\\\",\\r\\n        \\\"label-position\\\" : \\\"labelAlign\\\",\\r\\n        \\\"value\\\" : \\\"value\\\",\\r\\n        \\\"default-value\\\" : \\\"defaultValue\\\",\\r\\n        \\\"description\\\" : \\\"helpMessage.text\\\",\\r\\n        \\\"description_fr_fr\\\" : \\\"i18n.fr.helpMessage.text\\\",\\r\\n        \\\"col-span\\\" : \\\"size\\\",\\r\\n        \\\"visible\\\" : \\\"isVisible\\\",\\r\\n        \\\"visible-run\\\" : \\\"isVisible\\\",\\r\\n        \\\"editable\\\" : \\\"editable\\\",\\r\\n        \\\"editable-run\\\" : \\\"editable\\\",\\r\\n        \\\"style-class\\\" : \\\"styleClass\\\",\\r\\n        \\\"required\\\" : \\\"isRequired\\\",\\r\\n        \\\"options\\\" : \\\"extraSettings.options\\\",\\r\\n        \\\"options_fr_fr\\\" : \\\"i18n.fr.extraSettings.options\\\",\\r\\n        \\\"orientation\\\" : \\\"extraSettings.display\\\"\\r\\n      },\\r\\n      \\\"stencil\\\" : {\\r\\n        \\\"id\\\" : \\\"Component\\\"\\r\\n      },\\r\\n      \\\"childShapes\\\" : [ ],\\r\\n      \\\"outgoing\\\" : [ ],\\r\\n      \\\"bounds\\\" : {\\r\\n        \\\"lowerRight\\\" : {\\r\\n          \\\"x\\\" : 984,\\r\\n          \\\"y\\\" : 137\\r\\n        },\\r\\n        \\\"upperLeft\\\" : {\\r\\n          \\\"x\\\" : 15,\\r\\n          \\\"y\\\" : 98\\r\\n        }\\r\\n      },\\r\\n      \\\"dockers\\\" : [ ],\\r\\n      \\\"outputmappingproperties\\\" : {\\r\\n        \\\"radiobutton-configuration\\\" : {\\r\\n          \\\"type\\\" : \\\"complex\\\",\\r\\n          \\\"placeholders\\\" : [ ]\\r\\n        },\\r\\n        \\\"options\\\" : {\\r\\n          \\\"type\\\" : \\\"complex\\\",\\r\\n          \\\"placeholders\\\" : [ ]\\r\\n        },\\r\\n        \\\"options_fr_fr\\\" : {\\r\\n          \\\"type\\\" : \\\"complex\\\",\\r\\n          \\\"placeholders\\\" : [ ]\\r\\n        }\\r\\n      },\\r\\n      \\\"labels\\\" : [ {\\r\\n        \\\"styles\\\" : {\\r\\n          \\\"fill\\\" : \\\"#000000\\\",\\r\\n          \\\"size\\\" : \\\"12\\\",\\r\\n          \\\"italic\\\" : false,\\r\\n          \\\"bold\\\" : false\\r\\n        },\\r\\n        \\\"ref\\\" : \\\"label_text\\\"\\r\\n      }, {\\r\\n        \\\"styles\\\" : {\\r\\n          \\\"fill\\\" : \\\"#000000\\\",\\r\\n          \\\"size\\\" : \\\"12\\\",\\r\\n          \\\"italic\\\" : false,\\r\\n          \\\"bold\\\" : false\\r\\n        },\\r\\n        \\\"ref\\\" : \\\"input_text\\\"\\r\\n      }, {\\r\\n        \\\"styles\\\" : {\\r\\n          \\\"fill\\\" : \\\"#000000\\\",\\r\\n          \\\"size\\\" : \\\"12\\\",\\r\\n          \\\"italic\\\" : false,\\r\\n          \\\"bold\\\" : false\\r\\n        },\\r\\n        \\\"ref\\\" : \\\"desc_text\\\"\\r\\n      } ]\\r\\n    } ],\\r\\n    \\\"outgoing\\\" : [ ],\\r\\n    \\\"bounds\\\" : {\\r\\n      \\\"lowerRight\\\" : {\\r\\n        \\\"x\\\" : 1049,\\r\\n        \\\"y\\\" : 212\\r\\n      },\\r\\n      \\\"upperLeft\\\" : {\\r\\n        \\\"x\\\" : 50,\\r\\n        \\\"y\\\" : 50\\r\\n      }\\r\\n    },\\r\\n    \\\"dockers\\\" : [ ],\\r\\n    \\\"oldResourceId\\\" : \\\"sid-8D9FC954-EB33-4C05-ADF0-5706EF50E974\\\"\\r\\n  } ],\\r\\n  \\\"bounds\\\" : {\\r\\n    \\\"lowerRight\\\" : {\\r\\n      \\\"x\\\" : 2351,\\r\\n      \\\"y\\\" : 1082\\r\\n    },\\r\\n    \\\"upperLeft\\\" : {\\r\\n      \\\"x\\\" : 0,\\r\\n      \\\"y\\\" : 0\\r\\n    }\\r\\n  },\\r\\n  \\\"stencilset\\\" : {\\r\\n    \\\"url\\\" : \\\"/acme/vis/editor/stencilsets//edorasForms/edorasForms.json\\\",\\r\\n    \\\"namespace\\\" : \\\"http://b3mn.org/stencilset/xforms#\\\"\\r\\n  },\\r\\n  \\\"ssextensions\\\" : [ \\\"http://b3mn.org/stencilset/default.form.palette.xml#\\\", \\\"http://b3mn.org/stencilset/demo.form.palette.xml#\\\" ]\\r\\n}\",\"modelXml\":\"\",\"modelSvg\":\"\\u003csvg xmlns\\u003d\\\"http://www.w3.org/2000/svg\\\" xmlns:oryx\\u003d\\\"http://oryx-editor.org\\\" id\\u003d\\\"sid-487F8991-1240-411B-A0B9-1244094384A7\\\" width\\u003d\\\"1049\\\" height\\u003d\\\"212\\\" xmlns:xlink\\u003d\\\"http://www.w3.org/1999/xlink\\\" xmlns:svg\\u003d\\\"http://www.w3.org/2000/svg\\\"\\u003e\\u003cdefs/\\u003e\\u003cg stroke\\u003d\\\"black\\\" font-family\\u003d\\\"Verdana, sans-serif\\\" font-size-adjust\\u003d\\\"none\\\" font-style\\u003d\\\"normal\\\" font-variant\\u003d\\\"normal\\\" font-weight\\u003d\\\"normal\\\" line-heigth\\u003d\\\"normal\\\" font-size\\u003d\\\"12\\\"\\u003e\\u003cg class\\u003d\\\"stencils\\\" transform\\u003d\\\"translate(-25, -25)\\\"\\u003e\\u003cg class\\u003d\\\"me\\\"/\\u003e\\u003cg class\\u003d\\\"children\\\"\\u003e\\u003cg id\\u003d\\\"svg-panel1\\\"\\u003e\\u003cg class\\u003d\\\"stencils\\\" transform\\u003d\\\"translate(50, 50)\\\"\\u003e\\u003cg class\\u003d\\\"me\\\"\\u003e\\u003cg oryx:minimumSize\\u003d\\\"40 34\\\" id\\u003d\\\"sid-1032417D-DCA3-4A02-974E-D16CAA504B57\\\" title\\u003d\\\"Slot panel\\\"\\u003e     \\u003crect id\\u003d\\\"sid-1032417D-DCA3-4A02-974E-D16CAA504B57input\\\" oryx:anchors\\u003d\\\"left top\\\" oryx:resize\\u003d\\\"vertical horizontal\\\" x\\u003d\\\"0\\\" y\\u003d\\\"0\\\" width\\u003d\\\"999.0000000000001\\\" height\\u003d\\\"162\\\" stroke\\u003d\\\"#777777\\\" stroke-width\\u003d\\\"1\\\" fill\\u003d\\\"#e6e8f6\\\"/\\u003e   \\u003c/g\\u003e\\u003c/g\\u003e\\u003cg class\\u003d\\\"background\\\"\\u003e\\u003cg class\\u003d\\\"cellBg\\\" display\\u003d\\\"inherit\\\" transform\\u003d\\\"translate(11, 94)\\\"\\u003e\\u003crect x\\u003d\\\"0\\\" y\\u003d\\\"0\\\" stroke-width\\u003d\\\"2\\\" stroke\\u003d\\\"none\\\" fill\\u003d\\\"#f2f4fd\\\" pointer-events\\u003d\\\"all\\\" width\\u003d\\\"977\\\" height\\u003d\\\"47\\\"/\\u003e\\u003c/g\\u003e\\u003cg class\\u003d\\\"cellBg\\\" display\\u003d\\\"inherit\\\" transform\\u003d\\\"translate(11, 94)\\\"\\u003e\\u003crect x\\u003d\\\"0\\\" y\\u003d\\\"0\\\" stroke-width\\u003d\\\"2\\\" stroke\\u003d\\\"none\\\" fill\\u003d\\\"#f2f4fd\\\" pointer-events\\u003d\\\"all\\\" width\\u003d\\\"977\\\" height\\u003d\\\"47\\\"/\\u003e\\u003c/g\\u003e\\u003cg class\\u003d\\\"cellBg\\\" display\\u003d\\\"inherit\\\" transform\\u003d\\\"translate(11, 94)\\\"\\u003e\\u003crect x\\u003d\\\"0\\\" y\\u003d\\\"0\\\" stroke-width\\u003d\\\"2\\\" stroke\\u003d\\\"none\\\" fill\\u003d\\\"#f2f4fd\\\" pointer-events\\u003d\\\"all\\\" width\\u003d\\\"977\\\" height\\u003d\\\"47\\\"/\\u003e\\u003c/g\\u003e\\u003cg class\\u003d\\\"cellBg\\\" display\\u003d\\\"inherit\\\" transform\\u003d\\\"translate(11, 94)\\\"\\u003e\\u003crect x\\u003d\\\"0\\\" y\\u003d\\\"0\\\" stroke-width\\u003d\\\"2\\\" stroke\\u003d\\\"none\\\" fill\\u003d\\\"#f2f4fd\\\" pointer-events\\u003d\\\"all\\\" width\\u003d\\\"977\\\" height\\u003d\\\"47\\\"/\\u003e\\u003c/g\\u003e\\u003cg class\\u003d\\\"cellBg\\\" display\\u003d\\\"inherit\\\" transform\\u003d\\\"translate(11, 94)\\\"\\u003e\\u003crect x\\u003d\\\"0\\\" y\\u003d\\\"0\\\" stroke-width\\u003d\\\"2\\\" stroke\\u003d\\\"none\\\" fill\\u003d\\\"#f2f4fd\\\" pointer-events\\u003d\\\"all\\\" width\\u003d\\\"977\\\" height\\u003d\\\"47\\\"/\\u003e\\u003c/g\\u003e\\u003cg class\\u003d\\\"cellBg\\\" display\\u003d\\\"inherit\\\" transform\\u003d\\\"translate(11, 94)\\\"\\u003e\\u003crect x\\u003d\\\"0\\\" y\\u003d\\\"0\\\" stroke-width\\u003d\\\"2\\\" stroke\\u003d\\\"none\\\" fill\\u003d\\\"#f2f4fd\\\" pointer-events\\u003d\\\"all\\\" width\\u003d\\\"977\\\" height\\u003d\\\"47\\\"/\\u003e\\u003c/g\\u003e\\u003cg class\\u003d\\\"cellBg\\\" display\\u003d\\\"inherit\\\" transform\\u003d\\\"translate(11, 21)\\\"\\u003e\\u003crect x\\u003d\\\"0\\\" y\\u003d\\\"0\\\" stroke-width\\u003d\\\"2\\\" stroke\\u003d\\\"none\\\" fill\\u003d\\\"#f2f4fd\\\" pointer-events\\u003d\\\"all\\\" width\\u003d\\\"977\\\" height\\u003d\\\"58\\\"/\\u003e\\u003c/g\\u003e\\u003cg class\\u003d\\\"cellBg\\\" display\\u003d\\\"inherit\\\" transform\\u003d\\\"translate(11, 21)\\\"\\u003e\\u003crect x\\u003d\\\"0\\\" y\\u003d\\\"0\\\" stroke-width\\u003d\\\"2\\\" stroke\\u003d\\\"none\\\" fill\\u003d\\\"#f2f4fd\\\" pointer-events\\u003d\\\"all\\\" width\\u003d\\\"977\\\" height\\u003d\\\"58\\\"/\\u003e\\u003c/g\\u003e\\u003cg class\\u003d\\\"cellBg\\\" display\\u003d\\\"inherit\\\" transform\\u003d\\\"translate(11, 21)\\\"\\u003e\\u003crect x\\u003d\\\"0\\\" y\\u003d\\\"0\\\" stroke-width\\u003d\\\"2\\\" stroke\\u003d\\\"none\\\" fill\\u003d\\\"#f2f4fd\\\" pointer-events\\u003d\\\"all\\\" width\\u003d\\\"977\\\" height\\u003d\\\"58\\\"/\\u003e\\u003c/g\\u003e\\u003cg class\\u003d\\\"cellBg\\\" display\\u003d\\\"inherit\\\" transform\\u003d\\\"translate(11, 21)\\\"\\u003e\\u003crect x\\u003d\\\"0\\\" y\\u003d\\\"0\\\" stroke-width\\u003d\\\"2\\\" stroke\\u003d\\\"none\\\" fill\\u003d\\\"#f2f4fd\\\" pointer-events\\u003d\\\"all\\\" width\\u003d\\\"977\\\" height\\u003d\\\"58\\\"/\\u003e\\u003c/g\\u003e\\u003cg class\\u003d\\\"cellBg\\\" display\\u003d\\\"inherit\\\" transform\\u003d\\\"translate(11, 21)\\\"\\u003e\\u003crect x\\u003d\\\"0\\\" y\\u003d\\\"0\\\" stroke-width\\u003d\\\"2\\\" stroke\\u003d\\\"none\\\" fill\\u003d\\\"#f2f4fd\\\" pointer-events\\u003d\\\"all\\\" width\\u003d\\\"977\\\" height\\u003d\\\"58\\\"/\\u003e\\u003c/g\\u003e\\u003cg class\\u003d\\\"cellBg\\\" display\\u003d\\\"inherit\\\" transform\\u003d\\\"translate(11, 21)\\\"\\u003e\\u003crect x\\u003d\\\"0\\\" y\\u003d\\\"0\\\" stroke-width\\u003d\\\"2\\\" stroke\\u003d\\\"none\\\" fill\\u003d\\\"#f2f4fd\\\" pointer-events\\u003d\\\"all\\\" width\\u003d\\\"977\\\" height\\u003d\\\"58\\\"/\\u003e\\u003c/g\\u003e\\u003cg class\\u003d\\\"cellBg\\\" display\\u003d\\\"inherit\\\" transform\\u003d\\\"translate(11, 21)\\\"\\u003e\\u003crect x\\u003d\\\"0\\\" y\\u003d\\\"0\\\" stroke-width\\u003d\\\"2\\\" stroke\\u003d\\\"none\\\" fill\\u003d\\\"#f2f4fd\\\" pointer-events\\u003d\\\"all\\\" width\\u003d\\\"977\\\" height\\u003d\\\"58\\\"/\\u003e\\u003c/g\\u003e\\u003cg class\\u003d\\\"cellBg\\\" display\\u003d\\\"inherit\\\" transform\\u003d\\\"translate(11, 21)\\\"\\u003e\\u003crect x\\u003d\\\"0\\\" y\\u003d\\\"0\\\" stroke-width\\u003d\\\"2\\\" stroke\\u003d\\\"none\\\" fill\\u003d\\\"#f2f4fd\\\" pointer-events\\u003d\\\"all\\\" width\\u003d\\\"977\\\" height\\u003d\\\"58\\\"/\\u003e\\u003c/g\\u003e\\u003cg class\\u003d\\\"cellBg\\\" display\\u003d\\\"inherit\\\" transform\\u003d\\\"translate(11, 21)\\\"\\u003e\\u003crect x\\u003d\\\"0\\\" y\\u003d\\\"0\\\" stroke-width\\u003d\\\"2\\\" stroke\\u003d\\\"none\\\" fill\\u003d\\\"#f2f4fd\\\" pointer-events\\u003d\\\"all\\\" width\\u003d\\\"977\\\" height\\u003d\\\"58\\\" id\\u003d\\\"ext-gen2170\\\"/\\u003e\\u003c/g\\u003e\\u003cg class\\u003d\\\"cellBg\\\" display\\u003d\\\"inherit\\\" transform\\u003d\\\"translate(11, 21)\\\"\\u003e\\u003crect x\\u003d\\\"0\\\" y\\u003d\\\"0\\\" stroke-width\\u003d\\\"2\\\" stroke\\u003d\\\"none\\\" fill\\u003d\\\"#f2f4fd\\\" pointer-events\\u003d\\\"all\\\" width\\u003d\\\"977\\\" height\\u003d\\\"58\\\"/\\u003e\\u003c/g\\u003e\\u003cg class\\u003d\\\"cellBg\\\" display\\u003d\\\"inherit\\\" transform\\u003d\\\"translate(11, 21)\\\"\\u003e\\u003crect x\\u003d\\\"0\\\" y\\u003d\\\"0\\\" stroke-width\\u003d\\\"2\\\" stroke\\u003d\\\"none\\\" fill\\u003d\\\"#f2f4fd\\\" pointer-events\\u003d\\\"all\\\" width\\u003d\\\"977\\\" height\\u003d\\\"58\\\" id\\u003d\\\"ext-gen2169\\\"/\\u003e\\u003c/g\\u003e\\u003cg class\\u003d\\\"cellBg\\\" display\\u003d\\\"inherit\\\" transform\\u003d\\\"translate(11, 21)\\\"\\u003e\\u003crect x\\u003d\\\"0\\\" y\\u003d\\\"0\\\" stroke-width\\u003d\\\"2\\\" stroke\\u003d\\\"none\\\" fill\\u003d\\\"#f2f4fd\\\" pointer-events\\u003d\\\"all\\\" width\\u003d\\\"977\\\" height\\u003d\\\"58\\\" id\\u003d\\\"ext-gen2121\\\"/\\u003e\\u003c/g\\u003e\\u003cg class\\u003d\\\"cellBg\\\" display\\u003d\\\"inherit\\\" transform\\u003d\\\"translate(11, 94)\\\"\\u003e\\u003crect x\\u003d\\\"0\\\" y\\u003d\\\"0\\\" stroke-width\\u003d\\\"2\\\" stroke\\u003d\\\"none\\\" fill\\u003d\\\"#f2f4fd\\\" pointer-events\\u003d\\\"all\\\" width\\u003d\\\"977\\\" height\\u003d\\\"47\\\"/\\u003e\\u003c/g\\u003e\\u003cg class\\u003d\\\"cellBg\\\" display\\u003d\\\"inherit\\\" transform\\u003d\\\"translate(11, 94)\\\"\\u003e\\u003crect x\\u003d\\\"0\\\" y\\u003d\\\"0\\\" stroke-width\\u003d\\\"2\\\" stroke\\u003d\\\"none\\\" fill\\u003d\\\"#f2f4fd\\\" pointer-events\\u003d\\\"all\\\" width\\u003d\\\"977\\\" height\\u003d\\\"47\\\"/\\u003e\\u003c/g\\u003e\\u003cg class\\u003d\\\"cellBg\\\" display\\u003d\\\"inherit\\\" transform\\u003d\\\"translate(11, 94)\\\"\\u003e\\u003crect x\\u003d\\\"0\\\" y\\u003d\\\"0\\\" stroke-width\\u003d\\\"2\\\" stroke\\u003d\\\"none\\\" fill\\u003d\\\"#f2f4fd\\\" pointer-events\\u003d\\\"all\\\" width\\u003d\\\"977\\\" height\\u003d\\\"47\\\"/\\u003e\\u003c/g\\u003e\\u003cg class\\u003d\\\"cellBg\\\" display\\u003d\\\"inherit\\\" transform\\u003d\\\"translate(11, 94)\\\"\\u003e\\u003crect x\\u003d\\\"0\\\" y\\u003d\\\"0\\\" stroke-width\\u003d\\\"2\\\" stroke\\u003d\\\"none\\\" fill\\u003d\\\"#f2f4fd\\\" pointer-events\\u003d\\\"all\\\" width\\u003d\\\"977\\\" height\\u003d\\\"47\\\"/\\u003e\\u003c/g\\u003e\\u003cg class\\u003d\\\"cellBg\\\" display\\u003d\\\"inherit\\\" transform\\u003d\\\"translate(11, 94)\\\"\\u003e\\u003crect x\\u003d\\\"0\\\" y\\u003d\\\"0\\\" stroke-width\\u003d\\\"2\\\" stroke\\u003d\\\"none\\\" fill\\u003d\\\"#f2f4fd\\\" pointer-events\\u003d\\\"all\\\" width\\u003d\\\"977\\\" height\\u003d\\\"47\\\"/\\u003e\\u003c/g\\u003e\\u003cg class\\u003d\\\"cellBg\\\" display\\u003d\\\"inherit\\\" transform\\u003d\\\"translate(11, 94)\\\"\\u003e\\u003crect x\\u003d\\\"0\\\" y\\u003d\\\"0\\\" stroke-width\\u003d\\\"2\\\" stroke\\u003d\\\"none\\\" fill\\u003d\\\"#f2f4fd\\\" pointer-events\\u003d\\\"all\\\" width\\u003d\\\"977\\\" height\\u003d\\\"47\\\" id\\u003d\\\"ext-gen2204\\\"/\\u003e\\u003c/g\\u003e\\u003cg class\\u003d\\\"columnBackground split\\\" display\\u003d\\\"none\\\"\\u003e\\u003crect x\\u003d\\\"0\\\" y\\u003d\\\"0\\\" stroke\\u003d\\\"none\\\" fill\\u003d\\\"#e6e8f6\\\" pointer-events\\u003d\\\"none\\\"/\\u003e\\u003c/g\\u003e\\u003c/g\\u003e\\u003cg class\\u003d\\\"gridline\\\"\\u003e\\u003cg class\\u003d\\\"panelgridline\\\" display\\u003d\\\"inherit\\\"\\u003e\\u003cpath stroke-width\\u003d\\\"1\\\" stroke\\u003d\\\"silver\\\" fill\\u003d\\\"none\\\" stroke-dasharray\\u003d\\\"4,2\\\" pointer-events\\u003d\\\"none\\\" d\\u003d\\\"M11 0 L 11 162\\\"/\\u003e\\u003c/g\\u003e\\u003cg class\\u003d\\\"panelgridline\\\" display\\u003d\\\"inherit\\\"\\u003e\\u003cpath stroke-width\\u003d\\\"1\\\" stroke\\u003d\\\"silver\\\" fill\\u003d\\\"none\\\" stroke-dasharray\\u003d\\\"4,2\\\" pointer-events\\u003d\\\"none\\\" d\\u003d\\\"M86 0 L 86 162\\\"/\\u003e\\u003c/g\\u003e\\u003cg class\\u003d\\\"panelgridline\\\" display\\u003d\\\"inherit\\\"\\u003e\\u003cpath stroke-width\\u003d\\\"1\\\" stroke\\u003d\\\"silver\\\" fill\\u003d\\\"none\\\" stroke-dasharray\\u003d\\\"4,2\\\" pointer-events\\u003d\\\"none\\\" d\\u003d\\\"M93 0 L 93 162\\\"/\\u003e\\u003c/g\\u003e\\u003cg class\\u003d\\\"panelgridline\\\" display\\u003d\\\"inherit\\\"\\u003e\\u003cpath stroke-width\\u003d\\\"1\\\" stroke\\u003d\\\"silver\\\" fill\\u003d\\\"none\\\" stroke-dasharray\\u003d\\\"4,2\\\" pointer-events\\u003d\\\"none\\\" d\\u003d\\\"M168 0 L 168 162\\\"/\\u003e\\u003c/g\\u003e\\u003cg class\\u003d\\\"panelgridline\\\" display\\u003d\\\"inherit\\\"\\u003e\\u003cpath stroke-width\\u003d\\\"1\\\" stroke\\u003d\\\"silver\\\" fill\\u003d\\\"none\\\" stroke-dasharray\\u003d\\\"4,2\\\" pointer-events\\u003d\\\"none\\\" d\\u003d\\\"M175 0 L 175 162\\\"/\\u003e\\u003c/g\\u003e\\u003cg class\\u003d\\\"panelgridline\\\" display\\u003d\\\"inherit\\\"\\u003e\\u003cpath stroke-width\\u003d\\\"1\\\" stroke\\u003d\\\"silver\\\" fill\\u003d\\\"none\\\" stroke-dasharray\\u003d\\\"4,2\\\" pointer-events\\u003d\\\"none\\\" d\\u003d\\\"M250 0 L 250 162\\\"/\\u003e\\u003c/g\\u003e\\u003cg class\\u003d\\\"panelgridline\\\" display\\u003d\\\"inherit\\\"\\u003e\\u003cpath stroke-width\\u003d\\\"1\\\" stroke\\u003d\\\"silver\\\" fill\\u003d\\\"none\\\" stroke-dasharray\\u003d\\\"4,2\\\" pointer-events\\u003d\\\"none\\\" d\\u003d\\\"M257 0 L 257 162\\\"/\\u003e\\u003c/g\\u003e\\u003cg class\\u003d\\\"panelgridline\\\" display\\u003d\\\"inherit\\\"\\u003e\\u003cpath stroke-width\\u003d\\\"1\\\" stroke\\u003d\\\"silver\\\" fill\\u003d\\\"none\\\" stroke-dasharray\\u003d\\\"4,2\\\" pointer-events\\u003d\\\"none\\\" d\\u003d\\\"M332 0 L 332 162\\\"/\\u003e\\u003c/g\\u003e\\u003cg class\\u003d\\\"panelgridline\\\" display\\u003d\\\"inherit\\\"\\u003e\\u003cpath stroke-width\\u003d\\\"1\\\" stroke\\u003d\\\"silver\\\" fill\\u003d\\\"none\\\" stroke-dasharray\\u003d\\\"4,2\\\" pointer-events\\u003d\\\"none\\\" d\\u003d\\\"M339 0 L 339 162\\\"/\\u003e\\u003c/g\\u003e\\u003cg class\\u003d\\\"panelgridline\\\" display\\u003d\\\"inherit\\\"\\u003e\\u003cpath stroke-width\\u003d\\\"1\\\" stroke\\u003d\\\"silver\\\" fill\\u003d\\\"none\\\" stroke-dasharray\\u003d\\\"4,2\\\" pointer-events\\u003d\\\"none\\\" d\\u003d\\\"M414 0 L 414 162\\\"/\\u003e\\u003c/g\\u003e\\u003cg class\\u003d\\\"panelgridline\\\" display\\u003d\\\"inherit\\\"\\u003e\\u003cpath stroke-width\\u003d\\\"1\\\" stroke\\u003d\\\"silver\\\" fill\\u003d\\\"none\\\" stroke-dasharray\\u003d\\\"4,2\\\" pointer-events\\u003d\\\"none\\\" d\\u003d\\\"M421 0 L 421 162\\\"/\\u003e\\u003c/g\\u003e\\u003cg class\\u003d\\\"panelgridline\\\" display\\u003d\\\"inherit\\\"\\u003e\\u003cpath stroke-width\\u003d\\\"1\\\" stroke\\u003d\\\"silver\\\" fill\\u003d\\\"none\\\" stroke-dasharray\\u003d\\\"4,2\\\" pointer-events\\u003d\\\"none\\\" d\\u003d\\\"M496 0 L 496 162\\\"/\\u003e\\u003c/g\\u003e\\u003cg class\\u003d\\\"panelgridline\\\" display\\u003d\\\"inherit\\\"\\u003e\\u003cpath stroke-width\\u003d\\\"1\\\" stroke\\u003d\\\"silver\\\" fill\\u003d\\\"none\\\" stroke-dasharray\\u003d\\\"4,2\\\" pointer-events\\u003d\\\"none\\\" d\\u003d\\\"M503 0 L 503 162\\\"/\\u003e\\u003c/g\\u003e\\u003cg class\\u003d\\\"panelgridline\\\" display\\u003d\\\"inherit\\\"\\u003e\\u003cpath stroke-width\\u003d\\\"1\\\" stroke\\u003d\\\"silver\\\" fill\\u003d\\\"none\\\" stroke-dasharray\\u003d\\\"4,2\\\" pointer-events\\u003d\\\"none\\\" d\\u003d\\\"M578 0 L 578 162\\\"/\\u003e\\u003c/g\\u003e\\u003cg class\\u003d\\\"panelgridline\\\" display\\u003d\\\"inherit\\\"\\u003e\\u003cpath stroke-width\\u003d\\\"1\\\" stroke\\u003d\\\"silver\\\" fill\\u003d\\\"none\\\" stroke-dasharray\\u003d\\\"4,2\\\" pointer-events\\u003d\\\"none\\\" d\\u003d\\\"M585 0 L 585 162\\\"/\\u003e\\u003c/g\\u003e\\u003cg class\\u003d\\\"panelgridline\\\" display\\u003d\\\"inherit\\\"\\u003e\\u003cpath stroke-width\\u003d\\\"1\\\" stroke\\u003d\\\"silver\\\" fill\\u003d\\\"none\\\" stroke-dasharray\\u003d\\\"4,2\\\" pointer-events\\u003d\\\"none\\\" d\\u003d\\\"M660 0 L 660 162\\\"/\\u003e\\u003c/g\\u003e\\u003cg class\\u003d\\\"panelgridline\\\" display\\u003d\\\"inherit\\\"\\u003e\\u003cpath stroke-width\\u003d\\\"1\\\" stroke\\u003d\\\"silver\\\" fill\\u003d\\\"none\\\" stroke-dasharray\\u003d\\\"4,2\\\" pointer-events\\u003d\\\"none\\\" d\\u003d\\\"M667 0 L 667 162\\\"/\\u003e\\u003c/g\\u003e\\u003cg class\\u003d\\\"panelgridline\\\" display\\u003d\\\"inherit\\\"\\u003e\\u003cpath stroke-width\\u003d\\\"1\\\" stroke\\u003d\\\"silver\\\" fill\\u003d\\\"none\\\" stroke-dasharray\\u003d\\\"4,2\\\" pointer-events\\u003d\\\"none\\\" d\\u003d\\\"M742 0 L 742 162\\\"/\\u003e\\u003c/g\\u003e\\u003cg class\\u003d\\\"panelgridline\\\" display\\u003d\\\"inherit\\\"\\u003e\\u003cpath stroke-width\\u003d\\\"1\\\" stroke\\u003d\\\"silver\\\" fill\\u003d\\\"none\\\" stroke-dasharray\\u003d\\\"4,2\\\" pointer-events\\u003d\\\"none\\\" d\\u003d\\\"M749 0 L 749 162\\\"/\\u003e\\u003c/g\\u003e\\u003cg class\\u003d\\\"panelgridline\\\" display\\u003d\\\"inherit\\\"\\u003e\\u003cpath stroke-width\\u003d\\\"1\\\" stroke\\u003d\\\"silver\\\" fill\\u003d\\\"none\\\" stroke-dasharray\\u003d\\\"4,2\\\" pointer-events\\u003d\\\"none\\\" d\\u003d\\\"M824 0 L 824 162\\\"/\\u003e\\u003c/g\\u003e\\u003cg class\\u003d\\\"panelgridline\\\" display\\u003d\\\"inherit\\\"\\u003e\\u003cpath stroke-width\\u003d\\\"1\\\" stroke\\u003d\\\"silver\\\" fill\\u003d\\\"none\\\" stroke-dasharray\\u003d\\\"4,2\\\" pointer-events\\u003d\\\"none\\\" d\\u003d\\\"M831 0 L 831 162\\\"/\\u003e\\u003c/g\\u003e\\u003cg class\\u003d\\\"panelgridline\\\" display\\u003d\\\"inherit\\\"\\u003e\\u003cpath stroke-width\\u003d\\\"1\\\" stroke\\u003d\\\"silver\\\" fill\\u003d\\\"none\\\" stroke-dasharray\\u003d\\\"4,2\\\" pointer-events\\u003d\\\"none\\\" d\\u003d\\\"M906 0 L 906 162\\\"/\\u003e\\u003c/g\\u003e\\u003cg class\\u003d\\\"panelgridline\\\" display\\u003d\\\"inherit\\\"\\u003e\\u003cpath stroke-width\\u003d\\\"1\\\" stroke\\u003d\\\"silver\\\" fill\\u003d\\\"none\\\" stroke-dasharray\\u003d\\\"4,2\\\" pointer-events\\u003d\\\"none\\\" d\\u003d\\\"M913 0 L 913 162\\\"/\\u003e\\u003c/g\\u003e\\u003cg class\\u003d\\\"panelgridline\\\" display\\u003d\\\"inherit\\\"\\u003e\\u003cpath stroke-width\\u003d\\\"1\\\" stroke\\u003d\\\"silver\\\" fill\\u003d\\\"none\\\" stroke-dasharray\\u003d\\\"4,2\\\" pointer-events\\u003d\\\"none\\\" d\\u003d\\\"M988 0 L 988 162\\\"/\\u003e\\u003c/g\\u003e\\u003cg class\\u003d\\\"panelgridline\\\" display\\u003d\\\"none\\\"\\u003e\\u003cpath stroke-width\\u003d\\\"1\\\" stroke\\u003d\\\"silver\\\" fill\\u003d\\\"none\\\" stroke-dasharray\\u003d\\\"4,2\\\" pointer-events\\u003d\\\"none\\\"/\\u003e\\u003c/g\\u003e\\u003cg class\\u003d\\\"panelgridline\\\" display\\u003d\\\"none\\\"\\u003e\\u003cpath stroke-width\\u003d\\\"1\\\" stroke\\u003d\\\"silver\\\" fill\\u003d\\\"none\\\" stroke-dasharray\\u003d\\\"4,2\\\" pointer-events\\u003d\\\"none\\\"/\\u003e\\u003c/g\\u003e\\u003cg class\\u003d\\\"panelgridline\\\" display\\u003d\\\"inherit\\\"\\u003e\\u003cpath stroke-width\\u003d\\\"1\\\" stroke\\u003d\\\"silver\\\" fill\\u003d\\\"none\\\" stroke-dasharray\\u003d\\\"4,2\\\" pointer-events\\u003d\\\"none\\\" d\\u003d\\\"M 0 21 L 999 21\\\"/\\u003e\\u003c/g\\u003e\\u003cg class\\u003d\\\"panelgridline\\\" display\\u003d\\\"inherit\\\"\\u003e\\u003cpath stroke-width\\u003d\\\"1\\\" stroke\\u003d\\\"silver\\\" fill\\u003d\\\"none\\\" stroke-dasharray\\u003d\\\"4,2\\\" pointer-events\\u003d\\\"none\\\" d\\u003d\\\"M 0 79 L 999 79\\\"/\\u003e\\u003c/g\\u003e\\u003cg class\\u003d\\\"panelgridline\\\" display\\u003d\\\"inherit\\\"\\u003e\\u003cpath stroke-width\\u003d\\\"1\\\" stroke\\u003d\\\"silver\\\" fill\\u003d\\\"none\\\" stroke-dasharray\\u003d\\\"4,2\\\" pointer-events\\u003d\\\"none\\\" d\\u003d\\\"M 0 94 L 999 94\\\"/\\u003e\\u003c/g\\u003e\\u003cg class\\u003d\\\"panelgridline\\\" display\\u003d\\\"inherit\\\"\\u003e\\u003cpath stroke-width\\u003d\\\"1\\\" stroke\\u003d\\\"silver\\\" fill\\u003d\\\"none\\\" stroke-dasharray\\u003d\\\"4,2\\\" pointer-events\\u003d\\\"none\\\" d\\u003d\\\"M 0 141 L 999 141\\\"/\\u003e\\u003c/g\\u003e\\u003c/g\\u003e\\u003cg class\\u003d\\\"children\\\" style\\u003d\\\"overflow:hidden\\\"\\u003e\\u003cg id\\u003d\\\"svg-cloud-output1\\\"\\u003e\\u003cg class\\u003d\\\"stencils\\\" transform\\u003d\\\"translate(15, 25)\\\"\\u003e\\u003cg class\\u003d\\\"me\\\"\\u003e\\u003cg oryx:minimumSize\\u003d\\\"28 50\\\" id\\u003d\\\"sid-499FD700-8C68-4D7A-84CA-61A4F41D4909\\\" title\\u003d\\\"Output textarea\\\"\\u003e    \\u003cdefs id\\u003d\\\"sid-499FD700-8C68-4D7A-84CA-61A4F41D4909_sid-499FD700-8C68-4D7A-84CA-61A4F41D4909_2\\\"\\u003e        \\u003cradialGradient id\\u003d\\\"sid-499FD700-8C68-4D7A-84CA-61A4F41D4909transparent\\\" cx\\u003d\\\"10%\\\" cy\\u003d\\\"10%\\\" r\\u003d\\\"100%\\\" fx\\u003d\\\"10%\\\" fy\\u003d\\\"10%\\\"\\u003e      \\u003cstop offset\\u003d\\\"0%\\\" stop-color\\u003d\\\"#ffffff\\\" stop-opacity\\u003d\\\"0\\\" id\\u003d\\\"sid-499FD700-8C68-4D7A-84CA-61A4F41D4909_sid-499FD700-8C68-4D7A-84CA-61A4F41D4909_3\\\"/\\u003e      \\u003cstop offset\\u003d\\\"100%\\\" stop-color\\u003d\\\"#ffffff\\\" stop-opacity\\u003d\\\"0\\\" id\\u003d\\\"sid-499FD700-8C68-4D7A-84CA-61A4F41D4909_sid-499FD700-8C68-4D7A-84CA-61A4F41D4909_4\\\"/\\u003e        \\u003c/radialGradient\\u003e    \\u003c/defs\\u003e        \\u003crect id\\u003d\\\"sid-499FD700-8C68-4D7A-84CA-61A4F41D4909bg_frame\\\" oryx:anchors\\u003d\\\"left top\\\" x\\u003d\\\"0\\\" y\\u003d\\\"0\\\" width\\u003d\\\"969\\\" height\\u003d\\\"48\\\" stroke\\u003d\\\"none\\\" fill\\u003d\\\"url(#sid-499FD700-8C68-4D7A-84CA-61A4F41D4909transparent)\\\"/\\u003e        \\u003cg id\\u003d\\\"sid-499FD700-8C68-4D7A-84CA-61A4F41D4909a\\\"\\u003e     \\u003crect id\\u003d\\\"sid-499FD700-8C68-4D7A-84CA-61A4F41D4909label\\\" oryx:anchors\\u003d\\\"left top\\\" x\\u003d\\\"0\\\" y\\u003d\\\"0\\\" width\\u003d\\\"0\\\" height\\u003d\\\"24\\\" stroke\\u003d\\\"none\\\" fill\\u003d\\\"url(#sid-499FD700-8C68-4D7A-84CA-61A4F41D4909transparent)\\\" display\\u003d\\\"none\\\"/\\u003e      \\u003ctext id\\u003d\\\"sid-499FD700-8C68-4D7A-84CA-61A4F41D4909label_text\\\" oryx:anchors\\u003d\\\"left top\\\" oryx:align\\u003d\\\"middle left\\\" font-size\\u003d\\\"11\\\" x\\u003d\\\"0\\\" y\\u003d\\\"12\\\" stroke\\u003d\\\"black\\\" stroke-width\\u003d\\\"0pt\\\" letter-spacing\\u003d\\\"-0.01px\\\" oryx:fontSize\\u003d\\\"11\\\" display\\u003d\\\"none\\\" transform\\u003d\\\"rotate(0 0 12)\\\" text-anchor\\u003d\\\"start\\\"/\\u003e    \\u003c/g\\u003e       \\u003cg id\\u003d\\\"sid-499FD700-8C68-4D7A-84CA-61A4F41D4909b\\\" stroke\\u003d\\\"#000000\\\"\\u003e      \\u003crect id\\u003d\\\"sid-499FD700-8C68-4D7A-84CA-61A4F41D4909input\\\" oryx:anchors\\u003d\\\"left top\\\" fill\\u003d\\\"#F5F5F5\\\" stroke-dasharray\\u003d\\\"10,2\\\" x\\u003d\\\"0\\\" y\\u003d\\\"0\\\" height\\u003d\\\"48\\\" width\\u003d\\\"957\\\"/\\u003e      \\u003cpath id\\u003d\\\"sid-499FD700-8C68-4D7A-84CA-61A4F41D4909input_dependent\\\" oryx:anchors\\u003d\\\"left top\\\" d\\u003d\\\" M5 5  L23 5  L23 23  L5 23  L5 5  M8 9  L15 9  M11.5 9  L11.5 14  M15 13  L19.5 13  z M7.5 16  L20.5 16  M8 19  L20 19  z\\\" stroke\\u003d\\\"black\\\" fill\\u003d\\\"none\\\" display\\u003d\\\"inherit\\\"/\\u003e         \\u003ctext id\\u003d\\\"sid-499FD700-8C68-4D7A-84CA-61A4F41D4909input_text\\\" oryx:anchors\\u003d\\\"left top\\\" oryx:align\\u003d\\\"top left\\\" font-size\\u003d\\\"11\\\" x\\u003d\\\"30\\\" y\\u003d\\\"18\\\" refX\\u003d\\\"25\\\" refY\\u003d\\\"6\\\" stroke\\u003d\\\"black\\\" fill\\u003d\\\"gray\\\" font-style\\u003d\\\"italic\\\" stroke-width\\u003d\\\"0pt\\\" letter-spacing\\u003d\\\"-0.01px\\\" oryx:fontSize\\u003d\\\"11\\\" transform\\u003d\\\"rotate(0 30 18)\\\" text-anchor\\u003d\\\"start\\\"\\u003e\\u003ctspan dy\\u003d\\\"11\\\" x\\u003d\\\"30\\\" y\\u003d\\\"18\\\" id\\u003d\\\"ext-gen3050\\\"\\u003eUser Verification...\\u003c/tspan\\u003e\\u003c/text\\u003e    \\u003c/g\\u003e        \\u003cg id\\u003d\\\"sid-499FD700-8C68-4D7A-84CA-61A4F41D4909c\\\" transform\\u003d\\\"translate(1,8)\\\"\\u003e     \\u003cpath id\\u003d\\\"sid-499FD700-8C68-4D7A-84CA-61A4F41D4909mandatory_Indicator\\\" oryx:anchors\\u003d\\\"middle left\\\" d\\u003d\\\"m14.30275,11.94655l-2.49912,0l-0.77223,2.37422l-0.77227,-2.37422l-2.49912,0l2.02183,-1.46721l-0.77229,-2.37417l2.02184,1.46732l2.02183,-1.46732l-0.77232,2.37417l2.02184,1.46721z\\\" stroke\\u003d\\\"#ff0000\\\" fill\\u003d\\\"#ff0000\\\" display\\u003d\\\"none\\\" style\\u003d\\\"cursor:pointer\\\"/\\u003e    \\u003c/g\\u003e       \\u003cg id\\u003d\\\"sid-499FD700-8C68-4D7A-84CA-61A4F41D4909d\\\"\\u003e     \\u003cpath id\\u003d\\\"sid-499FD700-8C68-4D7A-84CA-61A4F41D4909feedback_Indicator\\\" oryx:anchors\\u003d\\\"left top\\\" d\\u003d\\\"M300,15 320,15 310,0 Z M310 4 L310 10 Z M310 11 L310 13 Z\\\" stroke\\u003d\\\"black\\\" fill\\u003d\\\"#ff0000\\\" display\\u003d\\\"none\\\"/\\u003e    \\u003c/g\\u003e        \\u003cg id\\u003d\\\"sid-499FD700-8C68-4D7A-84CA-61A4F41D4909e\\\"\\u003e     \\u003crect id\\u003d\\\"sid-499FD700-8C68-4D7A-84CA-61A4F41D4909desc\\\" oryx:anchors\\u003d\\\"left top\\\" stroke\\u003d\\\"none\\\" fill\\u003d\\\"url(#sid-499FD700-8C68-4D7A-84CA-61A4F41D4909transparent)\\\" x\\u003d\\\"0\\\" y\\u003d\\\"0\\\" height\\u003d\\\"24\\\" width\\u003d\\\"957\\\" display\\u003d\\\"none\\\"/\\u003e     \\u003ctext id\\u003d\\\"sid-499FD700-8C68-4D7A-84CA-61A4F41D4909desc_text\\\" oryx:anchors\\u003d\\\"left top\\\" oryx:align\\u003d\\\"middle left\\\" font-size\\u003d\\\"11\\\" x\\u003d\\\"0\\\" y\\u003d\\\"24\\\" stroke\\u003d\\\"black\\\" fill\\u003d\\\"gray\\\" font-style\\u003d\\\"italic\\\" display\\u003d\\\"none\\\" stroke-width\\u003d\\\"0pt\\\" letter-spacing\\u003d\\\"-0.01px\\\" oryx:fontSize\\u003d\\\"11\\\" transform\\u003d\\\"rotate(0 0 24)\\\" text-anchor\\u003d\\\"start\\\"/\\u003e    \\u003c/g\\u003e   \\u003c/g\\u003e\\u003c/g\\u003e\\u003cg class\\u003d\\\"children\\\" style\\u003d\\\"overflow:hidden\\\"/\\u003e\\u003cg class\\u003d\\\"edge\\\"/\\u003e\\u003cpath id\\u003d\\\"warningId-sid-499FD700-8C68-4D7A-84CA-61A4F41D4909\\\" class\\u003d\\\"validationError\\\" title\\u003d\\\"\\\" stroke-width\\u003d\\\"1\\\" stroke\\u003d\\\"red\\\" fill\\u003d\\\"yellow\\\" d\\u003d\\\"M5,-5 L20,-5 L12,-20 z M12,-15 L12,-10 M12,-9 L12,-7\\\" line-captions\\u003d\\\"round\\\" style\\u003d\\\"cursor:pointer\\\" display\\u003d\\\"none\\\"/\\u003e\\u003c/g\\u003e\\u003cg class\\u003d\\\"controls\\\"\\u003e\\u003cg class\\u003d\\\"dockers\\\"/\\u003e\\u003cg class\\u003d\\\"magnets\\\" transform\\u003d\\\"translate(15, 25)\\\"\\u003e\\u003cg pointer-events\\u003d\\\"all\\\" display\\u003d\\\"none\\\" transform\\u003d\\\"translate(577772639465048400, 55.92955019364638)\\\"\\u003e\\u003ccircle cx\\u003d\\\"8\\\" cy\\u003d\\\"8\\\" r\\u003d\\\"4\\\" stroke\\u003d\\\"none\\\" fill\\u003d\\\"red\\\" fill-opacity\\u003d\\\"0.3\\\"/\\u003e\\u003c/g\\u003e\\u003c/g\\u003e\\u003c/g\\u003e\\u003c/g\\u003e\\u003cg id\\u003d\\\"svg-cloud-radiobuttons1\\\"\\u003e\\u003cg class\\u003d\\\"stencils\\\" transform\\u003d\\\"translate(15, 98)\\\"\\u003e\\u003cg class\\u003d\\\"me\\\"\\u003e\\u003cg oryx:minimumSize\\u003d\\\"24 26\\\" id\\u003d\\\"sid-C1FE172B-3449-486E-A8AD-1DEBCD336A73\\\" title\\u003d\\\"Radio button group\\\"\\u003e    \\u003cdefs id\\u003d\\\"sid-C1FE172B-3449-486E-A8AD-1DEBCD336A73_sid-C1FE172B-3449-486E-A8AD-1DEBCD336A73_2\\\"\\u003e          \\u003cradialGradient id\\u003d\\\"sid-C1FE172B-3449-486E-A8AD-1DEBCD336A73transparent\\\" cx\\u003d\\\"10%\\\" cy\\u003d\\\"10%\\\" r\\u003d\\\"100%\\\" fx\\u003d\\\"10%\\\" fy\\u003d\\\"10%\\\"\\u003e      \\u003cstop offset\\u003d\\\"0%\\\" stop-color\\u003d\\\"#ffffff\\\" stop-opacity\\u003d\\\"0\\\" id\\u003d\\\"sid-C1FE172B-3449-486E-A8AD-1DEBCD336A73_sid-C1FE172B-3449-486E-A8AD-1DEBCD336A73_3\\\"/\\u003e      \\u003cstop offset\\u003d\\\"100%\\\" stop-color\\u003d\\\"#ffffff\\\" stop-opacity\\u003d\\\"0\\\" id\\u003d\\\"sid-C1FE172B-3449-486E-A8AD-1DEBCD336A73_sid-C1FE172B-3449-486E-A8AD-1DEBCD336A73_4\\\"/\\u003e       \\u003c/radialGradient\\u003e     \\u003cmarker id\\u003d\\\"sid-C1FE172B-3449-486E-A8AD-1DEBCD336A73radio_marker\\\" markerWidth\\u003d\\\"12\\\" markerHeight\\u003d\\\"12\\\" orient\\u003d\\\"auto\\\"\\u003e      \\u003ccircle cx\\u003d\\\"5\\\" cy\\u003d\\\"6\\\" r\\u003d\\\"4\\\" oryx:anchors\\u003d\\\"left top\\\" stroke\\u003d\\\"black\\\" fill\\u003d\\\"none\\\" id\\u003d\\\"sid-C1FE172B-3449-486E-A8AD-1DEBCD336A73_sid-C1FE172B-3449-486E-A8AD-1DEBCD336A73_5\\\"/\\u003e     \\u003c/marker\\u003e      \\u003cmarker id\\u003d\\\"sid-C1FE172B-3449-486E-A8AD-1DEBCD336A73radio_marker_checked\\\" markerWidth\\u003d\\\"12\\\" markerHeight\\u003d\\\"12\\\" orient\\u003d\\\"auto\\\"\\u003e      \\u003ccircle cx\\u003d\\\"5\\\" cy\\u003d\\\"6\\\" r\\u003d\\\"1\\\" oryx:anchors\\u003d\\\"left top\\\" stroke\\u003d\\\"black\\\" fill\\u003d\\\"none\\\" id\\u003d\\\"sid-C1FE172B-3449-486E-A8AD-1DEBCD336A73_sid-C1FE172B-3449-486E-A8AD-1DEBCD336A73_6\\\"/\\u003e      \\u003ccircle cx\\u003d\\\"5\\\" cy\\u003d\\\"6\\\" r\\u003d\\\"4\\\" oryx:anchors\\u003d\\\"left top\\\" stroke\\u003d\\\"black\\\" fill\\u003d\\\"none\\\" id\\u003d\\\"sid-C1FE172B-3449-486E-A8AD-1DEBCD336A73_sid-C1FE172B-3449-486E-A8AD-1DEBCD336A73_7\\\"/\\u003e     \\u003c/marker\\u003e      \\u003c/defs\\u003e      \\u003crect id\\u003d\\\"sid-C1FE172B-3449-486E-A8AD-1DEBCD336A73bg_frame\\\" oryx:anchors\\u003d\\\"left top\\\" x\\u003d\\\"0\\\" y\\u003d\\\"0\\\" width\\u003d\\\"969\\\" height\\u003d\\\"39\\\" stroke\\u003d\\\"none\\\" fill\\u003d\\\"url(#sid-C1FE172B-3449-486E-A8AD-1DEBCD336A73transparent)\\\"/\\u003e      \\u003cg id\\u003d\\\"sid-C1FE172B-3449-486E-A8AD-1DEBCD336A73a\\\"\\u003e     \\u003crect id\\u003d\\\"sid-C1FE172B-3449-486E-A8AD-1DEBCD336A73label\\\" oryx:anchors\\u003d\\\"left top\\\" x\\u003d\\\"0\\\" y\\u003d\\\"0\\\" width\\u003d\\\"0\\\" height\\u003d\\\"24\\\" stroke\\u003d\\\"none\\\" fill\\u003d\\\"url(#sid-C1FE172B-3449-486E-A8AD-1DEBCD336A73transparent)\\\" display\\u003d\\\"none\\\"/\\u003e     \\u003ctext id\\u003d\\\"sid-C1FE172B-3449-486E-A8AD-1DEBCD336A73label_text\\\" oryx:anchors\\u003d\\\"left top\\\" font-size\\u003d\\\"11\\\" x\\u003d\\\"0\\\" y\\u003d\\\"12\\\" oryx:align\\u003d\\\"middle left\\\" stroke\\u003d\\\"black\\\" stroke-width\\u003d\\\"0pt\\\" letter-spacing\\u003d\\\"-0.01px\\\" oryx:fontSize\\u003d\\\"11\\\" transform\\u003d\\\"rotate(0 0 12)\\\" text-anchor\\u003d\\\"start\\\" display\\u003d\\\"none\\\"/\\u003e    \\u003c/g\\u003e        \\u003cg id\\u003d\\\"sid-C1FE172B-3449-486E-A8AD-1DEBCD336A73b\\\" stroke\\u003d\\\"#000000\\\"\\u003e           \\u003crect id\\u003d\\\"sid-C1FE172B-3449-486E-A8AD-1DEBCD336A73input\\\" oryx:anchors\\u003d\\\"left top\\\" fill\\u003d\\\"#F5F5F5\\\" x\\u003d\\\"0\\\" y\\u003d\\\"0\\\" height\\u003d\\\"39\\\" width\\u003d\\\"957\\\"/\\u003e\\u003ctext id\\u003d\\\"sid-C1FE172B-3449-486E-A8AD-1DEBCD336A73input_text\\\" oryx:anchors\\u003d\\\"left top\\\" oryx:align\\u003d\\\"middle left\\\" font-size\\u003d\\\"11\\\" x\\u003d\\\"5\\\" y\\u003d\\\"27\\\" refX\\u003d\\\"0\\\" refY\\u003d\\\"15\\\" stroke\\u003d\\\"black\\\" fill\\u003d\\\"gray\\\" font-style\\u003d\\\"italic\\\" stroke-width\\u003d\\\"0pt\\\" letter-spacing\\u003d\\\"-0.01px\\\" oryx:fontSize\\u003d\\\"11\\\" transform\\u003d\\\"rotate(0 5 27)\\\" text-anchor\\u003d\\\"start\\\"\\u003e\\u003ctspan dy\\u003d\\\"4\\\" x\\u003d\\\"5\\\" y\\u003d\\\"27\\\" id\\u003d\\\"ext-gen3199\\\"\\u003e{{root.approval}}\\u003c/tspan\\u003e\\u003c/text\\u003e\\u003cpath id\\u003d\\\"sid-C1FE172B-3449-486E-A8AD-1DEBCD336A73input_dependentradio_0\\\" d\\u003d\\\"M5,5 L17,5\\\" stroke\\u003d\\\"none\\\" fill\\u003d\\\"#ffffff\\\" marker-start\\u003d\\\"url(#sid-C1FE172B-3449-486E-A8AD-1DEBCD336A73radio_marker_checked)\\\" refX\\u003d\\\"5\\\" refY\\u003d\\\"5\\\" oryx:anchors\\u003d\\\"left top\\\"/\\u003e\\u003ctext id\\u003d\\\"sid-C1FE172B-3449-486E-A8AD-1DEBCD336A73input_dependent_textradio_0\\\" width\\u003d\\\"59\\\" height\\u003d\\\"24\\\" x\\u003d\\\"22\\\" y\\u003d\\\"15\\\" font-size\\u003d\\\"12px\\\" stroke-width\\u003d\\\"0pt\\\" stroke\\u003d\\\"black\\\" refX\\u003d\\\"22\\\" refY\\u003d\\\"15\\\" oryx:anchors\\u003d\\\"left top\\\" oryx:align\\u003d\\\"middle left\\\" letter-spacing\\u003d\\\"-0.01px\\\" transform\\u003d\\\"rotate(0 22 15)\\\" oryx:fontSize\\u003d\\\"12\\\" text-anchor\\u003d\\\"start\\\"\\u003e\\u003ctspan dy\\u003d\\\"0\\\" x\\u003d\\\"22\\\" y\\u003d\\\"15\\\"\\u003eApproved\\u003c/tspan\\u003e\\u003c/text\\u003e\\u003cpath id\\u003d\\\"sid-C1FE172B-3449-486E-A8AD-1DEBCD336A73input_dependentradio_1\\\" d\\u003d\\\"M96,5 L108,5\\\" stroke\\u003d\\\"none\\\" fill\\u003d\\\"#ffffff\\\" marker-start\\u003d\\\"url(#sid-C1FE172B-3449-486E-A8AD-1DEBCD336A73radio_marker)\\\" refX\\u003d\\\"96\\\" refY\\u003d\\\"5\\\" oryx:anchors\\u003d\\\"left top\\\"/\\u003e\\u003ctext id\\u003d\\\"sid-C1FE172B-3449-486E-A8AD-1DEBCD336A73input_dependent_textradio_1\\\" width\\u003d\\\"53\\\" height\\u003d\\\"24\\\" x\\u003d\\\"113\\\" y\\u003d\\\"15\\\" font-size\\u003d\\\"12px\\\" stroke-width\\u003d\\\"0pt\\\" stroke\\u003d\\\"black\\\" refX\\u003d\\\"113\\\" refY\\u003d\\\"15\\\" oryx:anchors\\u003d\\\"left top\\\" oryx:align\\u003d\\\"middle left\\\" letter-spacing\\u003d\\\"-0.01px\\\" transform\\u003d\\\"rotate(0 113 15)\\\" oryx:fontSize\\u003d\\\"12\\\" text-anchor\\u003d\\\"start\\\"\\u003e\\u003ctspan dy\\u003d\\\"0\\\" x\\u003d\\\"113\\\" y\\u003d\\\"15\\\"\\u003eRejected\\u003c/tspan\\u003e\\u003c/text\\u003e\\u003c/g\\u003e          \\u003cg id\\u003d\\\"sid-C1FE172B-3449-486E-A8AD-1DEBCD336A73c\\\" transform\\u003d\\\"translate(1,8)\\\"\\u003e     \\u003cpath id\\u003d\\\"sid-C1FE172B-3449-486E-A8AD-1DEBCD336A73mandatory_Indicator\\\" oryx:anchors\\u003d\\\"middle left\\\" d\\u003d\\\" m968.54274 3.8413800000000027  l-2.49912 0  l-0.77223 2.37422  l-0.77227 -2.37422  l-2.49912 0  l2.02183 -1.46721  l-0.77229 -2.37417  l2.02184 1.46732  l2.02183 -1.46732  l-0.77232 2.37417  l2.02184 1.46721  z\\\" stroke\\u003d\\\"#ff0000\\\" fill\\u003d\\\"#ff0000\\\" style\\u003d\\\"cursor:pointer\\\" display\\u003d\\\"inherit\\\"/\\u003e    \\u003c/g\\u003e      \\u003cg id\\u003d\\\"sid-C1FE172B-3449-486E-A8AD-1DEBCD336A73d\\\"\\u003e     \\u003cpath id\\u003d\\\"sid-C1FE172B-3449-486E-A8AD-1DEBCD336A73feedback_Indicator\\\" oryx:anchors\\u003d\\\"left top\\\" d\\u003d\\\"M300,15 320,15 310,0 Z M310 4 L310 10 Z M310 11 L310 13 Z\\\" stroke\\u003d\\\"black\\\" fill\\u003d\\\"#ff0000\\\" display\\u003d\\\"none\\\"/\\u003e    \\u003c/g\\u003e        \\u003cg id\\u003d\\\"sid-C1FE172B-3449-486E-A8AD-1DEBCD336A73e\\\"\\u003e     \\u003crect id\\u003d\\\"sid-C1FE172B-3449-486E-A8AD-1DEBCD336A73desc\\\" oryx:anchors\\u003d\\\"left top\\\" stroke\\u003d\\\"none\\\" fill\\u003d\\\"url(#sid-C1FE172B-3449-486E-A8AD-1DEBCD336A73transparent)\\\" x\\u003d\\\"0\\\" y\\u003d\\\"0\\\" height\\u003d\\\"24\\\" width\\u003d\\\"957\\\" display\\u003d\\\"none\\\"/\\u003e     \\u003ctext id\\u003d\\\"sid-C1FE172B-3449-486E-A8AD-1DEBCD336A73desc_text\\\" oryx:anchors\\u003d\\\"left top\\\" oryx:align\\u003d\\\"middle left\\\" font-size\\u003d\\\"11\\\" x\\u003d\\\"0\\\" y\\u003d\\\"19\\\" stroke\\u003d\\\"black\\\" fill\\u003d\\\"gray\\\" font-style\\u003d\\\"italic\\\" display\\u003d\\\"none\\\" stroke-width\\u003d\\\"0pt\\\" letter-spacing\\u003d\\\"-0.01px\\\" oryx:fontSize\\u003d\\\"11\\\" transform\\u003d\\\"rotate(0 0 19)\\\" text-anchor\\u003d\\\"start\\\"/\\u003e    \\u003c/g\\u003e       \\u003c/g\\u003e\\u003c/g\\u003e\\u003cg class\\u003d\\\"children\\\" style\\u003d\\\"overflow:hidden\\\"/\\u003e\\u003cg class\\u003d\\\"edge\\\"/\\u003e\\u003cpath id\\u003d\\\"warningId-sid-C1FE172B-3449-486E-A8AD-1DEBCD336A73\\\" class\\u003d\\\"validationError\\\" title\\u003d\\\"\\\" stroke-width\\u003d\\\"1\\\" stroke\\u003d\\\"red\\\" fill\\u003d\\\"yellow\\\" d\\u003d\\\"M5,-5 L20,-5 L12,-20 z M12,-15 L12,-10 M12,-9 L12,-7\\\" line-captions\\u003d\\\"round\\\" style\\u003d\\\"cursor:pointer\\\" display\\u003d\\\"none\\\"/\\u003e\\u003c/g\\u003e\\u003cg class\\u003d\\\"controls\\\"\\u003e\\u003cg class\\u003d\\\"dockers\\\"/\\u003e\\u003cg class\\u003d\\\"magnets\\\" transform\\u003d\\\"translate(15, 98)\\\"\\u003e\\u003cg pointer-events\\u003d\\\"all\\\" display\\u003d\\\"none\\\" transform\\u003d\\\"translate(53734342443.050095, 6.5)\\\"\\u003e\\u003ccircle cx\\u003d\\\"8\\\" cy\\u003d\\\"8\\\" r\\u003d\\\"4\\\" stroke\\u003d\\\"none\\\" fill\\u003d\\\"red\\\" fill-opacity\\u003d\\\"0.3\\\"/\\u003e\\u003c/g\\u003e\\u003c/g\\u003e\\u003c/g\\u003e\\u003c/g\\u003e\\u003c/g\\u003e\\u003cg class\\u003d\\\"edge\\\"/\\u003e\\u003cpath id\\u003d\\\"warningId-sid-1032417D-DCA3-4A02-974E-D16CAA504B57\\\" class\\u003d\\\"validationError\\\" title\\u003d\\\"\\\" stroke-width\\u003d\\\"1\\\" stroke\\u003d\\\"red\\\" fill\\u003d\\\"yellow\\\" d\\u003d\\\"M5,-5 L20,-5 L12,-20 z M12,-15 L12,-10 M12,-9 L12,-7\\\" line-captions\\u003d\\\"round\\\" style\\u003d\\\"cursor:pointer\\\" display\\u003d\\\"none\\\"/\\u003e\\u003cg class\\u003d\\\"panelcell\\\" display\\u003d\\\"none\\\" transform\\u003d\\\"translate(0, 79)\\\"\\u003e\\u003crect x\\u003d\\\"0\\\" y\\u003d\\\"0\\\" stroke-width\\u003d\\\"2\\\" stroke\\u003d\\\"#00FF00\\\" fill\\u003d\\\"none\\\" pointer-events\\u003d\\\"none\\\" width\\u003d\\\"999\\\" height\\u003d\\\"19\\\"/\\u003e\\u003c/g\\u003e\\u003c/g\\u003e\\u003cg class\\u003d\\\"controls\\\"\\u003e\\u003cg class\\u003d\\\"dockers\\\"/\\u003e\\u003cg class\\u003d\\\"magnets\\\" transform\\u003d\\\"translate(50, 50)\\\"\\u003e\\u003cg pointer-events\\u003d\\\"all\\\" display\\u003d\\\"none\\\" transform\\u003d\\\"translate(491.5000000000004, 73)\\\"\\u003e\\u003ccircle cx\\u003d\\\"8\\\" cy\\u003d\\\"8\\\" r\\u003d\\\"4\\\" stroke\\u003d\\\"none\\\" fill\\u003d\\\"red\\\" fill-opacity\\u003d\\\"0.3\\\"/\\u003e\\u003c/g\\u003e\\u003c/g\\u003e\\u003c/g\\u003e\\u003c/g\\u003e\\u003c/g\\u003e\\u003cg class\\u003d\\\"edge\\\"/\\u003e\\u003c/g\\u003e\\u003c/g\\u003e\\u003c/svg\\u003e\",\"modelRuntimeJson\":\"{\\\"rows\\\":[{\\\"cols\\\":[{\\\"isRequired\\\":false,\\\"size\\\":12,\\\"extraSettings\\\":{\\\"richEditorDisplay\\\":true},\\\"labelAlign\\\":\\\"left\\\",\\\"defaultValue\\\":false,\\\"editable\\\":false,\\\"isVisible\\\":true,\\\"id\\\":\\\"cloud-output1\\\",\\\"type\\\":\\\"textarea\\\",\\\"value\\\":\\\"\\u003cdiv\\u003e\\u003ch1\\u003eUser Verification\\u003c\\\\/h1\\u003e\\u003cdiv\\u003eVerify user is permitted by Department 3 to register with Department 1\\u003c\\\\/div\\u003e\\u003ch2\\u003eBasic Information\\u003c\\\\/h2\\u003e\\u003cp\\u003e\\u003cspan style\\u003d\\\\\\\"font-size:14px;\\\\\\\"\\u003e\\u003cb\\u003e{{root.name}}\\u003c\\\\/b\\u003e\\u003c\\\\/span\\u003e\\u003c\\\\/p\\u003e\\u003cp\\u003e\\u003cspan style\\u003d\\\\\\\"font-size:14px;\\\\\\\"\\u003eAddress:\\u003c\\\\/span\\u003e\\u003c\\\\/p\\u003e\\u003cp\\u003e\\u003cspan style\\u003d\\\\\\\"font-size:11px;\\\\\\\"\\u003e{{root.street}} {{root.houseNumber}}\\u003c\\\\/span\\u003e\\u003c\\\\/p\\u003e\\u003cdiv\\u003e\\u003cspan style\\u003d\\\\\\\"font-size:11px;\\\\\\\"\\u003e{{root.code}} {{root.place}}\\u003c\\\\/span\\u003e\\u003c\\\\/div\\u003e\\u003c\\\\/div\\u003e\\\",\\\"helpMessage\\\":{\\\"position\\\":\\\"bottom\\\"},\\\"i18n\\\":{\\\"fr\\\":{\\\"value\\\":\\\"\\u003cdiv\\u003e\\u003ch1\\u003eUser Verification\\u003c\\\\/h1\\u003e\\u003cdiv\\u003eVerify user is permitted by Department 3 to register with Department 1\\u003c\\\\/div\\u003e\\u003ch2\\u003eBasic Information\\u003c\\\\/h2\\u003e\\u003cp\\u003e\\u003cspan style\\u003d\\\\\\\"font-size:14px;\\\\\\\"\\u003e\\u003cb\\u003e{{root.name}}\\u003c\\\\/b\\u003e\\u003c\\\\/span\\u003e\\u003c\\\\/p\\u003e\\u003cp\\u003e\\u003cspan style\\u003d\\\\\\\"font-size:14px;\\\\\\\"\\u003eAddress:\\u003c\\\\/span\\u003e\\u003c\\\\/p\\u003e\\u003cp\\u003e\\u003cspan style\\u003d\\\\\\\"font-size:11px;\\\\\\\"\\u003e{{root.street}} {{root.houseNumber}}\\u003c\\\\/span\\u003e\\u003c\\\\/p\\u003e\\u003cdiv\\u003e\\u003cspan style\\u003d\\\\\\\"font-size:11px;\\\\\\\"\\u003e{{root.code}} {{root.place}}\\u003c\\\\/span\\u003e\\u003c\\\\/div\\u003e\\u003c\\\\/div\\u003e\\\"}}}]},{\\\"cols\\\":[{\\\"isRequired\\\":true,\\\"extraSettings\\\":{\\\"display\\\":\\\"Horizontal\\\",\\\"options\\\":[{\\\"text\\\":\\\"Approved\\\",\\\"value\\\":\\\"approved\\\"},{\\\"text\\\":\\\"Rejected\\\",\\\"value\\\":\\\"rejected\\\"}]},\\\"size\\\":12,\\\"labelAlign\\\":\\\"left\\\",\\\"defaultValue\\\":\\\"rejected\\\",\\\"editable\\\":true,\\\"isVisible\\\":true,\\\"id\\\":\\\"cloud-radiobuttons1\\\",\\\"type\\\":\\\"radio\\\",\\\"value\\\":\\\"{{root.approval}}\\\",\\\"helpMessage\\\":{\\\"position\\\":\\\"bottom\\\"},\\\"i18n\\\":{\\\"fr\\\":{\\\"extraSettings\\\":{\\\"options\\\":[{\\\"text\\\":\\\"Approved\\\",\\\"value\\\":\\\"approved\\\"},{\\\"text\\\":\\\"Rejected\\\",\\\"value\\\":\\\"rejected\\\"}]}}}}]}]}\",\"modelRevisionTime\":\"1473751174224\",\"comment\":\"\"}"
  }, {
    "name" : "_revisions",
    "type" : "java.lang.String",
    "value" : "{\"1473672546872\":\"51de56c9-e2ea-45a3-ad27-5672806b0516\",\"1473672667455\":\"ae2f71bc-bdfb-4954-883c-4c5f694a3ee3\",\"1473685766588\":\"b283ce2c-5ee3-48c3-9c33-6b8e626f6284\",\"1473685772844\":\"0bf5a129-0552-456e-b142-865c87c011a3\",\"1473687962210\":\"c04c9d38-2826-45ea-84a2-ab138444cabd\",\"1473688267113\":\"e06a171f-0266-4399-aa4d-747652533f75\",\"1473694628010\":\"36ffe4bb-7f35-4eb7-a4ac-ba07f032c1fd\",\"1473695338515\":\"708fdc0d-5997-41e7-aca6-48f021bbdc37\",\"1473695419009\":\"53c39e4f-7625-48f0-a5af-3f3fa279bbb2\"}"
  }, {
    "name" : "description",
    "type" : null,
    "value" : null
  }, {
    "name" : "guid",
    "type" : "java.lang.String",
    "value" : "52d7bc98-a935-43df-afa0-064711e4f948"
  }, {
    "name" : "key",
    "type" : "java.lang.String",
    "value" : "edoras-064711e4f948"
  } ],
  "stateUpdateTime" : null,
  "subStateUpdateTime" : "2016-09-13T07:19:34.241Z",
  "ownerId" : "GEAR-16720586-e205-40d1-a4b6-f25d5df185a4",
  "assigneeId" : "GEAR-16720586-e205-40d1-a4b6-f25d5df185a4",
  "initialAssigneeId" : "GEAR-16720586-e205-40d1-a4b6-f25d5df185a4",
  "previousAssigneeId" : null,
  "assignedGroupId" : null,
  "initialAssignedGroupId" : null,
  "previousAssignedGroupId" : null,
  "candidateUserIds" : [ ],
  "candidateGroupIds" : [ "GEAR-486911b3-223a-463a-aab3-05cd153ea3d6" ],
  "priority" : null,
  "resubmissionTime" : null,
  "dueTime" : null,
  "assigneeIdUpdateTime" : null,
  "assignedGroupIdUpdateTime" : null,
  "path" : [ "WRK(GEAR-48ac0c24-2a14-4f4b-b9a3-eab8ecbcb75f)", "WRK(GEAR-4e60c5dd-1a28-4585-ad33-d7ed9e149788)" ]
}