{
  "_entityClassifier" : "WRK",
  "id" : "WRK(GEAR-17818486-fbd4-45a9-8e93-dbec346d83de)",
  "globalId" : "CASE_MODEL-3a042f30-15a2-4cf9-8580-362ccba3c406",
  "externalId" : "WRK(18279e5e-f0ae-4a7d-8c60-eb9cbf89059e)",
  "providerId" : "com.edorasware.cloud.core.provider.model.CaseModelProvider",
  "tenantId" : "48b5f668-46b3-428c-850b-f4e1a62cccc3",
  "name" : "Dept 2 Dashboard Case",
  "creationTime" : "2016-09-13T07:12:53.858Z",
  "updateTime" : "2016-09-13T07:13:58.396Z",
  "type" : "CASE_MODEL",
  "modificationVersion" : 3,
  "modificationCreatorId" : "GEAR-16720586-e205-40d1-a4b6-f25d5df185a4",
  "modificationUpdaterId" : "GEAR-16720586-e205-40d1-a4b6-f25d5df185a4",
  "definitionId" : "GEAR-b694c91c-c0e7-48c3-9280-db4173f3dd39",
  "state" : "ACTIVE",
  "subState" : "ACTIVE",
  "variables" : [ {
    "name" : "_comment",
    "type" : "java.lang.String",
    "value" : "[{\"author\":\"Administrator\",\"authorId\":\"GEAR-16720586-e205-40d1-a4b6-f25d5df185a4\",\"date\":\"2016-09-13T07:12:53.882Z\",\"text\":\"Created\",\"deletable\":false,\"replies\":[]},{\"author\":\"Administrator\",\"authorId\":\"GEAR-16720586-e205-40d1-a4b6-f25d5df185a4\",\"date\":\"2016-09-13T07:13:58.392Z\",\"text\":\"Deployed\",\"deletable\":false,\"replies\":[]}]"
  }, {
    "name" : "_latestModelRevision",
    "type" : "java.lang.String",
    "value" : "{\"revisionId\":\"4d88efb1-8063-43e3-b1bb-c2aaa16dc12c\",\"modelJson\":\"{\\r\\n    \\\"resourceId\\\" : \\\"canvas\\\",\\r\\n    \\\"properties\\\" : {\\r\\n        \\\"xmlTag\\\" : \\\"CASEDiagram\\\",\\r\\n        \\\"targetnamespace\\\" : \\\"Test Workspace\\\",\\r\\n        \\\"id\\\" : \\\"edoras-d91eaddd38b5\\\",\\r\\n        \\\"name\\\" : \\\"Dept 2 Dashboard Case\\\",\\r\\n        \\\"documentation\\\" : \\\"\\\",\\r\\n        \\\"stencilid\\\" : \\\"CASEDiagram\\\",\\r\\n        \\\"stencilsuperid\\\" : \\\"CASEDiagram\\\",\\r\\n        \\\"stencilsuperids\\\" : [ \\\"CASEDiagram\\\" ],\\r\\n        \\\"customstencil\\\" : true,\\r\\n        \\\"guid\\\" : \\\"c4bbea99-52d7-4491-af9d-d91eaddd38b5\\\",\\r\\n        \\\"labelexpression\\\" : \\\"\\\",\\r\\n        \\\"version\\\" : \\\"\\\",\\r\\n        \\\"author\\\" : \\\"\\\",\\r\\n        \\\"language\\\" : \\\"English\\\",\\r\\n        \\\"namespaces\\\" : \\\"\\\",\\r\\n        \\\"creationdate\\\" : \\\"\\\",\\r\\n        \\\"modificationdate\\\" : \\\"\\\"\\r\\n    },\\r\\n    \\\"xmlProperties\\\" : [ ],\\r\\n    \\\"pathProperties\\\" : { },\\r\\n    \\\"stencil\\\" : {\\r\\n        \\\"id\\\" : \\\"CASEDiagram\\\"\\r\\n    },\\r\\n    \\\"childShapes\\\" : [ {\\r\\n        \\\"resourceId\\\" : \\\"onecaseplanmodel1\\\",\\r\\n        \\\"properties\\\" : {\\r\\n            \\\"xmlTag\\\" : \\\"CasePlanModel\\\",\\r\\n            \\\"id\\\" : \\\"onecaseplanmodel1\\\",\\r\\n            \\\"name\\\" : \\\"Case plan model\\\",\\r\\n            \\\"documentation\\\" : \\\"\\\",\\r\\n            \\\"stencilid\\\" : \\\"onecaseplanmodel\\\",\\r\\n            \\\"stencilsuperid\\\" : \\\"CasePlanModel\\\",\\r\\n            \\\"stencilsuperids\\\" : [ \\\"CasePlanModel\\\" ],\\r\\n            \\\"customstencil\\\" : true,\\r\\n            \\\"autocomplete\\\" : false,\\r\\n            \\\"bordercolor\\\" : \\\"#000000\\\",\\r\\n            \\\"value\\\" : \\\"\\\",\\r\\n            \\\"bgcolor\\\" : \\\"#ffffff\\\",\\r\\n            \\\"customstencilid\\\" : \\\"onecaseplanmodel\\\",\\r\\n            \\\"customnamespace\\\" : \\\"http://b3mn.org/stencilset/default.case.palette.xml#\\\"\\r\\n        },\\r\\n        \\\"xmlProperties\\\" : [ \\\"name\\\", \\\"name_de_de\\\", \\\"name_de_de-run\\\", \\\"name_en_us\\\", \\\"name_en_us-run\\\", \\\"name_es_es\\\", \\\"name_es_es-run\\\", \\\"name_fr_fr\\\", \\\"name_fr_fr-run\\\", \\\"name-run\\\" ],\\r\\n        \\\"pathProperties\\\" : { },\\r\\n        \\\"stencil\\\" : {\\r\\n            \\\"id\\\" : \\\"CasePlanModel\\\"\\r\\n        },\\r\\n        \\\"childShapes\\\" : [ ],\\r\\n        \\\"outgoing\\\" : [ ],\\r\\n        \\\"bounds\\\" : {\\r\\n            \\\"lowerRight\\\" : {\\r\\n                \\\"x\\\" : 623,\\r\\n                \\\"y\\\" : 265\\r\\n            },\\r\\n            \\\"upperLeft\\\" : {\\r\\n                \\\"x\\\" : 30,\\r\\n                \\\"y\\\" : 45\\r\\n            }\\r\\n        },\\r\\n        \\\"dockers\\\" : [ ]\\r\\n    } ],\\r\\n    \\\"bounds\\\" : {\\r\\n        \\\"lowerRight\\\" : {\\r\\n            \\\"x\\\" : 1485,\\r\\n            \\\"y\\\" : 1050\\r\\n        },\\r\\n        \\\"upperLeft\\\" : {\\r\\n            \\\"x\\\" : 0,\\r\\n            \\\"y\\\" : 0\\r\\n        }\\r\\n    },\\r\\n    \\\"outputmappingproperties\\\" : {\\r\\n        \\\"namespaces\\\" : {\\r\\n            \\\"type\\\" : \\\"complex\\\",\\r\\n            \\\"placeholders\\\" : [ ]\\r\\n        }\\r\\n    },\\r\\n    \\\"stencilset\\\" : {\\r\\n        \\\"url\\\" : \\\"/edoras-one-hosted/vis/editor/stencilsets//case1.0/case1.0.json\\\",\\r\\n        \\\"namespace\\\" : \\\"http://b3mn.org/stencilset/case1.0#\\\"\\r\\n    },\\r\\n    \\\"ssextensions\\\" : [ \\\"http://b3mn.org/stencilset/default.case.palette.xml#\\\" ]\\r\\n}\",\"modelXml\":\"\\u003c?xml version\\u003d\\\"1.0\\\" encoding\\u003d\\\"UTF-8\\\"?\\u003e\\r\\n\\u003ccmmn:definitions xmlns:cmmn\\u003d\\\"http://www.omg.org/spec/CMMN/20131201/MODEL\\\" author\\u003d\\\"\\\" exporterVersion\\u003d\\\"\\\" id\\u003d\\\"edoras-d91eaddd38b5\\\" name\\u003d\\\"Dept 2 Dashboard Case\\\" targetNamespace\\u003d\\\"http://www.omg.org/spec/CMMN/20131201/MODEL\\\"\\u003e\\r\\n    \\u003ccmmn:case\\u003e\\r\\n        \\u003ccmmn:casePlanModel autoComplete\\u003d\\\"false\\\" id\\u003d\\\"onecaseplanmodel1\\\" name\\u003d\\\"Case plan model\\\"/\\u003e\\r\\n    \\u003c/cmmn:case\\u003e\\r\\n\\u003c/cmmn:definitions\\u003e\\r\\n\",\"modelSvg\":\"\\u003csvg xmlns\\u003d\\\"http://www.w3.org/2000/svg\\\" xmlns:oryx\\u003d\\\"http://oryx-editor.org\\\" id\\u003d\\\"sid-A5990AF9-A970-4FD6-BBCF-7377BEFA8984\\\" width\\u003d\\\"643\\\" height\\u003d\\\"270\\\" xmlns:xlink\\u003d\\\"http://www.w3.org/1999/xlink\\\" xmlns:svg\\u003d\\\"http://www.w3.org/2000/svg\\\"\\u003e\\u003cdefs/\\u003e\\u003cg stroke\\u003d\\\"black\\\" font-family\\u003d\\\"Verdana, sans-serif\\\" font-size-adjust\\u003d\\\"none\\\" font-style\\u003d\\\"normal\\\" font-variant\\u003d\\\"normal\\\" font-weight\\u003d\\\"normal\\\" line-heigth\\u003d\\\"normal\\\" font-size\\u003d\\\"12\\\"\\u003e\\u003cg class\\u003d\\\"stencils\\\" transform\\u003d\\\"translate(-5, -20)\\\"\\u003e\\u003cg class\\u003d\\\"me\\\"/\\u003e\\u003cg class\\u003d\\\"children\\\"\\u003e\\u003cg id\\u003d\\\"svg-onecaseplanmodel1\\\"\\u003e\\u003cg class\\u003d\\\"stencils\\\" transform\\u003d\\\"translate(30, 45)\\\"\\u003e\\u003cg class\\u003d\\\"me\\\"\\u003e\\u003cg pointer-events\\u003d\\\"fill\\\" oryx:minimumSize\\u003d\\\"580 220\\\" id\\u003d\\\"sid-0A7323A7-0083-4E48-80A4-7BD6E260C677\\\" title\\u003d\\\"Case plan model\\\"\\u003e        \\u003cpath id\\u003d\\\"sid-0A7323A7-0083-4E48-80A4-7BD6E260C677input_dependent\\\" oryx:resize\\u003d\\\"vertical horizontal\\\" d\\u003d\\\" M0 0  L593 0  L593 220  L0 220  L0 0  z\\\" stroke\\u003d\\\"#000000\\\" fill\\u003d\\\"none\\\"/\\u003e           \\u003cpath id\\u003d\\\"sid-0A7323A7-0083-4E48-80A4-7BD6E260C677text_path\\\" d\\u003d\\\" M13 25  L30 4  L268 4  L284 25 \\\" stroke\\u003d\\\"#000000\\\" fill\\u003d\\\"none\\\" transform\\u003d\\\"translate(0,-25)\\\" oryx:anchors\\u003d\\\"top left\\\"/\\u003e         \\u003ctext id\\u003d\\\"sid-0A7323A7-0083-4E48-80A4-7BD6E260C677text_name\\\" font-size\\u003d\\\"12\\\" x\\u003d\\\"143\\\" y\\u003d\\\"-12\\\" oryx:fittoelem\\u003d\\\"text_path\\\" oryx:anchors\\u003d\\\"top left\\\" oryx:align\\u003d\\\"middle center\\\" stroke\\u003d\\\"black\\\" stroke-width\\u003d\\\"0pt\\\" letter-spacing\\u003d\\\"-0.01px\\\" transform\\u003d\\\"rotate(0 143 -12)\\\" oryx:fontSize\\u003d\\\"12\\\" text-anchor\\u003d\\\"middle\\\"\\u003e\\u003ctspan x\\u003d\\\"143\\\" y\\u003d\\\"-12\\\" dy\\u003d\\\"5\\\" id\\u003d\\\"ext-gen596\\\"\\u003eCase plan model\\u003c/tspan\\u003e\\u003c/text\\u003e    \\u003cg id\\u003d\\\"sid-0A7323A7-0083-4E48-80A4-7BD6E260C677autoComplete\\\" display\\u003d\\\"none\\\" stroke\\u003d\\\"#000000\\\"\\u003e         \\u003cpath d\\u003d\\\" M283 201  L295 201  L295 217  L283 217  L283 203  z\\\" oryx:anchors\\u003d\\\"bottom center\\\" id\\u003d\\\"sid-0A7323A7-0083-4E48-80A4-7BD6E260C677_sid-0A7323A7-0083-4E48-80A4-7BD6E260C677_2\\\"/\\u003e    \\u003c/g\\u003e       \\u003c/g\\u003e\\u003c/g\\u003e\\u003cg class\\u003d\\\"children\\\" style\\u003d\\\"overflow:hidden\\\"/\\u003e\\u003cg class\\u003d\\\"edge\\\"/\\u003e\\u003c/g\\u003e\\u003cg class\\u003d\\\"controls\\\"\\u003e\\u003cg class\\u003d\\\"dockers\\\"/\\u003e\\u003cg class\\u003d\\\"magnets\\\" transform\\u003d\\\"translate(30, 45)\\\"\\u003e\\u003cg pointer-events\\u003d\\\"all\\\" display\\u003d\\\"none\\\" transform\\u003d\\\"translate(288.5, 102)\\\"\\u003e\\u003ccircle cx\\u003d\\\"8\\\" cy\\u003d\\\"8\\\" r\\u003d\\\"4\\\" stroke\\u003d\\\"none\\\" fill\\u003d\\\"red\\\" fill-opacity\\u003d\\\"0.3\\\"/\\u003e\\u003c/g\\u003e\\u003c/g\\u003e\\u003c/g\\u003e\\u003c/g\\u003e\\u003c/g\\u003e\\u003cg class\\u003d\\\"edge\\\"/\\u003e\\u003c/g\\u003e\\u003c/g\\u003e\\u003c/svg\\u003e\",\"modelRevisionTime\":\"1473750773869\",\"comment\":\"\"}"
  }, {
    "name" : "adhocDocuments",
    "type" : "java.util.List",
    "value" : [ ]
  }, {
    "name" : "adhocProcesses",
    "type" : "java.util.List",
    "value" : [ ]
  }, {
    "name" : "adhocTasks",
    "type" : "java.util.List",
    "value" : [ ]
  }, {
    "name" : "allowedActions",
    "type" : "java.util.List",
    "value" : [ ]
  }, {
    "name" : "autostartDocuments",
    "type" : "java.util.List",
    "value" : [ ]
  }, {
    "name" : "autostartProcesses",
    "type" : "java.util.List",
    "value" : [ ]
  }, {
    "name" : "autostartTasks",
    "type" : "java.util.List",
    "value" : [ ]
  }, {
    "name" : "description",
    "type" : null,
    "value" : null
  }, {
    "name" : "guid",
    "type" : "java.lang.String",
    "value" : "c4bbea99-52d7-4491-af9d-d91eaddd38b5"
  }, {
    "name" : "initForm",
    "type" : null,
    "value" : null
  }, {
    "name" : "initialCandidateGroups",
    "type" : "java.util.List",
    "value" : [ "GEAR-cc7e13fc-791d-44fc-86bf-eae9454f54a7" ]
  }, {
    "name" : "key",
    "type" : "java.lang.String",
    "value" : "edoras-d91eaddd38b5"
  }, {
    "name" : "modelType",
    "type" : "java.lang.String",
    "value" : "adaptive"
  }, {
    "name" : "workForm",
    "type" : "java.lang.String",
    "value" : "edoras-72f3df9d796b"
  } ],
  "stateUpdateTime" : null,
  "subStateUpdateTime" : "2016-09-13T07:13:58.396Z",
  "ownerId" : "GEAR-16720586-e205-40d1-a4b6-f25d5df185a4",
  "assigneeId" : "GEAR-16720586-e205-40d1-a4b6-f25d5df185a4",
  "initialAssigneeId" : "GEAR-16720586-e205-40d1-a4b6-f25d5df185a4",
  "previousAssigneeId" : null,
  "assignedGroupId" : null,
  "initialAssignedGroupId" : null,
  "previousAssignedGroupId" : null,
  "candidateUserIds" : [ ],
  "candidateGroupIds" : [ "GEAR-486911b3-223a-463a-aab3-05cd153ea3d6" ],
  "priority" : null,
  "resubmissionTime" : null,
  "dueTime" : null,
  "assigneeIdUpdateTime" : null,
  "assignedGroupIdUpdateTime" : null,
  "path" : [ "WRK(GEAR-f636140a-4a59-4e5d-b823-7171150d31cf)", "WRK(GEAR-17818486-fbd4-45a9-8e93-dbec346d83de)" ]
}