{
  "resourceId" : "canvas",
  "properties" : {
    "stencilsuperids" : [ "XForm" ],
    "stencilid" : "XForm",
    "xmlTag" : "XForm",
    "customstencil" : true,
    "name" : "Dept 3 Dashboard Form",
    "stencilsuperid" : "XForm",
    "id" : "edoras-694721d5caeb",
    "guid" : "GEAR-ffcd711b-d035-4a49-b7ce-ab642554117a",
    "stylesheet" : ""
  },
  "xmlProperties" : [ ],
  "pathProperties" : {
    "id" : "id"
  },
  "stencil" : {
    "id" : "XForm"
  },
  "childShapes" : [ {
    "resourceId" : "slotPanel1",
    "properties" : {
      "col" : "1",
      "enabled-run" : "",
      "visible-run" : "",
      "row-span" : "1",
      "title" : "",
      "collapsible" : "false",
      "enabled" : "true",
      "stencilsuperids" : [ "SlotPanel" ],
      "expanded" : "false",
      "col-span" : "1",
      "stencilsuperid" : "SlotPanel",
      "row" : "1",
      "row-weight" : "0",
      "height" : "",
      "stencilid" : "SlotPanel",
      "visible" : "true",
      "customstencil" : true,
      "row-align" : "top",
      "oldresourceid" : "sid-8D9FC954-EB33-4C05-ADF0-5706EF50E974",
      "xmlTag" : "panel",
      "col-align" : "fill",
      "title-run" : "",
      "style-class" : "",
      "col-weight" : "0",
      "id" : "slotPanel1",
      "width" : "300"
    },
    "xmlProperties" : [ ],
    "pathProperties" : {
      "id" : "id"
    },
    "stencil" : {
      "id" : "SlotPanel"
    },
    "childShapes" : [ {
      "resourceId" : "cloud-link-button-create2",
      "properties" : {
        "row-span" : 1,
        "context-variables_fr_fr" : "",
        "value_fr_fr" : "Registration",
        "stencilid" : "cloud-link-button-create",
        "customstencil" : true,
        "description_fr_fr" : "",
        "stencilsuperids" : [ "Component" ],
        "stencilsuperid" : "Button",
        "xmlTag" : "linkButton",
        "label_fr_fr" : "",
        "id" : "cloud-link-button-create2",
        "width" : "200",
        "height" : "",
        "col" : 11,
        "col-align" : "fill",
        "col-weight" : "",
        "row" : 2,
        "row-align" : "top",
        "row-weight" : "",
        "enabled" : true,
        "enabled-run" : "",
        "size" : 2,
        "label-align" : "top-left",
        "description-position" : "bottom",
        "description-align" : "left",
        "node-type" : "",
        "label-position" : "left",
        "description" : "",
        "documentation" : "",
        "col-span" : "1",
        "visible" : true,
        "visible-run" : "",
        "style-class" : "",
        "link-target" : "_self",
        "button-alignment" : "left",
        "button-alignment-run" : "",
        "button-icon-url" : "",
        "button-icon-alignment" : "right",
        "context-variables" : "",
        "bordercolor" : "#000000",
        "tooltip" : "Start a new Registration Case",
        "editable" : false,
        "editable-run" : "",
        "required" : false,
        "label" : "",
        "default-value" : "",
        "value" : "New",
        "work-item-type" : "CAS",
        "work-item-type-run" : "",
        "work-item-model" : "dc26a1cb-8797-4029-a97d-b66d8b37535c",
        "work-item-model-run" : "",
        "link-button-show-as-button" : true,
        "hide-selectors" : true,
        "hide-selectors-run" : "",
        "link-button-type" : "create",
        "customstencilid" : "cloud-link-button-create",
        "customnamespace" : "http://b3mn.org/stencilset/default.form.palette.xml#"
      },
      "xmlProperties" : [ ],
      "pathProperties" : {
        "id" : "id",
        "description-position" : "helpMessage.position",
        "label-position" : "labelAlign",
        "description" : "helpMessage.text",
        "col-span" : "size",
        "visible" : "isVisible",
        "visible-run" : "isVisible",
        "style-class" : "styleClass",
        "link-target" : "extraSettings.target",
        "button-alignment" : "extraSettings.alignment",
        "button-alignment-run" : "extraSettings.alignment",
        "button-icon-url" : "extraSettings.iconUrl",
        "button-icon-alignment" : "extraSettings.iconAlignment",
        "context-variables" : "extraSettings.contextVariables",
        "tooltip" : "extraSettings.tooltip",
        "editable" : "editable",
        "editable-run" : "editable",
        "required" : "isRequired",
        "label" : "label",
        "default-value" : "defaultValue",
        "value" : "value",
        "work-item-type" : "extraSettings.workItemType",
        "work-item-type-run" : "extraSettings.workItemType",
        "work-item-model" : "extraSettings.workItemModel",
        "work-item-model-run" : "extraSettings.workItemModel",
        "link-button-show-as-button" : "extraSettings.showAsButton",
        "hide-selectors" : "extraSettings.hideSelectors",
        "hide-selectors-run" : "extraSettings.hideSelectors",
        "link-button-type" : "extraSettings.type"
      },
      "stencil" : {
        "id" : "Button"
      },
      "childShapes" : [ ],
      "outgoing" : [ ],
      "bounds" : {
        "lowerRight" : {
          "x" : 984,
          "y" : 124
        },
        "upperLeft" : {
          "x" : 835,
          "y" : 98
        }
      },
      "dockers" : [ ],
      "outputmappingproperties" : {
        "context-variables" : {
          "type" : "complex",
          "placeholders" : [ ]
        }
      },
      "labels" : [ {
        "styles" : {
          "fill" : "#000000",
          "size" : "12",
          "italic" : false,
          "bold" : false
        },
        "ref" : "label_text"
      }, {
        "styles" : {
          "fill" : "#000000",
          "size" : "12",
          "italic" : false,
          "bold" : false
        },
        "ref" : "input_text"
      }, {
        "styles" : {
          "fill" : "#000000",
          "size" : "12",
          "italic" : false,
          "bold" : false
        },
        "ref" : "desc_text"
      } ]
    }, {
      "resourceId" : "cloud-output1",
      "properties" : {
        "row-span" : 1,
        "stencilsuperids" : [ "Component" ],
        "stencilsuperid" : "Output",
        "stencilid" : "cloud-output",
        "customstencil" : true,
        "xmlTag" : "textarea",
        "id" : "cloud-output1",
        "width" : "200",
        "col" : 1,
        "col-align" : "fill",
        "col-weight" : "",
        "row" : 1,
        "row-align" : "top",
        "row-weight" : "",
        "enabled" : true,
        "enabled-run" : "",
        "size" : 12,
        "label-align" : "top-left",
        "description-position" : "bottom",
        "description-align" : "left",
        "label-position" : "left",
        "description" : "",
        "documentation" : "",
        "col-span" : "1",
        "visible" : true,
        "visible-run" : "",
        "style-class" : "",
        "bordercolor" : "#000000",
        "node-type" : "textarea",
        "height" : "",
        "label" : "",
        "value" : "Pending Verification Tasks  ",
        "default-value" : "false",
        "max-length" : "",
        "rich-text" : true,
        "editable" : false,
        "required" : false,
        "customstencilid" : "cloud-output",
        "customnamespace" : "http://b3mn.org/stencilset/default.form.palette.xml#"
      },
      "xmlProperties" : [ ],
      "pathProperties" : {
        "id" : "id",
        "description-position" : "helpMessage.position",
        "label-position" : "labelAlign",
        "description" : "helpMessage.text",
        "col-span" : "size",
        "visible" : "isVisible",
        "visible-run" : "isVisible",
        "style-class" : "styleClass",
        "node-type" : "type",
        "height" : "height",
        "label" : "label",
        "value" : "value",
        "default-value" : "defaultValue",
        "rich-text" : "extraSettings.richEditorDisplay",
        "editable" : "editable",
        "required" : "isRequired"
      },
      "stencil" : {
        "id" : "Output"
      },
      "childShapes" : [ ],
      "outgoing" : [ ],
      "bounds" : {
        "lowerRight" : {
          "x" : 984,
          "y" : 75
        },
        "upperLeft" : {
          "x" : 15,
          "y" : 25
        }
      },
      "dockers" : [ ],
      "formats" : {
        "value" : [ {
          "from" : 0,
          "to" : 27,
          "tag" : "h1"
        }, {
          "from" : 27,
          "to" : 28,
          "tag" : "p"
        } ]
      },
      "labels" : [ {
        "styles" : {
          "fill" : "#000000",
          "size" : "12",
          "italic" : false,
          "bold" : false
        },
        "ref" : "label_text"
      }, {
        "styles" : {
          "fill" : "#000000",
          "size" : "12",
          "italic" : false,
          "bold" : false
        },
        "ref" : "input_text"
      }, {
        "styles" : {
          "fill" : "#000000",
          "size" : "12",
          "italic" : false,
          "bold" : false
        },
        "ref" : "desc_text"
      } ]
    }, {
      "resourceId" : "cloud-one-list1",
      "properties" : {
        "row-span" : 1,
        "stencilsuperids" : [ "Component" ],
        "stencilsuperid" : "Component",
        "stencilid" : "cloud-one-list",
        "customstencil" : true,
        "xmlTag" : "itemsList",
        "id" : "cloud-one-list1",
        "width" : "200",
        "height" : "",
        "col" : 1,
        "col-align" : "fill",
        "col-weight" : "",
        "row" : 3,
        "row-align" : "top",
        "row-weight" : "",
        "enabled" : true,
        "enabled-run" : "",
        "size" : 12,
        "label-align" : "top-left",
        "description-position" : "bottom",
        "description-align" : "left",
        "node-type" : "",
        "label" : "Open Requests",
        "label-position" : "top",
        "description" : "",
        "documentation" : "",
        "col-span" : "1",
        "visible" : true,
        "visible-run" : "",
        "style-class" : "",
        "bordercolor" : "#000000",
        "default-value" : "",
        "options" : "",
        "editable" : false,
        "editable-run" : "",
        "required" : false,
        "value" : "",
        "query" : "type:TSK state:open sort:creation:desc {{search}}",
        "items-min-size" : "",
        "items-max-size" : 20,
        "format-item" : "{{item.name}}",
        "link-item" : "",
        "link-target-view" : "browse",
        "title" : "",
        "list-type" : "ONE",
        "collapsible" : false,
        "customstencilid" : "cloud-one-list",
        "customnamespace" : "http://b3mn.org/stencilset/default.form.palette.xml#"
      },
      "xmlProperties" : [ "query", "format-item", "link-item", "list-type" ],
      "pathProperties" : {
        "id" : "id",
        "description-position" : "helpMessage.position",
        "label" : "label",
        "label-position" : "labelAlign",
        "description" : "helpMessage.text",
        "col-span" : "size",
        "visible" : "isVisible",
        "visible-run" : "isVisible",
        "style-class" : "styleClass",
        "default-value" : "defaultValue",
        "editable" : "editable",
        "editable-run" : "editable",
        "required" : "isRequired",
        "value" : "value",
        "query" : "extraSettings.queryUrl",
        "items-min-size" : "extraSettings.itemsMinSize",
        "items-max-size" : "extraSettings.itemsMaxSize",
        "format-item" : "extraSettings.formatItem",
        "link-item" : "extraSettings.linkItem",
        "link-target-view" : "extraSettings.linkTargetView",
        "title" : "extraSettings.title",
        "list-type" : "extraSettings.type",
        "collapsible" : "extraSettings.collapsible"
      },
      "stencil" : {
        "id" : "Component"
      },
      "childShapes" : [ ],
      "outgoing" : [ ],
      "bounds" : {
        "lowerRight" : {
          "x" : 984,
          "y" : 223
        },
        "upperLeft" : {
          "x" : 15,
          "y" : 147
        }
      },
      "dockers" : [ ],
      "labels" : [ {
        "styles" : {
          "fill" : "#000000",
          "size" : "12",
          "italic" : false,
          "bold" : false
        },
        "ref" : "label_text"
      }, {
        "styles" : {
          "fill" : "#000000",
          "size" : "12",
          "italic" : false,
          "bold" : false
        },
        "ref" : "input_text"
      }, {
        "styles" : {
          "fill" : "#000000",
          "size" : "12",
          "italic" : false,
          "bold" : false
        },
        "ref" : "input_dependent_textitemlist_0"
      }, {
        "styles" : {
          "fill" : "#000000",
          "size" : "12",
          "italic" : false,
          "bold" : false
        },
        "ref" : "input_dependent_textitemlist_1"
      }, {
        "styles" : {
          "fill" : "#000000",
          "size" : "12",
          "italic" : false,
          "bold" : false
        },
        "ref" : "desc_text"
      } ]
    }, {
      "resourceId" : "self-name1",
      "properties" : {
        "row-span" : 1,
        "stencilsuperids" : [ "Component" ],
        "stencilsuperid" : "Component",
        "stencilid" : "self-name",
        "customstencil" : true,
        "xmlTag" : "text",
        "id" : "self-name1",
        "width" : "200",
        "height" : "",
        "col" : 1,
        "col-align" : "fill",
        "col-weight" : "",
        "row" : 2,
        "row-align" : "top",
        "row-weight" : "",
        "enabled" : true,
        "enabled-run" : "",
        "size" : 10,
        "label-align" : "top-left",
        "description-position" : "bottom",
        "description-align" : "left",
        "node-type" : "",
        "label-position" : "left",
        "default-value" : "",
        "description" : "",
        "documentation" : "",
        "col-span" : "1",
        "visible" : true,
        "visible-run" : "",
        "editable" : true,
        "editable-run" : "",
        "style-class" : "",
        "min-length" : "",
        "min-length-error-msg" : "",
        "max-length" : "",
        "max-length-error-msg" : "",
        "bordercolor" : "#000000",
        "validation-regexp" : "",
        "validation-regexp-error-msg" : "",
        "validation-mask" : "",
        "validation-mask-error-msg" : "",
        "required" : false,
        "label" : "Search",
        "value" : "{{search}}",
        "customstencilid" : "self-name",
        "customnamespace" : "http://b3mn.org/stencilset/default.form.palette.xml#"
      },
      "xmlProperties" : [ "min-length", "min-length-error-msg", "validation-regexp", "validation-regexp-error-msg", "validation-mask", "validation-mask-error-msg" ],
      "pathProperties" : {
        "id" : "id",
        "description-position" : "helpMessage.position",
        "label-position" : "labelAlign",
        "default-value" : "defaultValue",
        "description" : "helpMessage.text",
        "col-span" : "size",
        "visible" : "isVisible",
        "visible-run" : "isVisible",
        "editable" : "editable",
        "editable-run" : "editable",
        "style-class" : "styleClass",
        "min-length" : "minLength",
        "min-length-error-msg" : "validationMinLengthErrorMessage",
        "max-length" : "maxLength",
        "max-length-error-msg" : "validationMaxLengthErrorMessage",
        "validation-regexp" : "validationRegExp",
        "validation-regexp-error-msg" : "validationRegExpErrorMessage",
        "validation-mask" : "validationMask",
        "validation-mask-error-msg" : "validationMaskErrorMessage",
        "required" : "isRequired",
        "label" : "label",
        "value" : "value"
      },
      "stencil" : {
        "id" : "Component"
      },
      "childShapes" : [ ],
      "outgoing" : [ ],
      "bounds" : {
        "lowerRight" : {
          "x" : 820,
          "y" : 124
        },
        "upperLeft" : {
          "x" : 15,
          "y" : 98
        }
      },
      "dockers" : [ ],
      "labels" : [ {
        "styles" : {
          "fill" : "#000000",
          "size" : "12",
          "italic" : false,
          "bold" : false
        },
        "ref" : "label_text"
      }, {
        "styles" : {
          "fill" : "#000000",
          "size" : "12",
          "italic" : false,
          "bold" : false
        },
        "ref" : "input_text"
      }, {
        "styles" : {
          "fill" : "#000000",
          "size" : "12",
          "italic" : false,
          "bold" : false
        },
        "ref" : "desc_text"
      } ]
    } ],
    "outgoing" : [ ],
    "bounds" : {
      "lowerRight" : {
        "x" : 1049,
        "y" : 298
      },
      "upperLeft" : {
        "x" : 50,
        "y" : 50
      }
    },
    "dockers" : [ ],
    "oldResourceId" : "sid-8D9FC954-EB33-4C05-ADF0-5706EF50E974"
  } ],
  "bounds" : {
    "lowerRight" : {
      "x" : 2351,
      "y" : 1082
    },
    "upperLeft" : {
      "x" : 0,
      "y" : 0
    }
  },
  "stencilset" : {
    "url" : "/acme/vis/editor/stencilsets//edorasForms/edorasForms.json",
    "namespace" : "http://b3mn.org/stencilset/xforms#"
  },
  "ssextensions" : [ "http://b3mn.org/stencilset/default.form.palette.xml#", "http://b3mn.org/stencilset/demo.form.palette.xml#" ]
}