{
  "resourceId" : "canvas",
  "properties" : {
    "stencilsuperids" : [ "XForm" ],
    "stencilid" : "XForm",
    "xmlTag" : "XForm",
    "customstencil" : true,
    "name" : "Case Summary",
    "stencilsuperid" : "XForm",
    "id" : "edoras-ad9a21993964",
    "guid" : "GEAR-5547eef7-63c2-4df4-af5f-7fe63dd6869e",
    "stylesheet" : ""
  },
  "xmlProperties" : [ ],
  "pathProperties" : {
    "id" : "id"
  },
  "stencil" : {
    "id" : "XForm"
  },
  "childShapes" : [ {
    "resourceId" : "panel1",
    "properties" : {
      "col" : "1",
      "enabled-run" : "",
      "visible-run" : "",
      "row-span" : "1",
      "title" : "",
      "collapsible" : "false",
      "enabled" : "true",
      "stencilsuperids" : [ "SlotPanel" ],
      "expanded" : "false",
      "col-span" : "1",
      "stencilsuperid" : "SlotPanel",
      "row" : "1",
      "row-weight" : "0",
      "height" : "",
      "stencilid" : "SlotPanel",
      "visible" : "true",
      "customstencil" : true,
      "row-align" : "top",
      "oldresourceid" : "sid-8D9FC954-EB33-4C05-ADF0-5706EF50E974",
      "xmlTag" : "panel",
      "col-align" : "fill",
      "title-run" : "",
      "style-class" : "",
      "col-weight" : "0",
      "id" : "panel1",
      "width" : "300"
    },
    "xmlProperties" : [ ],
    "pathProperties" : {
      "id" : "id"
    },
    "stencil" : {
      "id" : "SlotPanel"
    },
    "childShapes" : [ {
      "resourceId" : "cloud-output1",
      "properties" : {
        "row-span" : 1,
        "stencilsuperids" : [ "Component" ],
        "stencilsuperid" : "Output",
        "stencilid" : "cloud-output",
        "customstencil" : true,
        "xmlTag" : "textarea",
        "id" : "cloud-output1",
        "width" : "200",
        "col" : 1,
        "col-align" : "fill",
        "col-weight" : "",
        "row" : 1,
        "row-align" : "top",
        "row-weight" : "",
        "enabled" : true,
        "enabled-run" : "",
        "size" : 12,
        "label-align" : "top-left",
        "description-position" : "bottom",
        "description-align" : "left",
        "label-position" : "left",
        "description" : "",
        "description_fr_fr" : "",
        "documentation" : "",
        "col-span" : "1",
        "visible" : true,
        "visible-run" : "",
        "style-class" : "",
        "bordercolor" : "#000000",
        "node-type" : "textarea",
        "height" : "",
        "label" : "",
        "label_fr_fr" : "",
        "value" : "Registration of {{root.name}} ",
        "value_fr_fr" : "Registration of {{root.name}} ",
        "default-value" : "false",
        "max-length" : "",
        "rich-text" : true,
        "editable" : false,
        "required" : false,
        "customstencilid" : "cloud-output",
        "customnamespace" : "http://b3mn.org/stencilset/default.form.palette.xml#"
      },
      "xmlProperties" : [ ],
      "pathProperties" : {
        "id" : "id",
        "description-position" : "helpMessage.position",
        "label-position" : "labelAlign",
        "description" : "helpMessage.text",
        "description_fr_fr" : "i18n.fr.helpMessage.text",
        "col-span" : "size",
        "visible" : "isVisible",
        "visible-run" : "isVisible",
        "style-class" : "styleClass",
        "node-type" : "type",
        "height" : "height",
        "label" : "label",
        "label_fr_fr" : "i18n.fr.label",
        "value" : "value",
        "value_fr_fr" : "i18n.fr.value",
        "default-value" : "defaultValue",
        "rich-text" : "extraSettings.richEditorDisplay",
        "editable" : "editable",
        "required" : "isRequired"
      },
      "stencil" : {
        "id" : "Output"
      },
      "childShapes" : [ ],
      "outgoing" : [ ],
      "bounds" : {
        "lowerRight" : {
          "x" : 984,
          "y" : 75
        },
        "upperLeft" : {
          "x" : 15,
          "y" : 25
        }
      },
      "dockers" : [ ],
      "formats" : {
        "value_fr_fr" : [ {
          "from" : 0,
          "to" : 29,
          "tag" : "h1"
        }, {
          "from" : 29,
          "to" : 30,
          "tag" : "p"
        } ],
        "value" : [ {
          "from" : 0,
          "to" : 29,
          "tag" : "h1"
        }, {
          "from" : 29,
          "to" : 30,
          "tag" : "p"
        } ]
      },
      "labels" : [ {
        "styles" : {
          "fill" : "#000000",
          "size" : "12",
          "italic" : false,
          "bold" : false
        },
        "ref" : "label_text"
      }, {
        "styles" : {
          "fill" : "#000000",
          "size" : "12",
          "italic" : false,
          "bold" : false
        },
        "ref" : "input_text"
      }, {
        "styles" : {
          "fill" : "#000000",
          "size" : "12",
          "italic" : false,
          "bold" : false
        },
        "ref" : "desc_text"
      } ]
    }, {
      "resourceId" : "open-tasks-in-case-count1",
      "properties" : {
        "row-span" : 1,
        "stencilsuperids" : [ "Component" ],
        "stencilsuperid" : "Link",
        "stencilid" : "open-tasks-in-case-count",
        "customstencil" : true,
        "xmlTag" : "count",
        "id" : "open-tasks-in-case-count1",
        "width" : "200",
        "height" : "",
        "col" : 1,
        "col-align" : "fill",
        "col-weight" : "",
        "row" : 2,
        "row-align" : "top",
        "row-weight" : "",
        "enabled" : true,
        "enabled-run" : "",
        "size" : 12,
        "label-align" : "top-left",
        "description-position" : "bottom",
        "description-align" : "left",
        "node-type" : "",
        "label-position" : "top",
        "description" : "",
        "description_fr_fr" : "",
        "documentation" : "",
        "col-span" : "1",
        "style-class" : "",
        "link-target" : "_self",
        "bordercolor" : "#000000",
        "tooltip" : "",
        "count-type" : "one",
        "default-value" : "",
        "editable" : true,
        "editable-run" : "",
        "required" : false,
        "label" : "Open Tasks",
        "label_fr_fr" : "Open Tasks",
        "value" : "$count [task|tasks] remain before case can be closed",
        "visible" : true,
        "visible-run" : "{{root.id}}",
        "query" : "type:TSK state:open parent:{{root.id}}",
        "customstencilid" : "open-tasks-in-case-count",
        "customnamespace" : "http://b3mn.org/stencilset/default.form.palette.xml#"
      },
      "xmlProperties" : [ "count-type", "query" ],
      "pathProperties" : {
        "id" : "id",
        "description-position" : "helpMessage.position",
        "label-position" : "labelAlign",
        "description" : "helpMessage.text",
        "description_fr_fr" : "i18n.fr.helpMessage.text",
        "col-span" : "size",
        "style-class" : "styleClass",
        "link-target" : "extraSettings.target",
        "tooltip" : "extraSettings.tooltip",
        "count-type" : "extraSettings.type",
        "default-value" : "defaultValue",
        "editable" : "editable",
        "editable-run" : "editable",
        "required" : "isRequired",
        "label" : "label",
        "label_fr_fr" : "i18n.fr.label",
        "value" : "value",
        "visible" : "isVisible",
        "visible-run" : "isVisible",
        "query" : "extraSettings.queryUrl"
      },
      "stencil" : {
        "id" : "Link"
      },
      "childShapes" : [ ],
      "outgoing" : [ ],
      "bounds" : {
        "lowerRight" : {
          "x" : 984,
          "y" : 146
        },
        "upperLeft" : {
          "x" : 15,
          "y" : 98
        }
      },
      "dockers" : [ ],
      "labels" : [ {
        "styles" : {
          "fill" : "#000000",
          "size" : "12",
          "italic" : false,
          "bold" : false
        },
        "ref" : "label_text"
      }, {
        "styles" : {
          "fill" : "#000000",
          "size" : "12",
          "italic" : false,
          "bold" : false
        },
        "ref" : "input_text"
      }, {
        "styles" : {
          "fill" : "#000000",
          "size" : "12",
          "italic" : false,
          "bold" : false
        },
        "ref" : "input_dependent_text"
      }, {
        "styles" : {
          "fill" : "#000000",
          "size" : "12",
          "italic" : false,
          "bold" : false
        },
        "ref" : "desc_text"
      } ]
    }, {
      "resourceId" : "open-tasks-in-case-list1",
      "properties" : {
        "row-span" : 1,
        "stencilid" : "open-tasks-in-case-list",
        "customstencil" : true,
        "stencilsuperids" : [ "Component" ],
        "stencilsuperid" : "Component",
        "xmlTag" : "itemsList",
        "id" : "open-tasks-in-case-list1",
        "width" : "200",
        "height" : "",
        "col" : 1,
        "col-align" : "fill",
        "col-weight" : "",
        "row" : 3,
        "row-align" : "top",
        "row-weight" : "",
        "enabled" : true,
        "enabled-run" : "",
        "size" : 12,
        "label-align" : "top-left",
        "description-position" : "bottom",
        "description-align" : "left",
        "node-type" : "",
        "label-position" : "left",
        "description" : "",
        "description_fr_fr" : "",
        "documentation" : "",
        "col-span" : "1",
        "style-class" : "",
        "bordercolor" : "#000000",
        "default-value" : "",
        "options" : "",
        "editable" : false,
        "editable-run" : "",
        "required" : false,
        "value" : "",
        "items-min-size" : "",
        "items-max-size" : "",
        "format-item" : "item.name",
        "link-item" : "",
        "link-target-view" : "browse",
        "list-type" : "ONE",
        "collapsible" : false,
        "label" : "",
        "label_fr_fr" : "",
        "visible" : true,
        "visible-run" : "{{root.id}}",
        "query" : "type:TSK state:open parent:{{root.id}} sort:creation:asc",
        "title" : "Open Tasks",
        "title_fr_fr" : "Open Tasks",
        "customstencilid" : "open-tasks-in-case-list",
        "customnamespace" : "http://b3mn.org/stencilset/default.form.palette.xml#"
      },
      "xmlProperties" : [ "format-item", "link-item", "list-type", "query" ],
      "pathProperties" : {
        "id" : "id",
        "description-position" : "helpMessage.position",
        "label-position" : "labelAlign",
        "description" : "helpMessage.text",
        "description_fr_fr" : "i18n.fr.helpMessage.text",
        "col-span" : "size",
        "style-class" : "styleClass",
        "default-value" : "defaultValue",
        "editable" : "editable",
        "editable-run" : "editable",
        "required" : "isRequired",
        "value" : "value",
        "items-min-size" : "extraSettings.itemsMinSize",
        "items-max-size" : "extraSettings.itemsMaxSize",
        "format-item" : "extraSettings.formatItem",
        "link-item" : "extraSettings.linkItem",
        "link-target-view" : "extraSettings.linkTargetView",
        "list-type" : "extraSettings.type",
        "collapsible" : "extraSettings.collapsible",
        "label" : "label",
        "label_fr_fr" : "i18n.fr.label",
        "visible" : "isVisible",
        "visible-run" : "isVisible",
        "query" : "extraSettings.queryUrl",
        "title" : "extraSettings.title",
        "title_fr_fr" : "i18n.fr.extraSettings.title"
      },
      "stencil" : {
        "id" : "Component"
      },
      "childShapes" : [ ],
      "outgoing" : [ ],
      "bounds" : {
        "lowerRight" : {
          "x" : 984,
          "y" : 223
        },
        "upperLeft" : {
          "x" : 15,
          "y" : 171
        }
      },
      "dockers" : [ ],
      "labels" : [ {
        "styles" : {
          "fill" : "#000000",
          "size" : "12",
          "italic" : false,
          "bold" : false
        },
        "ref" : "label_text"
      }, {
        "styles" : {
          "fill" : "#000000",
          "size" : "12",
          "italic" : false,
          "bold" : false
        },
        "ref" : "input_text"
      }, {
        "styles" : {
          "fill" : "#000000",
          "size" : "12",
          "italic" : false,
          "bold" : false
        },
        "ref" : "input_dependent_textitemlist_0"
      }, {
        "styles" : {
          "fill" : "#000000",
          "size" : "12",
          "italic" : false,
          "bold" : false
        },
        "ref" : "input_dependent_textitemlist_1"
      }, {
        "styles" : {
          "fill" : "#000000",
          "size" : "12",
          "italic" : false,
          "bold" : false
        },
        "ref" : "desc_text"
      } ]
    } ],
    "outgoing" : [ ],
    "bounds" : {
      "lowerRight" : {
        "x" : 1049,
        "y" : 298
      },
      "upperLeft" : {
        "x" : 50,
        "y" : 50
      }
    },
    "dockers" : [ ],
    "oldResourceId" : "sid-8D9FC954-EB33-4C05-ADF0-5706EF50E974"
  } ],
  "bounds" : {
    "lowerRight" : {
      "x" : 1404,
      "y" : 962
    },
    "upperLeft" : {
      "x" : 0,
      "y" : 0
    }
  },
  "stencilset" : {
    "url" : "/acme/vis/editor/stencilsets//edorasForms/edorasForms.json",
    "namespace" : "http://b3mn.org/stencilset/xforms#"
  },
  "ssextensions" : [ "http://b3mn.org/stencilset/default.form.palette.xml#", "http://b3mn.org/stencilset/demo.form.palette.xml#" ]
}