{"rows":[{"cols":[{"isRequired":false,"size":12,"extraSettings":{"richEditorDisplay":true},"labelAlign":"left","defaultValue":false,"editable":false,"isVisible":true,"id":"cloud-output1","type":"textarea","value":"<div><h1>Registration of {{root.name}}<\/h1><div> <\/div><\/div>","helpMessage":{"position":"bottom"},"i18n":{"fr":{"value":"<div><h1>Registration of {{root.name}}<\/h1><div> <\/div><\/div>"}}}]},{"cols":[{"isRequired":false,"extraSettings":{"queryUrl":"type:TSK state:open parent:{{root.id}}","type":"one","target":"_self"},"size":12,"labelAlign":"top","editable":true,"isVisible":"{{root.id}}","label":"Open Tasks","id":"open-tasks-in-case-count1","type":"count","value":"$count [task|tasks] remain before case can be closed","helpMessage":{"position":"bottom"},"i18n":{"fr":{"label":"Open Tasks"}}}]},{"cols":[{"isRequired":false,"extraSettings":{"queryUrl":"type:TSK state:open parent:{{root.id}} sort:creation:asc","formatItem":"item.name","type":"ONE","title":"Open Tasks","collapsible":false,"linkTargetView":"browse"},"size":12,"labelAlign":"left","editable":false,"id":"open-tasks-in-case-list1","isVisible":"{{root.id}}","type":"itemsList","helpMessage":{"position":"bottom"},"i18n":{"fr":{"extraSettings":{"title":"Open Tasks"}}}}]}]}