{
  "_entityClassifier" : "WRK",
  "id" : "WRK(GEAR-5547eef7-63c2-4df4-af5f-7fe63dd6869e)",
  "globalId" : "FORM_MODEL-eacf7405-eaaa-4a7c-b1e0-df464fd1093d",
  "externalId" : "WRK(07db2880-78dd-4f94-9ad6-a03d07ff499d)",
  "providerId" : "com.edorasware.cloud.core.provider.model.FormModelProvider",
  "tenantId" : "48b5f668-46b3-428c-850b-f4e1a62cccc3",
  "name" : "Case Summary",
  "creationTime" : "2016-09-12T16:15:33.333Z",
  "updateTime" : "2016-09-13T07:18:33.491Z",
  "type" : "FORM_MODEL",
  "modificationVersion" : 21,
  "modificationCreatorId" : "GEAR-16720586-e205-40d1-a4b6-f25d5df185a4",
  "modificationUpdaterId" : "GEAR-16720586-e205-40d1-a4b6-f25d5df185a4",
  "definitionId" : "GEAR-9421ba6f-fcde-48f7-b905-c1bc3716c495",
  "state" : "ACTIVE",
  "subState" : "ACTIVE",
  "variables" : [ {
    "name" : "_comment",
    "type" : "java.lang.String",
    "value" : "[{\"author\":\"Administrator\",\"authorId\":\"GEAR-16720586-e205-40d1-a4b6-f25d5df185a4\",\"date\":\"2016-09-12T16:15:33.370Z\",\"text\":\"Created\",\"deletable\":false,\"replies\":[]},{\"author\":\"Administrator\",\"authorId\":\"GEAR-16720586-e205-40d1-a4b6-f25d5df185a4\",\"date\":\"2016-09-12T16:19:32.709Z\",\"text\":\"Model edited\",\"deletable\":false,\"replies\":[]},{\"author\":\"Administrator\",\"authorId\":\"GEAR-16720586-e205-40d1-a4b6-f25d5df185a4\",\"date\":\"2016-09-12T16:19:57.708Z\",\"text\":\"Model edited\",\"deletable\":false,\"replies\":[]},{\"author\":\"Administrator\",\"authorId\":\"GEAR-16720586-e205-40d1-a4b6-f25d5df185a4\",\"date\":\"2016-09-12T16:21:30.564Z\",\"text\":\"Deployed\",\"deletable\":false,\"replies\":[]},{\"author\":\"Administrator\",\"authorId\":\"GEAR-16720586-e205-40d1-a4b6-f25d5df185a4\",\"date\":\"2016-09-12T18:34:37.687Z\",\"text\":\"Model edited\",\"deletable\":false,\"replies\":[]},{\"author\":\"Administrator\",\"authorId\":\"GEAR-16720586-e205-40d1-a4b6-f25d5df185a4\",\"date\":\"2016-09-12T18:45:28.071Z\",\"text\":\"Deployed\",\"deletable\":false,\"replies\":[]},{\"author\":\"Administrator\",\"authorId\":\"GEAR-16720586-e205-40d1-a4b6-f25d5df185a4\",\"date\":\"2016-09-13T06:32:27.929Z\",\"text\":\"Deployed\",\"deletable\":false,\"replies\":[]},{\"author\":\"Administrator\",\"authorId\":\"GEAR-16720586-e205-40d1-a4b6-f25d5df185a4\",\"date\":\"2016-09-13T07:18:33.490Z\",\"text\":\"Deployed\",\"deletable\":false,\"replies\":[]}]"
  }, {
    "name" : "_latestModelRevision",
    "type" : "java.lang.String",
    "value" : "{\"revisionId\":\"f6313110-95c9-4ff5-8bd4-c5c69756cd47\",\"modelJson\":\"{\\r\\n  \\\"resourceId\\\" : \\\"canvas\\\",\\r\\n  \\\"properties\\\" : {\\r\\n    \\\"stencilsuperids\\\" : [ \\\"XForm\\\" ],\\r\\n    \\\"stencilid\\\" : \\\"XForm\\\",\\r\\n    \\\"xmlTag\\\" : \\\"XForm\\\",\\r\\n    \\\"customstencil\\\" : true,\\r\\n    \\\"name\\\" : \\\"Case Summary\\\",\\r\\n    \\\"stencilsuperid\\\" : \\\"XForm\\\",\\r\\n    \\\"id\\\" : \\\"edoras-ad9a21993964\\\",\\r\\n    \\\"guid\\\" : \\\"GEAR-5547eef7-63c2-4df4-af5f-7fe63dd6869e\\\",\\r\\n    \\\"stylesheet\\\" : \\\"\\\"\\r\\n  },\\r\\n  \\\"xmlProperties\\\" : [ ],\\r\\n  \\\"pathProperties\\\" : {\\r\\n    \\\"id\\\" : \\\"id\\\"\\r\\n  },\\r\\n  \\\"stencil\\\" : {\\r\\n    \\\"id\\\" : \\\"XForm\\\"\\r\\n  },\\r\\n  \\\"childShapes\\\" : [ {\\r\\n    \\\"resourceId\\\" : \\\"panel1\\\",\\r\\n    \\\"properties\\\" : {\\r\\n      \\\"col\\\" : \\\"1\\\",\\r\\n      \\\"enabled-run\\\" : \\\"\\\",\\r\\n      \\\"visible-run\\\" : \\\"\\\",\\r\\n      \\\"row-span\\\" : \\\"1\\\",\\r\\n      \\\"title\\\" : \\\"\\\",\\r\\n      \\\"collapsible\\\" : \\\"false\\\",\\r\\n      \\\"enabled\\\" : \\\"true\\\",\\r\\n      \\\"stencilsuperids\\\" : [ \\\"SlotPanel\\\" ],\\r\\n      \\\"expanded\\\" : \\\"false\\\",\\r\\n      \\\"col-span\\\" : \\\"1\\\",\\r\\n      \\\"stencilsuperid\\\" : \\\"SlotPanel\\\",\\r\\n      \\\"row\\\" : \\\"1\\\",\\r\\n      \\\"row-weight\\\" : \\\"0\\\",\\r\\n      \\\"height\\\" : \\\"\\\",\\r\\n      \\\"stencilid\\\" : \\\"SlotPanel\\\",\\r\\n      \\\"visible\\\" : \\\"true\\\",\\r\\n      \\\"customstencil\\\" : true,\\r\\n      \\\"row-align\\\" : \\\"top\\\",\\r\\n      \\\"oldresourceid\\\" : \\\"sid-8D9FC954-EB33-4C05-ADF0-5706EF50E974\\\",\\r\\n      \\\"xmlTag\\\" : \\\"panel\\\",\\r\\n      \\\"col-align\\\" : \\\"fill\\\",\\r\\n      \\\"title-run\\\" : \\\"\\\",\\r\\n      \\\"style-class\\\" : \\\"\\\",\\r\\n      \\\"col-weight\\\" : \\\"0\\\",\\r\\n      \\\"id\\\" : \\\"panel1\\\",\\r\\n      \\\"width\\\" : \\\"300\\\"\\r\\n    },\\r\\n    \\\"xmlProperties\\\" : [ ],\\r\\n    \\\"pathProperties\\\" : {\\r\\n      \\\"id\\\" : \\\"id\\\"\\r\\n    },\\r\\n    \\\"stencil\\\" : {\\r\\n      \\\"id\\\" : \\\"SlotPanel\\\"\\r\\n    },\\r\\n    \\\"childShapes\\\" : [ {\\r\\n      \\\"resourceId\\\" : \\\"cloud-output1\\\",\\r\\n      \\\"properties\\\" : {\\r\\n        \\\"row-span\\\" : 1,\\r\\n        \\\"stencilsuperids\\\" : [ \\\"Component\\\" ],\\r\\n        \\\"stencilsuperid\\\" : \\\"Output\\\",\\r\\n        \\\"stencilid\\\" : \\\"cloud-output\\\",\\r\\n        \\\"customstencil\\\" : true,\\r\\n        \\\"xmlTag\\\" : \\\"textarea\\\",\\r\\n        \\\"id\\\" : \\\"cloud-output1\\\",\\r\\n        \\\"width\\\" : \\\"200\\\",\\r\\n        \\\"col\\\" : 1,\\r\\n        \\\"col-align\\\" : \\\"fill\\\",\\r\\n        \\\"col-weight\\\" : \\\"\\\",\\r\\n        \\\"row\\\" : 1,\\r\\n        \\\"row-align\\\" : \\\"top\\\",\\r\\n        \\\"row-weight\\\" : \\\"\\\",\\r\\n        \\\"enabled\\\" : true,\\r\\n        \\\"enabled-run\\\" : \\\"\\\",\\r\\n        \\\"size\\\" : 12,\\r\\n        \\\"label-align\\\" : \\\"top-left\\\",\\r\\n        \\\"description-position\\\" : \\\"bottom\\\",\\r\\n        \\\"description-align\\\" : \\\"left\\\",\\r\\n        \\\"label-position\\\" : \\\"left\\\",\\r\\n        \\\"description\\\" : \\\"\\\",\\r\\n        \\\"description_fr_fr\\\" : \\\"\\\",\\r\\n        \\\"documentation\\\" : \\\"\\\",\\r\\n        \\\"col-span\\\" : \\\"1\\\",\\r\\n        \\\"visible\\\" : true,\\r\\n        \\\"visible-run\\\" : \\\"\\\",\\r\\n        \\\"style-class\\\" : \\\"\\\",\\r\\n        \\\"bordercolor\\\" : \\\"#000000\\\",\\r\\n        \\\"node-type\\\" : \\\"textarea\\\",\\r\\n        \\\"height\\\" : \\\"\\\",\\r\\n        \\\"label\\\" : \\\"\\\",\\r\\n        \\\"label_fr_fr\\\" : \\\"\\\",\\r\\n        \\\"value\\\" : \\\"Registration of {{root.name}} \\\",\\r\\n        \\\"value_fr_fr\\\" : \\\"Registration of {{root.name}} \\\",\\r\\n        \\\"default-value\\\" : \\\"false\\\",\\r\\n        \\\"max-length\\\" : \\\"\\\",\\r\\n        \\\"rich-text\\\" : true,\\r\\n        \\\"editable\\\" : false,\\r\\n        \\\"required\\\" : false,\\r\\n        \\\"customstencilid\\\" : \\\"cloud-output\\\",\\r\\n        \\\"customnamespace\\\" : \\\"http://b3mn.org/stencilset/default.form.palette.xml#\\\"\\r\\n      },\\r\\n      \\\"xmlProperties\\\" : [ ],\\r\\n      \\\"pathProperties\\\" : {\\r\\n        \\\"id\\\" : \\\"id\\\",\\r\\n        \\\"description-position\\\" : \\\"helpMessage.position\\\",\\r\\n        \\\"label-position\\\" : \\\"labelAlign\\\",\\r\\n        \\\"description\\\" : \\\"helpMessage.text\\\",\\r\\n        \\\"description_fr_fr\\\" : \\\"i18n.fr.helpMessage.text\\\",\\r\\n        \\\"col-span\\\" : \\\"size\\\",\\r\\n        \\\"visible\\\" : \\\"isVisible\\\",\\r\\n        \\\"visible-run\\\" : \\\"isVisible\\\",\\r\\n        \\\"style-class\\\" : \\\"styleClass\\\",\\r\\n        \\\"node-type\\\" : \\\"type\\\",\\r\\n        \\\"height\\\" : \\\"height\\\",\\r\\n        \\\"label\\\" : \\\"label\\\",\\r\\n        \\\"label_fr_fr\\\" : \\\"i18n.fr.label\\\",\\r\\n        \\\"value\\\" : \\\"value\\\",\\r\\n        \\\"value_fr_fr\\\" : \\\"i18n.fr.value\\\",\\r\\n        \\\"default-value\\\" : \\\"defaultValue\\\",\\r\\n        \\\"rich-text\\\" : \\\"extraSettings.richEditorDisplay\\\",\\r\\n        \\\"editable\\\" : \\\"editable\\\",\\r\\n        \\\"required\\\" : \\\"isRequired\\\"\\r\\n      },\\r\\n      \\\"stencil\\\" : {\\r\\n        \\\"id\\\" : \\\"Output\\\"\\r\\n      },\\r\\n      \\\"childShapes\\\" : [ ],\\r\\n      \\\"outgoing\\\" : [ ],\\r\\n      \\\"bounds\\\" : {\\r\\n        \\\"lowerRight\\\" : {\\r\\n          \\\"x\\\" : 984,\\r\\n          \\\"y\\\" : 75\\r\\n        },\\r\\n        \\\"upperLeft\\\" : {\\r\\n          \\\"x\\\" : 15,\\r\\n          \\\"y\\\" : 25\\r\\n        }\\r\\n      },\\r\\n      \\\"dockers\\\" : [ ],\\r\\n      \\\"formats\\\" : {\\r\\n        \\\"value_fr_fr\\\" : [ {\\r\\n          \\\"from\\\" : 0,\\r\\n          \\\"to\\\" : 29,\\r\\n          \\\"tag\\\" : \\\"h1\\\"\\r\\n        }, {\\r\\n          \\\"from\\\" : 29,\\r\\n          \\\"to\\\" : 30,\\r\\n          \\\"tag\\\" : \\\"p\\\"\\r\\n        } ],\\r\\n        \\\"value\\\" : [ {\\r\\n          \\\"from\\\" : 0,\\r\\n          \\\"to\\\" : 29,\\r\\n          \\\"tag\\\" : \\\"h1\\\"\\r\\n        }, {\\r\\n          \\\"from\\\" : 29,\\r\\n          \\\"to\\\" : 30,\\r\\n          \\\"tag\\\" : \\\"p\\\"\\r\\n        } ]\\r\\n      },\\r\\n      \\\"labels\\\" : [ {\\r\\n        \\\"styles\\\" : {\\r\\n          \\\"fill\\\" : \\\"#000000\\\",\\r\\n          \\\"size\\\" : \\\"12\\\",\\r\\n          \\\"italic\\\" : false,\\r\\n          \\\"bold\\\" : false\\r\\n        },\\r\\n        \\\"ref\\\" : \\\"label_text\\\"\\r\\n      }, {\\r\\n        \\\"styles\\\" : {\\r\\n          \\\"fill\\\" : \\\"#000000\\\",\\r\\n          \\\"size\\\" : \\\"12\\\",\\r\\n          \\\"italic\\\" : false,\\r\\n          \\\"bold\\\" : false\\r\\n        },\\r\\n        \\\"ref\\\" : \\\"input_text\\\"\\r\\n      }, {\\r\\n        \\\"styles\\\" : {\\r\\n          \\\"fill\\\" : \\\"#000000\\\",\\r\\n          \\\"size\\\" : \\\"12\\\",\\r\\n          \\\"italic\\\" : false,\\r\\n          \\\"bold\\\" : false\\r\\n        },\\r\\n        \\\"ref\\\" : \\\"desc_text\\\"\\r\\n      } ]\\r\\n    }, {\\r\\n      \\\"resourceId\\\" : \\\"open-tasks-in-case-count1\\\",\\r\\n      \\\"properties\\\" : {\\r\\n        \\\"row-span\\\" : 1,\\r\\n        \\\"stencilsuperids\\\" : [ \\\"Component\\\" ],\\r\\n        \\\"stencilsuperid\\\" : \\\"Link\\\",\\r\\n        \\\"stencilid\\\" : \\\"open-tasks-in-case-count\\\",\\r\\n        \\\"customstencil\\\" : true,\\r\\n        \\\"xmlTag\\\" : \\\"count\\\",\\r\\n        \\\"id\\\" : \\\"open-tasks-in-case-count1\\\",\\r\\n        \\\"width\\\" : \\\"200\\\",\\r\\n        \\\"height\\\" : \\\"\\\",\\r\\n        \\\"col\\\" : 1,\\r\\n        \\\"col-align\\\" : \\\"fill\\\",\\r\\n        \\\"col-weight\\\" : \\\"\\\",\\r\\n        \\\"row\\\" : 2,\\r\\n        \\\"row-align\\\" : \\\"top\\\",\\r\\n        \\\"row-weight\\\" : \\\"\\\",\\r\\n        \\\"enabled\\\" : true,\\r\\n        \\\"enabled-run\\\" : \\\"\\\",\\r\\n        \\\"size\\\" : 12,\\r\\n        \\\"label-align\\\" : \\\"top-left\\\",\\r\\n        \\\"description-position\\\" : \\\"bottom\\\",\\r\\n        \\\"description-align\\\" : \\\"left\\\",\\r\\n        \\\"node-type\\\" : \\\"\\\",\\r\\n        \\\"label-position\\\" : \\\"top\\\",\\r\\n        \\\"description\\\" : \\\"\\\",\\r\\n        \\\"description_fr_fr\\\" : \\\"\\\",\\r\\n        \\\"documentation\\\" : \\\"\\\",\\r\\n        \\\"col-span\\\" : \\\"1\\\",\\r\\n        \\\"style-class\\\" : \\\"\\\",\\r\\n        \\\"link-target\\\" : \\\"_self\\\",\\r\\n        \\\"bordercolor\\\" : \\\"#000000\\\",\\r\\n        \\\"tooltip\\\" : \\\"\\\",\\r\\n        \\\"count-type\\\" : \\\"one\\\",\\r\\n        \\\"default-value\\\" : \\\"\\\",\\r\\n        \\\"editable\\\" : true,\\r\\n        \\\"editable-run\\\" : \\\"\\\",\\r\\n        \\\"required\\\" : false,\\r\\n        \\\"label\\\" : \\\"Open Tasks\\\",\\r\\n        \\\"label_fr_fr\\\" : \\\"Open Tasks\\\",\\r\\n        \\\"value\\\" : \\\"$count [task|tasks] remain before case can be closed\\\",\\r\\n        \\\"visible\\\" : true,\\r\\n        \\\"visible-run\\\" : \\\"{{root.id}}\\\",\\r\\n        \\\"query\\\" : \\\"type:TSK state:open parent:{{root.id}}\\\",\\r\\n        \\\"customstencilid\\\" : \\\"open-tasks-in-case-count\\\",\\r\\n        \\\"customnamespace\\\" : \\\"http://b3mn.org/stencilset/default.form.palette.xml#\\\"\\r\\n      },\\r\\n      \\\"xmlProperties\\\" : [ \\\"count-type\\\", \\\"query\\\" ],\\r\\n      \\\"pathProperties\\\" : {\\r\\n        \\\"id\\\" : \\\"id\\\",\\r\\n        \\\"description-position\\\" : \\\"helpMessage.position\\\",\\r\\n        \\\"label-position\\\" : \\\"labelAlign\\\",\\r\\n        \\\"description\\\" : \\\"helpMessage.text\\\",\\r\\n        \\\"description_fr_fr\\\" : \\\"i18n.fr.helpMessage.text\\\",\\r\\n        \\\"col-span\\\" : \\\"size\\\",\\r\\n        \\\"style-class\\\" : \\\"styleClass\\\",\\r\\n        \\\"link-target\\\" : \\\"extraSettings.target\\\",\\r\\n        \\\"tooltip\\\" : \\\"extraSettings.tooltip\\\",\\r\\n        \\\"count-type\\\" : \\\"extraSettings.type\\\",\\r\\n        \\\"default-value\\\" : \\\"defaultValue\\\",\\r\\n        \\\"editable\\\" : \\\"editable\\\",\\r\\n        \\\"editable-run\\\" : \\\"editable\\\",\\r\\n        \\\"required\\\" : \\\"isRequired\\\",\\r\\n        \\\"label\\\" : \\\"label\\\",\\r\\n        \\\"label_fr_fr\\\" : \\\"i18n.fr.label\\\",\\r\\n        \\\"value\\\" : \\\"value\\\",\\r\\n        \\\"visible\\\" : \\\"isVisible\\\",\\r\\n        \\\"visible-run\\\" : \\\"isVisible\\\",\\r\\n        \\\"query\\\" : \\\"extraSettings.queryUrl\\\"\\r\\n      },\\r\\n      \\\"stencil\\\" : {\\r\\n        \\\"id\\\" : \\\"Link\\\"\\r\\n      },\\r\\n      \\\"childShapes\\\" : [ ],\\r\\n      \\\"outgoing\\\" : [ ],\\r\\n      \\\"bounds\\\" : {\\r\\n        \\\"lowerRight\\\" : {\\r\\n          \\\"x\\\" : 984,\\r\\n          \\\"y\\\" : 146\\r\\n        },\\r\\n        \\\"upperLeft\\\" : {\\r\\n          \\\"x\\\" : 15,\\r\\n          \\\"y\\\" : 98\\r\\n        }\\r\\n      },\\r\\n      \\\"dockers\\\" : [ ],\\r\\n      \\\"labels\\\" : [ {\\r\\n        \\\"styles\\\" : {\\r\\n          \\\"fill\\\" : \\\"#000000\\\",\\r\\n          \\\"size\\\" : \\\"12\\\",\\r\\n          \\\"italic\\\" : false,\\r\\n          \\\"bold\\\" : false\\r\\n        },\\r\\n        \\\"ref\\\" : \\\"label_text\\\"\\r\\n      }, {\\r\\n        \\\"styles\\\" : {\\r\\n          \\\"fill\\\" : \\\"#000000\\\",\\r\\n          \\\"size\\\" : \\\"12\\\",\\r\\n          \\\"italic\\\" : false,\\r\\n          \\\"bold\\\" : false\\r\\n        },\\r\\n        \\\"ref\\\" : \\\"input_text\\\"\\r\\n      }, {\\r\\n        \\\"styles\\\" : {\\r\\n          \\\"fill\\\" : \\\"#000000\\\",\\r\\n          \\\"size\\\" : \\\"12\\\",\\r\\n          \\\"italic\\\" : false,\\r\\n          \\\"bold\\\" : false\\r\\n        },\\r\\n        \\\"ref\\\" : \\\"input_dependent_text\\\"\\r\\n      }, {\\r\\n        \\\"styles\\\" : {\\r\\n          \\\"fill\\\" : \\\"#000000\\\",\\r\\n          \\\"size\\\" : \\\"12\\\",\\r\\n          \\\"italic\\\" : false,\\r\\n          \\\"bold\\\" : false\\r\\n        },\\r\\n        \\\"ref\\\" : \\\"desc_text\\\"\\r\\n      } ]\\r\\n    }, {\\r\\n      \\\"resourceId\\\" : \\\"open-tasks-in-case-list1\\\",\\r\\n      \\\"properties\\\" : {\\r\\n        \\\"row-span\\\" : 1,\\r\\n        \\\"stencilid\\\" : \\\"open-tasks-in-case-list\\\",\\r\\n        \\\"customstencil\\\" : true,\\r\\n        \\\"stencilsuperids\\\" : [ \\\"Component\\\" ],\\r\\n        \\\"stencilsuperid\\\" : \\\"Component\\\",\\r\\n        \\\"xmlTag\\\" : \\\"itemsList\\\",\\r\\n        \\\"id\\\" : \\\"open-tasks-in-case-list1\\\",\\r\\n        \\\"width\\\" : \\\"200\\\",\\r\\n        \\\"height\\\" : \\\"\\\",\\r\\n        \\\"col\\\" : 1,\\r\\n        \\\"col-align\\\" : \\\"fill\\\",\\r\\n        \\\"col-weight\\\" : \\\"\\\",\\r\\n        \\\"row\\\" : 3,\\r\\n        \\\"row-align\\\" : \\\"top\\\",\\r\\n        \\\"row-weight\\\" : \\\"\\\",\\r\\n        \\\"enabled\\\" : true,\\r\\n        \\\"enabled-run\\\" : \\\"\\\",\\r\\n        \\\"size\\\" : 12,\\r\\n        \\\"label-align\\\" : \\\"top-left\\\",\\r\\n        \\\"description-position\\\" : \\\"bottom\\\",\\r\\n        \\\"description-align\\\" : \\\"left\\\",\\r\\n        \\\"node-type\\\" : \\\"\\\",\\r\\n        \\\"label-position\\\" : \\\"left\\\",\\r\\n        \\\"description\\\" : \\\"\\\",\\r\\n        \\\"description_fr_fr\\\" : \\\"\\\",\\r\\n        \\\"documentation\\\" : \\\"\\\",\\r\\n        \\\"col-span\\\" : \\\"1\\\",\\r\\n        \\\"style-class\\\" : \\\"\\\",\\r\\n        \\\"bordercolor\\\" : \\\"#000000\\\",\\r\\n        \\\"default-value\\\" : \\\"\\\",\\r\\n        \\\"options\\\" : \\\"\\\",\\r\\n        \\\"editable\\\" : false,\\r\\n        \\\"editable-run\\\" : \\\"\\\",\\r\\n        \\\"required\\\" : false,\\r\\n        \\\"value\\\" : \\\"\\\",\\r\\n        \\\"items-min-size\\\" : \\\"\\\",\\r\\n        \\\"items-max-size\\\" : \\\"\\\",\\r\\n        \\\"format-item\\\" : \\\"item.name\\\",\\r\\n        \\\"link-item\\\" : \\\"\\\",\\r\\n        \\\"link-target-view\\\" : \\\"browse\\\",\\r\\n        \\\"list-type\\\" : \\\"ONE\\\",\\r\\n        \\\"collapsible\\\" : false,\\r\\n        \\\"label\\\" : \\\"\\\",\\r\\n        \\\"label_fr_fr\\\" : \\\"\\\",\\r\\n        \\\"visible\\\" : true,\\r\\n        \\\"visible-run\\\" : \\\"{{root.id}}\\\",\\r\\n        \\\"query\\\" : \\\"type:TSK state:open parent:{{root.id}} sort:creation:asc\\\",\\r\\n        \\\"title\\\" : \\\"Open Tasks\\\",\\r\\n        \\\"title_fr_fr\\\" : \\\"Open Tasks\\\",\\r\\n        \\\"customstencilid\\\" : \\\"open-tasks-in-case-list\\\",\\r\\n        \\\"customnamespace\\\" : \\\"http://b3mn.org/stencilset/default.form.palette.xml#\\\"\\r\\n      },\\r\\n      \\\"xmlProperties\\\" : [ \\\"format-item\\\", \\\"link-item\\\", \\\"list-type\\\", \\\"query\\\" ],\\r\\n      \\\"pathProperties\\\" : {\\r\\n        \\\"id\\\" : \\\"id\\\",\\r\\n        \\\"description-position\\\" : \\\"helpMessage.position\\\",\\r\\n        \\\"label-position\\\" : \\\"labelAlign\\\",\\r\\n        \\\"description\\\" : \\\"helpMessage.text\\\",\\r\\n        \\\"description_fr_fr\\\" : \\\"i18n.fr.helpMessage.text\\\",\\r\\n        \\\"col-span\\\" : \\\"size\\\",\\r\\n        \\\"style-class\\\" : \\\"styleClass\\\",\\r\\n        \\\"default-value\\\" : \\\"defaultValue\\\",\\r\\n        \\\"editable\\\" : \\\"editable\\\",\\r\\n        \\\"editable-run\\\" : \\\"editable\\\",\\r\\n        \\\"required\\\" : \\\"isRequired\\\",\\r\\n        \\\"value\\\" : \\\"value\\\",\\r\\n        \\\"items-min-size\\\" : \\\"extraSettings.itemsMinSize\\\",\\r\\n        \\\"items-max-size\\\" : \\\"extraSettings.itemsMaxSize\\\",\\r\\n        \\\"format-item\\\" : \\\"extraSettings.formatItem\\\",\\r\\n        \\\"link-item\\\" : \\\"extraSettings.linkItem\\\",\\r\\n        \\\"link-target-view\\\" : \\\"extraSettings.linkTargetView\\\",\\r\\n        \\\"list-type\\\" : \\\"extraSettings.type\\\",\\r\\n        \\\"collapsible\\\" : \\\"extraSettings.collapsible\\\",\\r\\n        \\\"label\\\" : \\\"label\\\",\\r\\n        \\\"label_fr_fr\\\" : \\\"i18n.fr.label\\\",\\r\\n        \\\"visible\\\" : \\\"isVisible\\\",\\r\\n        \\\"visible-run\\\" : \\\"isVisible\\\",\\r\\n        \\\"query\\\" : \\\"extraSettings.queryUrl\\\",\\r\\n        \\\"title\\\" : \\\"extraSettings.title\\\",\\r\\n        \\\"title_fr_fr\\\" : \\\"i18n.fr.extraSettings.title\\\"\\r\\n      },\\r\\n      \\\"stencil\\\" : {\\r\\n        \\\"id\\\" : \\\"Component\\\"\\r\\n      },\\r\\n      \\\"childShapes\\\" : [ ],\\r\\n      \\\"outgoing\\\" : [ ],\\r\\n      \\\"bounds\\\" : {\\r\\n        \\\"lowerRight\\\" : {\\r\\n          \\\"x\\\" : 984,\\r\\n          \\\"y\\\" : 223\\r\\n        },\\r\\n        \\\"upperLeft\\\" : {\\r\\n          \\\"x\\\" : 15,\\r\\n          \\\"y\\\" : 171\\r\\n        }\\r\\n      },\\r\\n      \\\"dockers\\\" : [ ],\\r\\n      \\\"labels\\\" : [ {\\r\\n        \\\"styles\\\" : {\\r\\n          \\\"fill\\\" : \\\"#000000\\\",\\r\\n          \\\"size\\\" : \\\"12\\\",\\r\\n          \\\"italic\\\" : false,\\r\\n          \\\"bold\\\" : false\\r\\n        },\\r\\n        \\\"ref\\\" : \\\"label_text\\\"\\r\\n      }, {\\r\\n        \\\"styles\\\" : {\\r\\n          \\\"fill\\\" : \\\"#000000\\\",\\r\\n          \\\"size\\\" : \\\"12\\\",\\r\\n          \\\"italic\\\" : false,\\r\\n          \\\"bold\\\" : false\\r\\n        },\\r\\n        \\\"ref\\\" : \\\"input_text\\\"\\r\\n      }, {\\r\\n        \\\"styles\\\" : {\\r\\n          \\\"fill\\\" : \\\"#000000\\\",\\r\\n          \\\"size\\\" : \\\"12\\\",\\r\\n          \\\"italic\\\" : false,\\r\\n          \\\"bold\\\" : false\\r\\n        },\\r\\n        \\\"ref\\\" : \\\"input_dependent_textitemlist_0\\\"\\r\\n      }, {\\r\\n        \\\"styles\\\" : {\\r\\n          \\\"fill\\\" : \\\"#000000\\\",\\r\\n          \\\"size\\\" : \\\"12\\\",\\r\\n          \\\"italic\\\" : false,\\r\\n          \\\"bold\\\" : false\\r\\n        },\\r\\n        \\\"ref\\\" : \\\"input_dependent_textitemlist_1\\\"\\r\\n      }, {\\r\\n        \\\"styles\\\" : {\\r\\n          \\\"fill\\\" : \\\"#000000\\\",\\r\\n          \\\"size\\\" : \\\"12\\\",\\r\\n          \\\"italic\\\" : false,\\r\\n          \\\"bold\\\" : false\\r\\n        },\\r\\n        \\\"ref\\\" : \\\"desc_text\\\"\\r\\n      } ]\\r\\n    } ],\\r\\n    \\\"outgoing\\\" : [ ],\\r\\n    \\\"bounds\\\" : {\\r\\n      \\\"lowerRight\\\" : {\\r\\n        \\\"x\\\" : 1049,\\r\\n        \\\"y\\\" : 298\\r\\n      },\\r\\n      \\\"upperLeft\\\" : {\\r\\n        \\\"x\\\" : 50,\\r\\n        \\\"y\\\" : 50\\r\\n      }\\r\\n    },\\r\\n    \\\"dockers\\\" : [ ],\\r\\n    \\\"oldResourceId\\\" : \\\"sid-8D9FC954-EB33-4C05-ADF0-5706EF50E974\\\"\\r\\n  } ],\\r\\n  \\\"bounds\\\" : {\\r\\n    \\\"lowerRight\\\" : {\\r\\n      \\\"x\\\" : 1404,\\r\\n      \\\"y\\\" : 962\\r\\n    },\\r\\n    \\\"upperLeft\\\" : {\\r\\n      \\\"x\\\" : 0,\\r\\n      \\\"y\\\" : 0\\r\\n    }\\r\\n  },\\r\\n  \\\"stencilset\\\" : {\\r\\n    \\\"url\\\" : \\\"/acme/vis/editor/stencilsets//edorasForms/edorasForms.json\\\",\\r\\n    \\\"namespace\\\" : \\\"http://b3mn.org/stencilset/xforms#\\\"\\r\\n  },\\r\\n  \\\"ssextensions\\\" : [ \\\"http://b3mn.org/stencilset/default.form.palette.xml#\\\", \\\"http://b3mn.org/stencilset/demo.form.palette.xml#\\\" ]\\r\\n}\",\"modelXml\":\"\",\"modelSvg\":\"\\u003csvg xmlns\\u003d\\\"http://www.w3.org/2000/svg\\\" xmlns:oryx\\u003d\\\"http://oryx-editor.org\\\" id\\u003d\\\"sid-9DE7057F-3A50-49CB-B6FF-221A8D783744\\\" width\\u003d\\\"1049\\\" height\\u003d\\\"298\\\" xmlns:xlink\\u003d\\\"http://www.w3.org/1999/xlink\\\" xmlns:svg\\u003d\\\"http://www.w3.org/2000/svg\\\"\\u003e\\u003cdefs/\\u003e\\u003cg stroke\\u003d\\\"black\\\" font-family\\u003d\\\"Verdana, sans-serif\\\" font-size-adjust\\u003d\\\"none\\\" font-style\\u003d\\\"normal\\\" font-variant\\u003d\\\"normal\\\" font-weight\\u003d\\\"normal\\\" line-heigth\\u003d\\\"normal\\\" font-size\\u003d\\\"12\\\"\\u003e\\u003cg class\\u003d\\\"stencils\\\" transform\\u003d\\\"translate(-25, -25)\\\"\\u003e\\u003cg class\\u003d\\\"me\\\"/\\u003e\\u003cg class\\u003d\\\"children\\\"\\u003e\\u003cg id\\u003d\\\"svg-panel1\\\"\\u003e\\u003cg class\\u003d\\\"stencils\\\" transform\\u003d\\\"translate(50, 50)\\\"\\u003e\\u003cg class\\u003d\\\"me\\\"\\u003e\\u003cg oryx:minimumSize\\u003d\\\"40 34\\\" id\\u003d\\\"sid-D0ADE4C5-7F45-42BD-8633-704B933C1F3A\\\" title\\u003d\\\"Slot panel\\\"\\u003e     \\u003crect id\\u003d\\\"sid-D0ADE4C5-7F45-42BD-8633-704B933C1F3Ainput\\\" oryx:anchors\\u003d\\\"left top\\\" oryx:resize\\u003d\\\"vertical horizontal\\\" x\\u003d\\\"0\\\" y\\u003d\\\"0\\\" width\\u003d\\\"999.0000000000001\\\" height\\u003d\\\"248\\\" stroke\\u003d\\\"#777777\\\" stroke-width\\u003d\\\"1\\\" fill\\u003d\\\"#e6e8f6\\\"/\\u003e   \\u003c/g\\u003e\\u003c/g\\u003e\\u003cg class\\u003d\\\"background\\\"\\u003e\\u003cg class\\u003d\\\"cellBg\\\" display\\u003d\\\"inherit\\\" transform\\u003d\\\"translate(11, 21)\\\"\\u003e\\u003crect x\\u003d\\\"0\\\" y\\u003d\\\"0\\\" stroke-width\\u003d\\\"2\\\" stroke\\u003d\\\"none\\\" fill\\u003d\\\"#f2f4fd\\\" pointer-events\\u003d\\\"all\\\" width\\u003d\\\"977\\\" height\\u003d\\\"58\\\"/\\u003e\\u003c/g\\u003e\\u003cg class\\u003d\\\"cellBg\\\" display\\u003d\\\"inherit\\\" transform\\u003d\\\"translate(11, 21)\\\"\\u003e\\u003crect x\\u003d\\\"0\\\" y\\u003d\\\"0\\\" stroke-width\\u003d\\\"2\\\" stroke\\u003d\\\"none\\\" fill\\u003d\\\"#f2f4fd\\\" pointer-events\\u003d\\\"all\\\" width\\u003d\\\"977\\\" height\\u003d\\\"58\\\"/\\u003e\\u003c/g\\u003e\\u003cg class\\u003d\\\"cellBg\\\" display\\u003d\\\"inherit\\\" transform\\u003d\\\"translate(11, 21)\\\"\\u003e\\u003crect x\\u003d\\\"0\\\" y\\u003d\\\"0\\\" stroke-width\\u003d\\\"2\\\" stroke\\u003d\\\"none\\\" fill\\u003d\\\"#f2f4fd\\\" pointer-events\\u003d\\\"all\\\" width\\u003d\\\"977\\\" height\\u003d\\\"58\\\"/\\u003e\\u003c/g\\u003e\\u003cg class\\u003d\\\"cellBg\\\" display\\u003d\\\"inherit\\\" transform\\u003d\\\"translate(11, 21)\\\"\\u003e\\u003crect x\\u003d\\\"0\\\" y\\u003d\\\"0\\\" stroke-width\\u003d\\\"2\\\" stroke\\u003d\\\"none\\\" fill\\u003d\\\"#f2f4fd\\\" pointer-events\\u003d\\\"all\\\" width\\u003d\\\"977\\\" height\\u003d\\\"58\\\"/\\u003e\\u003c/g\\u003e\\u003cg class\\u003d\\\"cellBg\\\" display\\u003d\\\"inherit\\\" transform\\u003d\\\"translate(11, 21)\\\"\\u003e\\u003crect x\\u003d\\\"0\\\" y\\u003d\\\"0\\\" stroke-width\\u003d\\\"2\\\" stroke\\u003d\\\"none\\\" fill\\u003d\\\"#f2f4fd\\\" pointer-events\\u003d\\\"all\\\" width\\u003d\\\"977\\\" height\\u003d\\\"58\\\"/\\u003e\\u003c/g\\u003e\\u003cg class\\u003d\\\"cellBg\\\" display\\u003d\\\"inherit\\\" transform\\u003d\\\"translate(11, 21)\\\"\\u003e\\u003crect x\\u003d\\\"0\\\" y\\u003d\\\"0\\\" stroke-width\\u003d\\\"2\\\" stroke\\u003d\\\"none\\\" fill\\u003d\\\"#f2f4fd\\\" pointer-events\\u003d\\\"all\\\" width\\u003d\\\"977\\\" height\\u003d\\\"58\\\"/\\u003e\\u003c/g\\u003e\\u003cg class\\u003d\\\"cellBg\\\" display\\u003d\\\"inherit\\\" transform\\u003d\\\"translate(11, 94)\\\"\\u003e\\u003crect x\\u003d\\\"0\\\" y\\u003d\\\"0\\\" stroke-width\\u003d\\\"2\\\" stroke\\u003d\\\"none\\\" fill\\u003d\\\"#f2f4fd\\\" pointer-events\\u003d\\\"all\\\" width\\u003d\\\"977\\\" height\\u003d\\\"56\\\"/\\u003e\\u003c/g\\u003e\\u003cg class\\u003d\\\"cellBg\\\" display\\u003d\\\"inherit\\\" transform\\u003d\\\"translate(11, 94)\\\"\\u003e\\u003crect x\\u003d\\\"0\\\" y\\u003d\\\"0\\\" stroke-width\\u003d\\\"2\\\" stroke\\u003d\\\"none\\\" fill\\u003d\\\"#f2f4fd\\\" pointer-events\\u003d\\\"all\\\" width\\u003d\\\"977\\\" height\\u003d\\\"56\\\"/\\u003e\\u003c/g\\u003e\\u003cg class\\u003d\\\"cellBg\\\" display\\u003d\\\"inherit\\\" transform\\u003d\\\"translate(11, 94)\\\"\\u003e\\u003crect x\\u003d\\\"0\\\" y\\u003d\\\"0\\\" stroke-width\\u003d\\\"2\\\" stroke\\u003d\\\"none\\\" fill\\u003d\\\"#f2f4fd\\\" pointer-events\\u003d\\\"all\\\" width\\u003d\\\"977\\\" height\\u003d\\\"56\\\"/\\u003e\\u003c/g\\u003e\\u003cg class\\u003d\\\"cellBg\\\" display\\u003d\\\"inherit\\\" transform\\u003d\\\"translate(11, 94)\\\"\\u003e\\u003crect x\\u003d\\\"0\\\" y\\u003d\\\"0\\\" stroke-width\\u003d\\\"2\\\" stroke\\u003d\\\"none\\\" fill\\u003d\\\"#f2f4fd\\\" pointer-events\\u003d\\\"all\\\" width\\u003d\\\"977\\\" height\\u003d\\\"56\\\"/\\u003e\\u003c/g\\u003e\\u003cg class\\u003d\\\"cellBg\\\" display\\u003d\\\"inherit\\\" transform\\u003d\\\"translate(11, 94)\\\"\\u003e\\u003crect x\\u003d\\\"0\\\" y\\u003d\\\"0\\\" stroke-width\\u003d\\\"2\\\" stroke\\u003d\\\"none\\\" fill\\u003d\\\"#f2f4fd\\\" pointer-events\\u003d\\\"all\\\" width\\u003d\\\"977\\\" height\\u003d\\\"56\\\"/\\u003e\\u003c/g\\u003e\\u003cg class\\u003d\\\"cellBg\\\" display\\u003d\\\"inherit\\\" transform\\u003d\\\"translate(11, 94)\\\"\\u003e\\u003crect x\\u003d\\\"0\\\" y\\u003d\\\"0\\\" stroke-width\\u003d\\\"2\\\" stroke\\u003d\\\"none\\\" fill\\u003d\\\"#f2f4fd\\\" pointer-events\\u003d\\\"all\\\" width\\u003d\\\"977\\\" height\\u003d\\\"56\\\"/\\u003e\\u003c/g\\u003e\\u003cg class\\u003d\\\"cellBg\\\" display\\u003d\\\"inherit\\\" transform\\u003d\\\"translate(11, 167)\\\"\\u003e\\u003crect x\\u003d\\\"0\\\" y\\u003d\\\"0\\\" stroke-width\\u003d\\\"2\\\" stroke\\u003d\\\"none\\\" fill\\u003d\\\"#f2f4fd\\\" pointer-events\\u003d\\\"all\\\" width\\u003d\\\"977\\\" height\\u003d\\\"60\\\"/\\u003e\\u003c/g\\u003e\\u003cg class\\u003d\\\"cellBg\\\" display\\u003d\\\"inherit\\\" transform\\u003d\\\"translate(11, 167)\\\"\\u003e\\u003crect x\\u003d\\\"0\\\" y\\u003d\\\"0\\\" stroke-width\\u003d\\\"2\\\" stroke\\u003d\\\"none\\\" fill\\u003d\\\"#f2f4fd\\\" pointer-events\\u003d\\\"all\\\" width\\u003d\\\"977\\\" height\\u003d\\\"60\\\"/\\u003e\\u003c/g\\u003e\\u003cg class\\u003d\\\"cellBg\\\" display\\u003d\\\"inherit\\\" transform\\u003d\\\"translate(11, 167)\\\"\\u003e\\u003crect x\\u003d\\\"0\\\" y\\u003d\\\"0\\\" stroke-width\\u003d\\\"2\\\" stroke\\u003d\\\"none\\\" fill\\u003d\\\"#f2f4fd\\\" pointer-events\\u003d\\\"all\\\" width\\u003d\\\"977\\\" height\\u003d\\\"60\\\"/\\u003e\\u003c/g\\u003e\\u003cg class\\u003d\\\"cellBg\\\" display\\u003d\\\"inherit\\\" transform\\u003d\\\"translate(11, 167)\\\"\\u003e\\u003crect x\\u003d\\\"0\\\" y\\u003d\\\"0\\\" stroke-width\\u003d\\\"2\\\" stroke\\u003d\\\"none\\\" fill\\u003d\\\"#f2f4fd\\\" pointer-events\\u003d\\\"all\\\" width\\u003d\\\"977\\\" height\\u003d\\\"60\\\"/\\u003e\\u003c/g\\u003e\\u003cg class\\u003d\\\"cellBg\\\" display\\u003d\\\"inherit\\\" transform\\u003d\\\"translate(11, 167)\\\"\\u003e\\u003crect x\\u003d\\\"0\\\" y\\u003d\\\"0\\\" stroke-width\\u003d\\\"2\\\" stroke\\u003d\\\"none\\\" fill\\u003d\\\"#f2f4fd\\\" pointer-events\\u003d\\\"all\\\" width\\u003d\\\"977\\\" height\\u003d\\\"60\\\"/\\u003e\\u003c/g\\u003e\\u003cg class\\u003d\\\"cellBg\\\" display\\u003d\\\"inherit\\\" transform\\u003d\\\"translate(11, 167)\\\"\\u003e\\u003crect x\\u003d\\\"0\\\" y\\u003d\\\"0\\\" stroke-width\\u003d\\\"2\\\" stroke\\u003d\\\"none\\\" fill\\u003d\\\"#f2f4fd\\\" pointer-events\\u003d\\\"all\\\" width\\u003d\\\"977\\\" height\\u003d\\\"60\\\"/\\u003e\\u003c/g\\u003e\\u003cg class\\u003d\\\"cellBg\\\" display\\u003d\\\"inherit\\\" transform\\u003d\\\"translate(11, 167)\\\"\\u003e\\u003crect x\\u003d\\\"0\\\" y\\u003d\\\"0\\\" stroke-width\\u003d\\\"2\\\" stroke\\u003d\\\"none\\\" fill\\u003d\\\"#f2f4fd\\\" pointer-events\\u003d\\\"all\\\" width\\u003d\\\"977\\\" height\\u003d\\\"60\\\"/\\u003e\\u003c/g\\u003e\\u003cg class\\u003d\\\"cellBg\\\" display\\u003d\\\"inherit\\\" transform\\u003d\\\"translate(11, 167)\\\"\\u003e\\u003crect x\\u003d\\\"0\\\" y\\u003d\\\"0\\\" stroke-width\\u003d\\\"2\\\" stroke\\u003d\\\"none\\\" fill\\u003d\\\"#f2f4fd\\\" pointer-events\\u003d\\\"all\\\" width\\u003d\\\"977\\\" height\\u003d\\\"60\\\"/\\u003e\\u003c/g\\u003e\\u003cg class\\u003d\\\"cellBg\\\" display\\u003d\\\"inherit\\\" transform\\u003d\\\"translate(11, 167)\\\"\\u003e\\u003crect x\\u003d\\\"0\\\" y\\u003d\\\"0\\\" stroke-width\\u003d\\\"2\\\" stroke\\u003d\\\"none\\\" fill\\u003d\\\"#f2f4fd\\\" pointer-events\\u003d\\\"all\\\" width\\u003d\\\"977\\\" height\\u003d\\\"60\\\"/\\u003e\\u003c/g\\u003e\\u003cg class\\u003d\\\"cellBg\\\" display\\u003d\\\"inherit\\\" transform\\u003d\\\"translate(11, 167)\\\"\\u003e\\u003crect x\\u003d\\\"0\\\" y\\u003d\\\"0\\\" stroke-width\\u003d\\\"2\\\" stroke\\u003d\\\"none\\\" fill\\u003d\\\"#f2f4fd\\\" pointer-events\\u003d\\\"all\\\" width\\u003d\\\"977\\\" height\\u003d\\\"60\\\"/\\u003e\\u003c/g\\u003e\\u003cg class\\u003d\\\"cellBg\\\" display\\u003d\\\"inherit\\\" transform\\u003d\\\"translate(11, 167)\\\"\\u003e\\u003crect x\\u003d\\\"0\\\" y\\u003d\\\"0\\\" stroke-width\\u003d\\\"2\\\" stroke\\u003d\\\"none\\\" fill\\u003d\\\"#f2f4fd\\\" pointer-events\\u003d\\\"all\\\" width\\u003d\\\"977\\\" height\\u003d\\\"60\\\"/\\u003e\\u003c/g\\u003e\\u003cg class\\u003d\\\"cellBg\\\" display\\u003d\\\"inherit\\\" transform\\u003d\\\"translate(11, 167)\\\"\\u003e\\u003crect x\\u003d\\\"0\\\" y\\u003d\\\"0\\\" stroke-width\\u003d\\\"2\\\" stroke\\u003d\\\"none\\\" fill\\u003d\\\"#f2f4fd\\\" pointer-events\\u003d\\\"all\\\" width\\u003d\\\"977\\\" height\\u003d\\\"60\\\" id\\u003d\\\"ext-gen1750\\\"/\\u003e\\u003c/g\\u003e\\u003cg class\\u003d\\\"cellBg\\\" display\\u003d\\\"inherit\\\" transform\\u003d\\\"translate(11, 94)\\\"\\u003e\\u003crect x\\u003d\\\"0\\\" y\\u003d\\\"0\\\" stroke-width\\u003d\\\"2\\\" stroke\\u003d\\\"none\\\" fill\\u003d\\\"#f2f4fd\\\" pointer-events\\u003d\\\"all\\\" width\\u003d\\\"977\\\" height\\u003d\\\"56\\\"/\\u003e\\u003c/g\\u003e\\u003cg class\\u003d\\\"cellBg\\\" display\\u003d\\\"inherit\\\" transform\\u003d\\\"translate(11, 94)\\\"\\u003e\\u003crect x\\u003d\\\"0\\\" y\\u003d\\\"0\\\" stroke-width\\u003d\\\"2\\\" stroke\\u003d\\\"none\\\" fill\\u003d\\\"#f2f4fd\\\" pointer-events\\u003d\\\"all\\\" width\\u003d\\\"977\\\" height\\u003d\\\"56\\\"/\\u003e\\u003c/g\\u003e\\u003cg class\\u003d\\\"cellBg\\\" display\\u003d\\\"inherit\\\" transform\\u003d\\\"translate(11, 94)\\\"\\u003e\\u003crect x\\u003d\\\"0\\\" y\\u003d\\\"0\\\" stroke-width\\u003d\\\"2\\\" stroke\\u003d\\\"none\\\" fill\\u003d\\\"#f2f4fd\\\" pointer-events\\u003d\\\"all\\\" width\\u003d\\\"977\\\" height\\u003d\\\"56\\\"/\\u003e\\u003c/g\\u003e\\u003cg class\\u003d\\\"cellBg\\\" display\\u003d\\\"inherit\\\" transform\\u003d\\\"translate(11, 94)\\\"\\u003e\\u003crect x\\u003d\\\"0\\\" y\\u003d\\\"0\\\" stroke-width\\u003d\\\"2\\\" stroke\\u003d\\\"none\\\" fill\\u003d\\\"#f2f4fd\\\" pointer-events\\u003d\\\"all\\\" width\\u003d\\\"977\\\" height\\u003d\\\"56\\\"/\\u003e\\u003c/g\\u003e\\u003cg class\\u003d\\\"cellBg\\\" display\\u003d\\\"inherit\\\" transform\\u003d\\\"translate(11, 94)\\\"\\u003e\\u003crect x\\u003d\\\"0\\\" y\\u003d\\\"0\\\" stroke-width\\u003d\\\"2\\\" stroke\\u003d\\\"none\\\" fill\\u003d\\\"#f2f4fd\\\" pointer-events\\u003d\\\"all\\\" width\\u003d\\\"977\\\" height\\u003d\\\"56\\\"/\\u003e\\u003c/g\\u003e\\u003cg class\\u003d\\\"cellBg\\\" display\\u003d\\\"inherit\\\" transform\\u003d\\\"translate(11, 94)\\\"\\u003e\\u003crect x\\u003d\\\"0\\\" y\\u003d\\\"0\\\" stroke-width\\u003d\\\"2\\\" stroke\\u003d\\\"none\\\" fill\\u003d\\\"#f2f4fd\\\" pointer-events\\u003d\\\"all\\\" width\\u003d\\\"977\\\" height\\u003d\\\"56\\\" id\\u003d\\\"ext-gen1751\\\"/\\u003e\\u003c/g\\u003e\\u003cg class\\u003d\\\"cellBg\\\" display\\u003d\\\"inherit\\\" transform\\u003d\\\"translate(11, 21)\\\"\\u003e\\u003crect x\\u003d\\\"0\\\" y\\u003d\\\"0\\\" stroke-width\\u003d\\\"2\\\" stroke\\u003d\\\"none\\\" fill\\u003d\\\"#f2f4fd\\\" pointer-events\\u003d\\\"all\\\" width\\u003d\\\"977\\\" height\\u003d\\\"58\\\"/\\u003e\\u003c/g\\u003e\\u003cg class\\u003d\\\"cellBg\\\" display\\u003d\\\"inherit\\\" transform\\u003d\\\"translate(11, 21)\\\"\\u003e\\u003crect x\\u003d\\\"0\\\" y\\u003d\\\"0\\\" stroke-width\\u003d\\\"2\\\" stroke\\u003d\\\"none\\\" fill\\u003d\\\"#f2f4fd\\\" pointer-events\\u003d\\\"all\\\" width\\u003d\\\"977\\\" height\\u003d\\\"58\\\"/\\u003e\\u003c/g\\u003e\\u003cg class\\u003d\\\"cellBg\\\" display\\u003d\\\"inherit\\\" transform\\u003d\\\"translate(11, 21)\\\"\\u003e\\u003crect x\\u003d\\\"0\\\" y\\u003d\\\"0\\\" stroke-width\\u003d\\\"2\\\" stroke\\u003d\\\"none\\\" fill\\u003d\\\"#f2f4fd\\\" pointer-events\\u003d\\\"all\\\" width\\u003d\\\"977\\\" height\\u003d\\\"58\\\"/\\u003e\\u003c/g\\u003e\\u003cg class\\u003d\\\"cellBg\\\" display\\u003d\\\"inherit\\\" transform\\u003d\\\"translate(11, 21)\\\"\\u003e\\u003crect x\\u003d\\\"0\\\" y\\u003d\\\"0\\\" stroke-width\\u003d\\\"2\\\" stroke\\u003d\\\"none\\\" fill\\u003d\\\"#f2f4fd\\\" pointer-events\\u003d\\\"all\\\" width\\u003d\\\"977\\\" height\\u003d\\\"58\\\"/\\u003e\\u003c/g\\u003e\\u003cg class\\u003d\\\"cellBg\\\" display\\u003d\\\"inherit\\\" transform\\u003d\\\"translate(11, 21)\\\"\\u003e\\u003crect x\\u003d\\\"0\\\" y\\u003d\\\"0\\\" stroke-width\\u003d\\\"2\\\" stroke\\u003d\\\"none\\\" fill\\u003d\\\"#f2f4fd\\\" pointer-events\\u003d\\\"all\\\" width\\u003d\\\"977\\\" height\\u003d\\\"58\\\"/\\u003e\\u003c/g\\u003e\\u003cg class\\u003d\\\"cellBg\\\" display\\u003d\\\"inherit\\\" transform\\u003d\\\"translate(11, 21)\\\"\\u003e\\u003crect x\\u003d\\\"0\\\" y\\u003d\\\"0\\\" stroke-width\\u003d\\\"2\\\" stroke\\u003d\\\"none\\\" fill\\u003d\\\"#f2f4fd\\\" pointer-events\\u003d\\\"all\\\" width\\u003d\\\"977\\\" height\\u003d\\\"58\\\"/\\u003e\\u003c/g\\u003e\\u003cg class\\u003d\\\"columnBackground split\\\" display\\u003d\\\"none\\\"\\u003e\\u003crect x\\u003d\\\"0\\\" y\\u003d\\\"0\\\" stroke\\u003d\\\"none\\\" fill\\u003d\\\"#e6e8f6\\\" pointer-events\\u003d\\\"none\\\"/\\u003e\\u003c/g\\u003e\\u003c/g\\u003e\\u003cg class\\u003d\\\"gridline\\\"\\u003e\\u003cg class\\u003d\\\"panelgridline\\\" display\\u003d\\\"inherit\\\"\\u003e\\u003cpath stroke-width\\u003d\\\"1\\\" stroke\\u003d\\\"silver\\\" fill\\u003d\\\"none\\\" stroke-dasharray\\u003d\\\"4,2\\\" pointer-events\\u003d\\\"none\\\" d\\u003d\\\"M 0 167 L 999 167\\\"/\\u003e\\u003c/g\\u003e\\u003cg class\\u003d\\\"panelgridline\\\" display\\u003d\\\"inherit\\\"\\u003e\\u003cpath stroke-width\\u003d\\\"1\\\" stroke\\u003d\\\"silver\\\" fill\\u003d\\\"none\\\" stroke-dasharray\\u003d\\\"4,2\\\" pointer-events\\u003d\\\"none\\\" d\\u003d\\\"M 0 227 L 999 227\\\"/\\u003e\\u003c/g\\u003e\\u003cg class\\u003d\\\"panelgridline\\\" display\\u003d\\\"inherit\\\"\\u003e\\u003cpath stroke-width\\u003d\\\"1\\\" stroke\\u003d\\\"silver\\\" fill\\u003d\\\"none\\\" stroke-dasharray\\u003d\\\"4,2\\\" pointer-events\\u003d\\\"none\\\" d\\u003d\\\"M 0 94 L 999 94\\\"/\\u003e\\u003c/g\\u003e\\u003cg class\\u003d\\\"panelgridline\\\" display\\u003d\\\"inherit\\\"\\u003e\\u003cpath stroke-width\\u003d\\\"1\\\" stroke\\u003d\\\"silver\\\" fill\\u003d\\\"none\\\" stroke-dasharray\\u003d\\\"4,2\\\" pointer-events\\u003d\\\"none\\\" d\\u003d\\\"M 0 150 L 999 150\\\"/\\u003e\\u003c/g\\u003e\\u003cg class\\u003d\\\"panelgridline\\\" display\\u003d\\\"inherit\\\"\\u003e\\u003cpath stroke-width\\u003d\\\"1\\\" stroke\\u003d\\\"silver\\\" fill\\u003d\\\"none\\\" stroke-dasharray\\u003d\\\"4,2\\\" pointer-events\\u003d\\\"none\\\" d\\u003d\\\"M 0 21 L 999 21\\\"/\\u003e\\u003c/g\\u003e\\u003cg class\\u003d\\\"panelgridline\\\" display\\u003d\\\"inherit\\\"\\u003e\\u003cpath stroke-width\\u003d\\\"1\\\" stroke\\u003d\\\"silver\\\" fill\\u003d\\\"none\\\" stroke-dasharray\\u003d\\\"4,2\\\" pointer-events\\u003d\\\"none\\\" d\\u003d\\\"M 0 79 L 999 79\\\"/\\u003e\\u003c/g\\u003e\\u003cg class\\u003d\\\"panelgridline\\\" display\\u003d\\\"inherit\\\"\\u003e\\u003cpath stroke-width\\u003d\\\"1\\\" stroke\\u003d\\\"silver\\\" fill\\u003d\\\"none\\\" stroke-dasharray\\u003d\\\"4,2\\\" pointer-events\\u003d\\\"none\\\" d\\u003d\\\"M913 0 L 913 248\\\"/\\u003e\\u003c/g\\u003e\\u003cg class\\u003d\\\"panelgridline\\\" display\\u003d\\\"inherit\\\"\\u003e\\u003cpath stroke-width\\u003d\\\"1\\\" stroke\\u003d\\\"silver\\\" fill\\u003d\\\"none\\\" stroke-dasharray\\u003d\\\"4,2\\\" pointer-events\\u003d\\\"none\\\" d\\u003d\\\"M988 0 L 988 248\\\"/\\u003e\\u003c/g\\u003e\\u003cg class\\u003d\\\"panelgridline\\\" display\\u003d\\\"inherit\\\"\\u003e\\u003cpath stroke-width\\u003d\\\"1\\\" stroke\\u003d\\\"silver\\\" fill\\u003d\\\"none\\\" stroke-dasharray\\u003d\\\"4,2\\\" pointer-events\\u003d\\\"none\\\" d\\u003d\\\"M831 0 L 831 248\\\"/\\u003e\\u003c/g\\u003e\\u003cg class\\u003d\\\"panelgridline\\\" display\\u003d\\\"inherit\\\"\\u003e\\u003cpath stroke-width\\u003d\\\"1\\\" stroke\\u003d\\\"silver\\\" fill\\u003d\\\"none\\\" stroke-dasharray\\u003d\\\"4,2\\\" pointer-events\\u003d\\\"none\\\" d\\u003d\\\"M906 0 L 906 248\\\"/\\u003e\\u003c/g\\u003e\\u003cg class\\u003d\\\"panelgridline\\\" display\\u003d\\\"inherit\\\"\\u003e\\u003cpath stroke-width\\u003d\\\"1\\\" stroke\\u003d\\\"silver\\\" fill\\u003d\\\"none\\\" stroke-dasharray\\u003d\\\"4,2\\\" pointer-events\\u003d\\\"none\\\" d\\u003d\\\"M749 0 L 749 248\\\"/\\u003e\\u003c/g\\u003e\\u003cg class\\u003d\\\"panelgridline\\\" display\\u003d\\\"inherit\\\"\\u003e\\u003cpath stroke-width\\u003d\\\"1\\\" stroke\\u003d\\\"silver\\\" fill\\u003d\\\"none\\\" stroke-dasharray\\u003d\\\"4,2\\\" pointer-events\\u003d\\\"none\\\" d\\u003d\\\"M824 0 L 824 248\\\"/\\u003e\\u003c/g\\u003e\\u003cg class\\u003d\\\"panelgridline\\\" display\\u003d\\\"inherit\\\"\\u003e\\u003cpath stroke-width\\u003d\\\"1\\\" stroke\\u003d\\\"silver\\\" fill\\u003d\\\"none\\\" stroke-dasharray\\u003d\\\"4,2\\\" pointer-events\\u003d\\\"none\\\" d\\u003d\\\"M667 0 L 667 248\\\"/\\u003e\\u003c/g\\u003e\\u003cg class\\u003d\\\"panelgridline\\\" display\\u003d\\\"inherit\\\"\\u003e\\u003cpath stroke-width\\u003d\\\"1\\\" stroke\\u003d\\\"silver\\\" fill\\u003d\\\"none\\\" stroke-dasharray\\u003d\\\"4,2\\\" pointer-events\\u003d\\\"none\\\" d\\u003d\\\"M742 0 L 742 248\\\"/\\u003e\\u003c/g\\u003e\\u003cg class\\u003d\\\"panelgridline\\\" display\\u003d\\\"inherit\\\"\\u003e\\u003cpath stroke-width\\u003d\\\"1\\\" stroke\\u003d\\\"silver\\\" fill\\u003d\\\"none\\\" stroke-dasharray\\u003d\\\"4,2\\\" pointer-events\\u003d\\\"none\\\" d\\u003d\\\"M585 0 L 585 248\\\"/\\u003e\\u003c/g\\u003e\\u003cg class\\u003d\\\"panelgridline\\\" display\\u003d\\\"inherit\\\"\\u003e\\u003cpath stroke-width\\u003d\\\"1\\\" stroke\\u003d\\\"silver\\\" fill\\u003d\\\"none\\\" stroke-dasharray\\u003d\\\"4,2\\\" pointer-events\\u003d\\\"none\\\" d\\u003d\\\"M660 0 L 660 248\\\"/\\u003e\\u003c/g\\u003e\\u003cg class\\u003d\\\"panelgridline\\\" display\\u003d\\\"inherit\\\"\\u003e\\u003cpath stroke-width\\u003d\\\"1\\\" stroke\\u003d\\\"silver\\\" fill\\u003d\\\"none\\\" stroke-dasharray\\u003d\\\"4,2\\\" pointer-events\\u003d\\\"none\\\" d\\u003d\\\"M503 0 L 503 248\\\"/\\u003e\\u003c/g\\u003e\\u003cg class\\u003d\\\"panelgridline\\\" display\\u003d\\\"inherit\\\"\\u003e\\u003cpath stroke-width\\u003d\\\"1\\\" stroke\\u003d\\\"silver\\\" fill\\u003d\\\"none\\\" stroke-dasharray\\u003d\\\"4,2\\\" pointer-events\\u003d\\\"none\\\" d\\u003d\\\"M578 0 L 578 248\\\"/\\u003e\\u003c/g\\u003e\\u003cg class\\u003d\\\"panelgridline\\\" display\\u003d\\\"inherit\\\"\\u003e\\u003cpath stroke-width\\u003d\\\"1\\\" stroke\\u003d\\\"silver\\\" fill\\u003d\\\"none\\\" stroke-dasharray\\u003d\\\"4,2\\\" pointer-events\\u003d\\\"none\\\" d\\u003d\\\"M421 0 L 421 248\\\"/\\u003e\\u003c/g\\u003e\\u003cg class\\u003d\\\"panelgridline\\\" display\\u003d\\\"inherit\\\"\\u003e\\u003cpath stroke-width\\u003d\\\"1\\\" stroke\\u003d\\\"silver\\\" fill\\u003d\\\"none\\\" stroke-dasharray\\u003d\\\"4,2\\\" pointer-events\\u003d\\\"none\\\" d\\u003d\\\"M496 0 L 496 248\\\"/\\u003e\\u003c/g\\u003e\\u003cg class\\u003d\\\"panelgridline\\\" display\\u003d\\\"inherit\\\"\\u003e\\u003cpath stroke-width\\u003d\\\"1\\\" stroke\\u003d\\\"silver\\\" fill\\u003d\\\"none\\\" stroke-dasharray\\u003d\\\"4,2\\\" pointer-events\\u003d\\\"none\\\" d\\u003d\\\"M339 0 L 339 248\\\"/\\u003e\\u003c/g\\u003e\\u003cg class\\u003d\\\"panelgridline\\\" display\\u003d\\\"inherit\\\"\\u003e\\u003cpath stroke-width\\u003d\\\"1\\\" stroke\\u003d\\\"silver\\\" fill\\u003d\\\"none\\\" stroke-dasharray\\u003d\\\"4,2\\\" pointer-events\\u003d\\\"none\\\" d\\u003d\\\"M414 0 L 414 248\\\"/\\u003e\\u003c/g\\u003e\\u003cg class\\u003d\\\"panelgridline\\\" display\\u003d\\\"inherit\\\"\\u003e\\u003cpath stroke-width\\u003d\\\"1\\\" stroke\\u003d\\\"silver\\\" fill\\u003d\\\"none\\\" stroke-dasharray\\u003d\\\"4,2\\\" pointer-events\\u003d\\\"none\\\" d\\u003d\\\"M257 0 L 257 248\\\"/\\u003e\\u003c/g\\u003e\\u003cg class\\u003d\\\"panelgridline\\\" display\\u003d\\\"inherit\\\"\\u003e\\u003cpath stroke-width\\u003d\\\"1\\\" stroke\\u003d\\\"silver\\\" fill\\u003d\\\"none\\\" stroke-dasharray\\u003d\\\"4,2\\\" pointer-events\\u003d\\\"none\\\" d\\u003d\\\"M332 0 L 332 248\\\"/\\u003e\\u003c/g\\u003e\\u003cg class\\u003d\\\"panelgridline\\\" display\\u003d\\\"inherit\\\"\\u003e\\u003cpath stroke-width\\u003d\\\"1\\\" stroke\\u003d\\\"silver\\\" fill\\u003d\\\"none\\\" stroke-dasharray\\u003d\\\"4,2\\\" pointer-events\\u003d\\\"none\\\" d\\u003d\\\"M175 0 L 175 248\\\"/\\u003e\\u003c/g\\u003e\\u003cg class\\u003d\\\"panelgridline\\\" display\\u003d\\\"inherit\\\"\\u003e\\u003cpath stroke-width\\u003d\\\"1\\\" stroke\\u003d\\\"silver\\\" fill\\u003d\\\"none\\\" stroke-dasharray\\u003d\\\"4,2\\\" pointer-events\\u003d\\\"none\\\" d\\u003d\\\"M250 0 L 250 248\\\"/\\u003e\\u003c/g\\u003e\\u003cg class\\u003d\\\"panelgridline\\\" display\\u003d\\\"inherit\\\"\\u003e\\u003cpath stroke-width\\u003d\\\"1\\\" stroke\\u003d\\\"silver\\\" fill\\u003d\\\"none\\\" stroke-dasharray\\u003d\\\"4,2\\\" pointer-events\\u003d\\\"none\\\" d\\u003d\\\"M93 0 L 93 248\\\"/\\u003e\\u003c/g\\u003e\\u003cg class\\u003d\\\"panelgridline\\\" display\\u003d\\\"inherit\\\"\\u003e\\u003cpath stroke-width\\u003d\\\"1\\\" stroke\\u003d\\\"silver\\\" fill\\u003d\\\"none\\\" stroke-dasharray\\u003d\\\"4,2\\\" pointer-events\\u003d\\\"none\\\" d\\u003d\\\"M168 0 L 168 248\\\"/\\u003e\\u003c/g\\u003e\\u003cg class\\u003d\\\"panelgridline\\\" display\\u003d\\\"inherit\\\"\\u003e\\u003cpath stroke-width\\u003d\\\"1\\\" stroke\\u003d\\\"silver\\\" fill\\u003d\\\"none\\\" stroke-dasharray\\u003d\\\"4,2\\\" pointer-events\\u003d\\\"none\\\" d\\u003d\\\"M11 0 L 11 248\\\"/\\u003e\\u003c/g\\u003e\\u003cg class\\u003d\\\"panelgridline\\\" display\\u003d\\\"inherit\\\"\\u003e\\u003cpath stroke-width\\u003d\\\"1\\\" stroke\\u003d\\\"silver\\\" fill\\u003d\\\"none\\\" stroke-dasharray\\u003d\\\"4,2\\\" pointer-events\\u003d\\\"none\\\" d\\u003d\\\"M86 0 L 86 248\\\"/\\u003e\\u003c/g\\u003e\\u003cg class\\u003d\\\"panelgridline\\\" display\\u003d\\\"none\\\"\\u003e\\u003cpath stroke-width\\u003d\\\"1\\\" stroke\\u003d\\\"silver\\\" fill\\u003d\\\"none\\\" stroke-dasharray\\u003d\\\"4,2\\\" pointer-events\\u003d\\\"none\\\"/\\u003e\\u003c/g\\u003e\\u003cg class\\u003d\\\"panelgridline\\\" display\\u003d\\\"none\\\"\\u003e\\u003cpath stroke-width\\u003d\\\"1\\\" stroke\\u003d\\\"silver\\\" fill\\u003d\\\"none\\\" stroke-dasharray\\u003d\\\"4,2\\\" pointer-events\\u003d\\\"none\\\"/\\u003e\\u003c/g\\u003e\\u003c/g\\u003e\\u003cg class\\u003d\\\"children\\\" style\\u003d\\\"overflow:hidden\\\"\\u003e\\u003cg id\\u003d\\\"svg-cloud-output1\\\"\\u003e\\u003cg class\\u003d\\\"stencils\\\" transform\\u003d\\\"translate(15, 25)\\\"\\u003e\\u003cg class\\u003d\\\"me\\\"\\u003e\\u003cg oryx:minimumSize\\u003d\\\"28 50\\\" id\\u003d\\\"sid-315ABC1D-14F8-41A0-848F-DD4B3610FD6C\\\" title\\u003d\\\"Output textarea\\\"\\u003e    \\u003cdefs id\\u003d\\\"sid-315ABC1D-14F8-41A0-848F-DD4B3610FD6C_sid-315ABC1D-14F8-41A0-848F-DD4B3610FD6C_2\\\"\\u003e        \\u003cradialGradient id\\u003d\\\"sid-315ABC1D-14F8-41A0-848F-DD4B3610FD6Ctransparent\\\" cx\\u003d\\\"10%\\\" cy\\u003d\\\"10%\\\" r\\u003d\\\"100%\\\" fx\\u003d\\\"10%\\\" fy\\u003d\\\"10%\\\"\\u003e      \\u003cstop offset\\u003d\\\"0%\\\" stop-color\\u003d\\\"#ffffff\\\" stop-opacity\\u003d\\\"0\\\" id\\u003d\\\"sid-315ABC1D-14F8-41A0-848F-DD4B3610FD6C_sid-315ABC1D-14F8-41A0-848F-DD4B3610FD6C_3\\\"/\\u003e      \\u003cstop offset\\u003d\\\"100%\\\" stop-color\\u003d\\\"#ffffff\\\" stop-opacity\\u003d\\\"0\\\" id\\u003d\\\"sid-315ABC1D-14F8-41A0-848F-DD4B3610FD6C_sid-315ABC1D-14F8-41A0-848F-DD4B3610FD6C_4\\\"/\\u003e        \\u003c/radialGradient\\u003e    \\u003c/defs\\u003e        \\u003crect id\\u003d\\\"sid-315ABC1D-14F8-41A0-848F-DD4B3610FD6Cbg_frame\\\" oryx:anchors\\u003d\\\"left top\\\" x\\u003d\\\"0\\\" y\\u003d\\\"0\\\" width\\u003d\\\"969\\\" height\\u003d\\\"48\\\" stroke\\u003d\\\"none\\\" fill\\u003d\\\"url(#sid-315ABC1D-14F8-41A0-848F-DD4B3610FD6Ctransparent)\\\"/\\u003e        \\u003cg id\\u003d\\\"sid-315ABC1D-14F8-41A0-848F-DD4B3610FD6Ca\\\"\\u003e     \\u003crect id\\u003d\\\"sid-315ABC1D-14F8-41A0-848F-DD4B3610FD6Clabel\\\" oryx:anchors\\u003d\\\"left top\\\" x\\u003d\\\"0\\\" y\\u003d\\\"0\\\" width\\u003d\\\"0\\\" height\\u003d\\\"24\\\" stroke\\u003d\\\"none\\\" fill\\u003d\\\"url(#sid-315ABC1D-14F8-41A0-848F-DD4B3610FD6Ctransparent)\\\" display\\u003d\\\"none\\\"/\\u003e      \\u003ctext id\\u003d\\\"sid-315ABC1D-14F8-41A0-848F-DD4B3610FD6Clabel_text\\\" oryx:anchors\\u003d\\\"left top\\\" oryx:align\\u003d\\\"middle left\\\" font-size\\u003d\\\"11\\\" x\\u003d\\\"0\\\" y\\u003d\\\"12\\\" stroke\\u003d\\\"black\\\" stroke-width\\u003d\\\"0pt\\\" letter-spacing\\u003d\\\"-0.01px\\\" oryx:fontSize\\u003d\\\"11\\\" display\\u003d\\\"none\\\" transform\\u003d\\\"rotate(0 0 12)\\\" text-anchor\\u003d\\\"start\\\"/\\u003e    \\u003c/g\\u003e       \\u003cg id\\u003d\\\"sid-315ABC1D-14F8-41A0-848F-DD4B3610FD6Cb\\\" stroke\\u003d\\\"#000000\\\"\\u003e      \\u003crect id\\u003d\\\"sid-315ABC1D-14F8-41A0-848F-DD4B3610FD6Cinput\\\" oryx:anchors\\u003d\\\"left top\\\" fill\\u003d\\\"#F5F5F5\\\" stroke-dasharray\\u003d\\\"10,2\\\" x\\u003d\\\"0\\\" y\\u003d\\\"0\\\" height\\u003d\\\"48\\\" width\\u003d\\\"969\\\"/\\u003e      \\u003cpath id\\u003d\\\"sid-315ABC1D-14F8-41A0-848F-DD4B3610FD6Cinput_dependent\\\" oryx:anchors\\u003d\\\"left top\\\" d\\u003d\\\" M5 5  L23 5  L23 23  L5 23  L5 5  M8 9  L15 9  M11.5 9  L11.5 14  M15 13  L19.5 13  z M7.5 16  L20.5 16  M8 19  L20 19  z\\\" stroke\\u003d\\\"black\\\" fill\\u003d\\\"none\\\" display\\u003d\\\"inherit\\\"/\\u003e         \\u003ctext id\\u003d\\\"sid-315ABC1D-14F8-41A0-848F-DD4B3610FD6Cinput_text\\\" oryx:anchors\\u003d\\\"left top\\\" oryx:align\\u003d\\\"top left\\\" font-size\\u003d\\\"11\\\" x\\u003d\\\"30\\\" y\\u003d\\\"18\\\" refX\\u003d\\\"25\\\" refY\\u003d\\\"6\\\" stroke\\u003d\\\"black\\\" fill\\u003d\\\"gray\\\" font-style\\u003d\\\"italic\\\" stroke-width\\u003d\\\"0pt\\\" letter-spacing\\u003d\\\"-0.01px\\\" oryx:fontSize\\u003d\\\"11\\\" transform\\u003d\\\"rotate(0 30 18)\\\" text-anchor\\u003d\\\"start\\\"\\u003e\\u003ctspan dy\\u003d\\\"11\\\" x\\u003d\\\"30\\\" y\\u003d\\\"18\\\"\\u003eRegistration of {{root.name}}...\\u003c/tspan\\u003e\\u003c/text\\u003e    \\u003c/g\\u003e        \\u003cg id\\u003d\\\"sid-315ABC1D-14F8-41A0-848F-DD4B3610FD6Cc\\\" transform\\u003d\\\"translate(1,8)\\\"\\u003e     \\u003cpath id\\u003d\\\"sid-315ABC1D-14F8-41A0-848F-DD4B3610FD6Cmandatory_Indicator\\\" oryx:anchors\\u003d\\\"middle left\\\" d\\u003d\\\"m14.30275,11.94655l-2.49912,0l-0.77223,2.37422l-0.77227,-2.37422l-2.49912,0l2.02183,-1.46721l-0.77229,-2.37417l2.02184,1.46732l2.02183,-1.46732l-0.77232,2.37417l2.02184,1.46721z\\\" stroke\\u003d\\\"#ff0000\\\" fill\\u003d\\\"#ff0000\\\" display\\u003d\\\"none\\\" style\\u003d\\\"cursor:pointer\\\"/\\u003e    \\u003c/g\\u003e       \\u003cg id\\u003d\\\"sid-315ABC1D-14F8-41A0-848F-DD4B3610FD6Cd\\\"\\u003e     \\u003cpath id\\u003d\\\"sid-315ABC1D-14F8-41A0-848F-DD4B3610FD6Cfeedback_Indicator\\\" oryx:anchors\\u003d\\\"left top\\\" d\\u003d\\\"M300,15 320,15 310,0 Z M310 4 L310 10 Z M310 11 L310 13 Z\\\" stroke\\u003d\\\"black\\\" fill\\u003d\\\"#ff0000\\\" display\\u003d\\\"none\\\"/\\u003e    \\u003c/g\\u003e        \\u003cg id\\u003d\\\"sid-315ABC1D-14F8-41A0-848F-DD4B3610FD6Ce\\\"\\u003e     \\u003crect id\\u003d\\\"sid-315ABC1D-14F8-41A0-848F-DD4B3610FD6Cdesc\\\" oryx:anchors\\u003d\\\"left top\\\" stroke\\u003d\\\"none\\\" fill\\u003d\\\"url(#sid-315ABC1D-14F8-41A0-848F-DD4B3610FD6Ctransparent)\\\" x\\u003d\\\"0\\\" y\\u003d\\\"0\\\" height\\u003d\\\"24\\\" width\\u003d\\\"969\\\" display\\u003d\\\"none\\\"/\\u003e     \\u003ctext id\\u003d\\\"sid-315ABC1D-14F8-41A0-848F-DD4B3610FD6Cdesc_text\\\" oryx:anchors\\u003d\\\"left top\\\" oryx:align\\u003d\\\"middle left\\\" font-size\\u003d\\\"11\\\" x\\u003d\\\"0\\\" y\\u003d\\\"24\\\" stroke\\u003d\\\"black\\\" fill\\u003d\\\"gray\\\" font-style\\u003d\\\"italic\\\" display\\u003d\\\"none\\\" stroke-width\\u003d\\\"0pt\\\" letter-spacing\\u003d\\\"-0.01px\\\" oryx:fontSize\\u003d\\\"11\\\" transform\\u003d\\\"rotate(0 0 24)\\\" text-anchor\\u003d\\\"start\\\"/\\u003e    \\u003c/g\\u003e   \\u003c/g\\u003e\\u003c/g\\u003e\\u003cg class\\u003d\\\"children\\\" style\\u003d\\\"overflow:hidden\\\"/\\u003e\\u003cg class\\u003d\\\"edge\\\"/\\u003e\\u003cpath id\\u003d\\\"warningId-sid-315ABC1D-14F8-41A0-848F-DD4B3610FD6C\\\" class\\u003d\\\"validationError\\\" title\\u003d\\\"\\\" stroke-width\\u003d\\\"1\\\" stroke\\u003d\\\"red\\\" fill\\u003d\\\"yellow\\\" d\\u003d\\\"M5,-5 L20,-5 L12,-20 z M12,-15 L12,-10 M12,-9 L12,-7\\\" line-captions\\u003d\\\"round\\\" style\\u003d\\\"cursor:pointer\\\" display\\u003d\\\"none\\\"/\\u003e\\u003c/g\\u003e\\u003cg class\\u003d\\\"controls\\\"\\u003e\\u003cg class\\u003d\\\"dockers\\\"/\\u003e\\u003cg class\\u003d\\\"magnets\\\" transform\\u003d\\\"translate(15, 25)\\\"\\u003e\\u003cg pointer-events\\u003d\\\"all\\\" display\\u003d\\\"none\\\" transform\\u003d\\\"translate(2339.4024999999997, 19.126736111111114)\\\"\\u003e\\u003ccircle cx\\u003d\\\"8\\\" cy\\u003d\\\"8\\\" r\\u003d\\\"4\\\" stroke\\u003d\\\"none\\\" fill\\u003d\\\"red\\\" fill-opacity\\u003d\\\"0.3\\\"/\\u003e\\u003c/g\\u003e\\u003c/g\\u003e\\u003c/g\\u003e\\u003c/g\\u003e\\u003cg id\\u003d\\\"svg-open-tasks-in-case-count1\\\"\\u003e\\u003cg class\\u003d\\\"stencils\\\" transform\\u003d\\\"translate(15, 98)\\\"\\u003e\\u003cg class\\u003d\\\"me\\\"\\u003e\\u003cg oryx:minimumSize\\u003d\\\"24 26\\\" id\\u003d\\\"sid-AB28278F-68A5-401D-A3DF-02A59EAD9114\\\" title\\u003d\\\"Open tasks in case count link\\\"\\u003e    \\u003cdefs id\\u003d\\\"sid-AB28278F-68A5-401D-A3DF-02A59EAD9114_sid-AB28278F-68A5-401D-A3DF-02A59EAD9114_2\\\"\\u003e        \\u003cmarker id\\u003d\\\"sid-AB28278F-68A5-401D-A3DF-02A59EAD9114arrow\\\" refX\\u003d\\\"25\\\" refY\\u003d\\\"0\\\" markerWidth\\u003d\\\"24\\\" markerHeight\\u003d\\\"24\\\" orient\\u003d\\\"auto\\\"\\u003e          \\u003cline x1\\u003d\\\"0\\\" y1\\u003d\\\"0\\\" x2\\u003d\\\"0\\\" y2\\u003d\\\"24\\\" stroke\\u003d\\\"black\\\" fill\\u003d\\\"black\\\" oryx:anchors\\u003d\\\"left top\\\" id\\u003d\\\"sid-AB28278F-68A5-401D-A3DF-02A59EAD9114_sid-AB28278F-68A5-401D-A3DF-02A59EAD9114_3\\\"/\\u003e      \\u003cpath d\\u003d\\\"M13,7 18,3 Q23,3 22,8 L16,13 M11,9 4,15 Q2,20 8,20 L14,15 M8,16 18,7\\\" stroke\\u003d\\\"black\\\" stroke-width\\u003d\\\"2\\\" fill\\u003d\\\"none\\\" oryx:anchors\\u003d\\\"left top\\\" id\\u003d\\\"sid-AB28278F-68A5-401D-A3DF-02A59EAD9114_sid-AB28278F-68A5-401D-A3DF-02A59EAD9114_4\\\"/\\u003e     \\u003c/marker\\u003e     \\u003cmarker id\\u003d\\\"sid-AB28278F-68A5-401D-A3DF-02A59EAD9114checkbox_marker\\\" markerWidth\\u003d\\\"24\\\" markerHeight\\u003d\\\"24\\\" orient\\u003d\\\"auto\\\"\\u003e          \\u003cpath d\\u003d\\\"M13,7 18,3 Q23,3 22,8 L16,13 M11,9 4,15 Q2,20 8,20 L14,15 M8,16 18,7\\\" stroke\\u003d\\\"black\\\" stroke-width\\u003d\\\"2\\\" fill\\u003d\\\"none\\\" oryx:anchors\\u003d\\\"left top\\\" id\\u003d\\\"sid-AB28278F-68A5-401D-A3DF-02A59EAD9114_sid-AB28278F-68A5-401D-A3DF-02A59EAD9114_5\\\"/\\u003e     \\u003c/marker\\u003e          \\u003cradialGradient id\\u003d\\\"sid-AB28278F-68A5-401D-A3DF-02A59EAD9114transparent\\\" cx\\u003d\\\"10%\\\" cy\\u003d\\\"10%\\\" r\\u003d\\\"100%\\\" fx\\u003d\\\"10%\\\" fy\\u003d\\\"10%\\\"\\u003e      \\u003cstop offset\\u003d\\\"0%\\\" stop-color\\u003d\\\"#ffffff\\\" stop-opacity\\u003d\\\"0\\\" id\\u003d\\\"sid-AB28278F-68A5-401D-A3DF-02A59EAD9114_sid-AB28278F-68A5-401D-A3DF-02A59EAD9114_6\\\"/\\u003e      \\u003cstop offset\\u003d\\\"100%\\\" stop-color\\u003d\\\"#ffffff\\\" stop-opacity\\u003d\\\"0\\\" id\\u003d\\\"sid-AB28278F-68A5-401D-A3DF-02A59EAD9114_sid-AB28278F-68A5-401D-A3DF-02A59EAD9114_7\\\"/\\u003e        \\u003c/radialGradient\\u003e       \\u003c/defs\\u003e        \\u003crect id\\u003d\\\"sid-AB28278F-68A5-401D-A3DF-02A59EAD9114bg_frame\\\" oryx:anchors\\u003d\\\"left top\\\" x\\u003d\\\"0\\\" y\\u003d\\\"0\\\" width\\u003d\\\"969\\\" height\\u003d\\\"48\\\" stroke\\u003d\\\"none\\\" fill\\u003d\\\"url(#sid-AB28278F-68A5-401D-A3DF-02A59EAD9114transparent)\\\"/\\u003e      \\u003cg id\\u003d\\\"sid-AB28278F-68A5-401D-A3DF-02A59EAD9114a\\\"\\u003e     \\u003crect id\\u003d\\\"sid-AB28278F-68A5-401D-A3DF-02A59EAD9114label\\\" oryx:anchors\\u003d\\\"left top\\\" x\\u003d\\\"0\\\" y\\u003d\\\"0\\\" width\\u003d\\\"964\\\" height\\u003d\\\"24\\\" stroke\\u003d\\\"none\\\" fill\\u003d\\\"url(#sid-AB28278F-68A5-401D-A3DF-02A59EAD9114transparent)\\\"/\\u003e     \\u003ctext id\\u003d\\\"sid-AB28278F-68A5-401D-A3DF-02A59EAD9114label_text\\\" oryx:anchors\\u003d\\\"left top\\\" oryx:align\\u003d\\\"middle left\\\" font-size\\u003d\\\"11\\\" x\\u003d\\\"0\\\" y\\u003d\\\"12\\\" stroke\\u003d\\\"black\\\" stroke-width\\u003d\\\"0pt\\\" letter-spacing\\u003d\\\"-0.01px\\\" oryx:fontSize\\u003d\\\"11\\\" transform\\u003d\\\"rotate(0 0 12)\\\" text-anchor\\u003d\\\"start\\\"\\u003e\\u003ctspan dy\\u003d\\\"4\\\" x\\u003d\\\"0\\\" y\\u003d\\\"12\\\"\\u003eOpen Tasks\\u003c/tspan\\u003e\\u003c/text\\u003e    \\u003c/g\\u003e        \\u003cg id\\u003d\\\"sid-AB28278F-68A5-401D-A3DF-02A59EAD9114b\\\" stroke\\u003d\\\"#000000\\\"\\u003e        \\u003crect id\\u003d\\\"sid-AB28278F-68A5-401D-A3DF-02A59EAD9114input\\\" oryx:anchors\\u003d\\\"left top\\\" fill\\u003d\\\"none\\\" x\\u003d\\\"0\\\" y\\u003d\\\"24\\\" height\\u003d\\\"24\\\" width\\u003d\\\"969\\\"/\\u003e     \\u003ctext id\\u003d\\\"sid-AB28278F-68A5-401D-A3DF-02A59EAD9114input_text\\\" oryx:anchors\\u003d\\\"left top\\\" oryx:align\\u003d\\\"middle left\\\" font-size\\u003d\\\"11\\\" x\\u003d\\\"5\\\" y\\u003d\\\"36\\\" stroke\\u003d\\\"black\\\" fill\\u003d\\\"gray\\\" font-style\\u003d\\\"italic\\\" stroke-width\\u003d\\\"0pt\\\" letter-spacing\\u003d\\\"-0.01px\\\" oryx:fontSize\\u003d\\\"11\\\" transform\\u003d\\\"rotate(0 5 36)\\\" text-anchor\\u003d\\\"start\\\"/\\u003e     \\u003cpath id\\u003d\\\"sid-AB28278F-68A5-401D-A3DF-02A59EAD9114input_dependent\\\" oryx:anchors\\u003d\\\"left top\\\" stroke\\u003d\\\"none\\\" fill\\u003d\\\"#ffffff\\\" d\\u003d\\\" M0 24  L19 24 \\\" refX\\u003d\\\"0\\\" refY\\u003d\\\"0\\\" marker-start\\u003d\\\"url(#sid-AB28278F-68A5-401D-A3DF-02A59EAD9114checkbox_marker)\\\" style\\u003d\\\"opacity:0.9999;\\\"/\\u003e     \\u003ctext id\\u003d\\\"sid-AB28278F-68A5-401D-A3DF-02A59EAD9114input_dependent_text\\\" oryx:anchors\\u003d\\\"left top\\\" text-decoration\\u003d\\\"underline\\\" oryx:align\\u003d\\\"middle left\\\" font-size\\u003d\\\"12\\\" x\\u003d\\\"29\\\" y\\u003d\\\"34\\\" refX\\u003d\\\"29\\\" refY\\u003d\\\"10\\\" fill\\u003d\\\"blue\\\" stroke-width\\u003d\\\"0pt\\\" letter-spacing\\u003d\\\"-0.01px\\\" transform\\u003d\\\"rotate(0 29 34)\\\" oryx:fontSize\\u003d\\\"12\\\" text-anchor\\u003d\\\"start\\\"\\u003e\\u003ctspan dy\\u003d\\\"5\\\" x\\u003d\\\"29\\\" y\\u003d\\\"34\\\"\\u003e$count [task|tasks] remain before case can be closed\\u003c/tspan\\u003e\\u003c/text\\u003e    \\u003c/g\\u003e        \\u003cg id\\u003d\\\"sid-AB28278F-68A5-401D-A3DF-02A59EAD9114c\\\" transform\\u003d\\\"translate(1,8)\\\"\\u003e     \\u003cpath id\\u003d\\\"sid-AB28278F-68A5-401D-A3DF-02A59EAD9114mandatory_Indicator\\\" oryx:anchors\\u003d\\\"middle left\\\" d\\u003d\\\" m14.30275 21.434447692307693  l-2.49912 0  l-0.77223 2.37422  l-0.77227 -2.37422  l-2.49912 0  l2.02183 -1.46721  l-0.77229 -2.37417  l2.02184 1.46732  l2.02183 -1.46732  l-0.77232 2.37417  l2.02184 1.46721  z\\\" stroke\\u003d\\\"#ff0000\\\" fill\\u003d\\\"#ff0000\\\" display\\u003d\\\"none\\\" style\\u003d\\\"cursor:pointer\\\"/\\u003e    \\u003c/g\\u003e        \\u003cg id\\u003d\\\"sid-AB28278F-68A5-401D-A3DF-02A59EAD9114d\\\"\\u003e     \\u003cpath id\\u003d\\\"sid-AB28278F-68A5-401D-A3DF-02A59EAD9114feedback_Indicator\\\" oryx:anchors\\u003d\\\"left top\\\" d\\u003d\\\"M300,15 320,15 310,0 Z M310 4 L310 10 Z M310 11 L310 13 Z\\\" stroke\\u003d\\\"black\\\" fill\\u003d\\\"#ff0000\\\" display\\u003d\\\"none\\\"/\\u003e    \\u003c/g\\u003e          \\u003cg id\\u003d\\\"sid-AB28278F-68A5-401D-A3DF-02A59EAD9114e\\\"\\u003e     \\u003crect id\\u003d\\\"sid-AB28278F-68A5-401D-A3DF-02A59EAD9114desc\\\" oryx:anchors\\u003d\\\"left top\\\" stroke\\u003d\\\"none\\\" fill\\u003d\\\"url(#sid-AB28278F-68A5-401D-A3DF-02A59EAD9114transparent)\\\" x\\u003d\\\"0\\\" y\\u003d\\\"0\\\" height\\u003d\\\"24\\\" width\\u003d\\\"969\\\" display\\u003d\\\"none\\\"/\\u003e     \\u003ctext id\\u003d\\\"sid-AB28278F-68A5-401D-A3DF-02A59EAD9114desc_text\\\" oryx:anchors\\u003d\\\"left top\\\" oryx:align\\u003d\\\"middle left\\\" font-size\\u003d\\\"11\\\" x\\u003d\\\"0\\\" y\\u003d\\\"12\\\" stroke\\u003d\\\"black\\\" fill\\u003d\\\"gray\\\" font-style\\u003d\\\"italic\\\" display\\u003d\\\"none\\\" stroke-width\\u003d\\\"0pt\\\" letter-spacing\\u003d\\\"-0.01px\\\" oryx:fontSize\\u003d\\\"11\\\" transform\\u003d\\\"rotate(0 0 12)\\\" text-anchor\\u003d\\\"start\\\"/\\u003e    \\u003c/g\\u003e         \\u003c/g\\u003e\\u003c/g\\u003e\\u003cg class\\u003d\\\"children\\\" style\\u003d\\\"overflow:hidden\\\"/\\u003e\\u003cg class\\u003d\\\"edge\\\"/\\u003e\\u003cpath id\\u003d\\\"warningId-sid-AB28278F-68A5-401D-A3DF-02A59EAD9114\\\" class\\u003d\\\"validationError\\\" title\\u003d\\\"\\\" stroke-width\\u003d\\\"1\\\" stroke\\u003d\\\"red\\\" fill\\u003d\\\"yellow\\\" d\\u003d\\\"M5,-5 L20,-5 L12,-20 z M12,-15 L12,-10 M12,-9 L12,-7\\\" line-captions\\u003d\\\"round\\\" style\\u003d\\\"cursor:pointer\\\" display\\u003d\\\"none\\\"/\\u003e\\u003c/g\\u003e\\u003cg class\\u003d\\\"controls\\\"\\u003e\\u003cg class\\u003d\\\"dockers\\\"/\\u003e\\u003cg class\\u003d\\\"magnets\\\" transform\\u003d\\\"translate(15, 98)\\\"\\u003e\\u003cg pointer-events\\u003d\\\"all\\\" display\\u003d\\\"none\\\" transform\\u003d\\\"translate(2339.4024999999997, 16)\\\"\\u003e\\u003ccircle cx\\u003d\\\"8\\\" cy\\u003d\\\"8\\\" r\\u003d\\\"4\\\" stroke\\u003d\\\"none\\\" fill\\u003d\\\"red\\\" fill-opacity\\u003d\\\"0.3\\\"/\\u003e\\u003c/g\\u003e\\u003c/g\\u003e\\u003c/g\\u003e\\u003c/g\\u003e\\u003cg id\\u003d\\\"svg-open-tasks-in-case-list1\\\"\\u003e\\u003cg class\\u003d\\\"stencils\\\" transform\\u003d\\\"translate(15, 171)\\\"\\u003e\\u003cg class\\u003d\\\"me\\\"\\u003e\\u003cg oryx:minimumSize\\u003d\\\"24 26\\\" id\\u003d\\\"sid-3F17AF1D-E805-4A0D-A7DD-F4A1E842BB70\\\" title\\u003d\\\"Open tasks in case\\\"\\u003e    \\u003cdefs id\\u003d\\\"sid-3F17AF1D-E805-4A0D-A7DD-F4A1E842BB70_sid-3F17AF1D-E805-4A0D-A7DD-F4A1E842BB70_2\\\"\\u003e          \\u003cradialGradient id\\u003d\\\"sid-3F17AF1D-E805-4A0D-A7DD-F4A1E842BB70transparent\\\" cx\\u003d\\\"10%\\\" cy\\u003d\\\"10%\\\" r\\u003d\\\"100%\\\" fx\\u003d\\\"10%\\\" fy\\u003d\\\"10%\\\"\\u003e      \\u003cstop offset\\u003d\\\"0%\\\" stop-color\\u003d\\\"#ffffff\\\" stop-opacity\\u003d\\\"0\\\" id\\u003d\\\"sid-3F17AF1D-E805-4A0D-A7DD-F4A1E842BB70_sid-3F17AF1D-E805-4A0D-A7DD-F4A1E842BB70_3\\\"/\\u003e      \\u003cstop offset\\u003d\\\"100%\\\" stop-color\\u003d\\\"#ffffff\\\" stop-opacity\\u003d\\\"0\\\" id\\u003d\\\"sid-3F17AF1D-E805-4A0D-A7DD-F4A1E842BB70_sid-3F17AF1D-E805-4A0D-A7DD-F4A1E842BB70_4\\\"/\\u003e       \\u003c/radialGradient\\u003e         \\u003cmarker id\\u003d\\\"sid-3F17AF1D-E805-4A0D-A7DD-F4A1E842BB70itemlist_marker\\\" markerWidth\\u003d\\\"12\\\" markerHeight\\u003d\\\"12\\\" orient\\u003d\\\"auto\\\"\\u003e      \\u003ccircle cx\\u003d\\\"5\\\" cy\\u003d\\\"6\\\" r\\u003d\\\"2\\\" oryx:anchors\\u003d\\\"left top\\\" stroke\\u003d\\\"black\\\" fill\\u003d\\\"black\\\" id\\u003d\\\"sid-3F17AF1D-E805-4A0D-A7DD-F4A1E842BB70_sid-3F17AF1D-E805-4A0D-A7DD-F4A1E842BB70_5\\\"/\\u003e     \\u003c/marker\\u003e      \\u003c/defs\\u003e      \\u003crect id\\u003d\\\"sid-3F17AF1D-E805-4A0D-A7DD-F4A1E842BB70bg_frame\\\" oryx:anchors\\u003d\\\"left top\\\" x\\u003d\\\"0\\\" y\\u003d\\\"0\\\" width\\u003d\\\"969\\\" height\\u003d\\\"52\\\" stroke\\u003d\\\"none\\\" fill\\u003d\\\"url(#sid-3F17AF1D-E805-4A0D-A7DD-F4A1E842BB70transparent)\\\"/\\u003e      \\u003cg id\\u003d\\\"sid-3F17AF1D-E805-4A0D-A7DD-F4A1E842BB70a\\\"\\u003e     \\u003crect id\\u003d\\\"sid-3F17AF1D-E805-4A0D-A7DD-F4A1E842BB70label\\\" oryx:anchors\\u003d\\\"left top\\\" x\\u003d\\\"0\\\" y\\u003d\\\"0\\\" width\\u003d\\\"0\\\" height\\u003d\\\"24\\\" stroke\\u003d\\\"none\\\" fill\\u003d\\\"url(#sid-3F17AF1D-E805-4A0D-A7DD-F4A1E842BB70transparent)\\\" display\\u003d\\\"none\\\"/\\u003e     \\u003ctext id\\u003d\\\"sid-3F17AF1D-E805-4A0D-A7DD-F4A1E842BB70label_text\\\" oryx:anchors\\u003d\\\"left top\\\" font-size\\u003d\\\"11\\\" x\\u003d\\\"0\\\" y\\u003d\\\"12\\\" oryx:align\\u003d\\\"middle left\\\" stroke\\u003d\\\"black\\\" stroke-width\\u003d\\\"0pt\\\" letter-spacing\\u003d\\\"-0.01px\\\" oryx:fontSize\\u003d\\\"11\\\" display\\u003d\\\"none\\\" transform\\u003d\\\"rotate(0 0 12)\\\" text-anchor\\u003d\\\"start\\\"/\\u003e    \\u003c/g\\u003e        \\u003cg id\\u003d\\\"sid-3F17AF1D-E805-4A0D-A7DD-F4A1E842BB70b\\\" stroke\\u003d\\\"#000000\\\"\\u003e           \\u003crect id\\u003d\\\"sid-3F17AF1D-E805-4A0D-A7DD-F4A1E842BB70input\\\" oryx:anchors\\u003d\\\"left top\\\" fill\\u003d\\\"#F5F5F5\\\" x\\u003d\\\"0\\\" y\\u003d\\\"0\\\" height\\u003d\\\"52\\\" width\\u003d\\\"969\\\"/\\u003e     \\u003ctext id\\u003d\\\"sid-3F17AF1D-E805-4A0D-A7DD-F4A1E842BB70input_text\\\" oryx:anchors\\u003d\\\"left top\\\" oryx:align\\u003d\\\"middle left\\\" font-size\\u003d\\\"11\\\" x\\u003d\\\"5\\\" y\\u003d\\\"45\\\" refX\\u003d\\\"0\\\" refY\\u003d\\\"33\\\" stroke\\u003d\\\"black\\\" fill\\u003d\\\"gray\\\" font-style\\u003d\\\"italic\\\" stroke-width\\u003d\\\"0pt\\\" letter-spacing\\u003d\\\"-0.01px\\\" oryx:fontSize\\u003d\\\"11\\\" transform\\u003d\\\"rotate(0 5 45)\\\" text-anchor\\u003d\\\"start\\\"/\\u003e     \\u003cpath id\\u003d\\\"sid-3F17AF1D-E805-4A0D-A7DD-F4A1E842BB70input_dependentitemlist_0\\\" d\\u003d\\\" M5 5  L17 5 \\\" stroke\\u003d\\\"none\\\" fill\\u003d\\\"#ffffff\\\" marker-start\\u003d\\\"url(#sid-3F17AF1D-E805-4A0D-A7DD-F4A1E842BB70itemlist_marker)\\\" refX\\u003d\\\"5\\\" refY\\u003d\\\"5\\\" oryx:anchors\\u003d\\\"left top\\\" style\\u003d\\\"opacity:0.9999;\\\"/\\u003e     \\u003ctext id\\u003d\\\"sid-3F17AF1D-E805-4A0D-A7DD-F4A1E842BB70input_dependent_textitemlist_0\\\" width\\u003d\\\"48\\\" height\\u003d\\\"24\\\" x\\u003d\\\"22\\\" y\\u003d\\\"10\\\" font-size\\u003d\\\"12px\\\" stroke-width\\u003d\\\"0pt\\\" stroke\\u003d\\\"black\\\" refX\\u003d\\\"22\\\" refY\\u003d\\\"10\\\" oryx:anchors\\u003d\\\"left top\\\" oryx:align\\u003d\\\"middle left\\\" letter-spacing\\u003d\\\"-0.01px\\\" transform\\u003d\\\"rotate(0 22 10)\\\" oryx:fontSize\\u003d\\\"12\\\" text-anchor\\u003d\\\"start\\\"\\u003e\\u003ctspan dy\\u003d\\\"5\\\" x\\u003d\\\"22\\\" y\\u003d\\\"10\\\"\\u003eItem 1\\u003c/tspan\\u003e\\u003c/text\\u003e     \\u003cpath id\\u003d\\\"sid-3F17AF1D-E805-4A0D-A7DD-F4A1E842BB70input_dependentitemlist_1\\\" d\\u003d\\\" M5 28  L17 28 \\\" stroke\\u003d\\\"none\\\" fill\\u003d\\\"#ffffff\\\" marker-start\\u003d\\\"url(#sid-3F17AF1D-E805-4A0D-A7DD-F4A1E842BB70itemlist_marker)\\\" refX\\u003d\\\"5\\\" refY\\u003d\\\"28\\\" oryx:anchors\\u003d\\\"left top\\\" style\\u003d\\\"opacity:0.9999;\\\"/\\u003e     \\u003ctext id\\u003d\\\"sid-3F17AF1D-E805-4A0D-A7DD-F4A1E842BB70input_dependent_textitemlist_1\\\" width\\u003d\\\"48\\\" height\\u003d\\\"24\\\" x\\u003d\\\"22\\\" y\\u003d\\\"33\\\" font-size\\u003d\\\"12px\\\" stroke-width\\u003d\\\"0pt\\\" stroke\\u003d\\\"black\\\" refX\\u003d\\\"22\\\" refY\\u003d\\\"33\\\" oryx:anchors\\u003d\\\"left top\\\" oryx:align\\u003d\\\"middle left\\\" letter-spacing\\u003d\\\"-0.01px\\\" transform\\u003d\\\"rotate(0 22 33)\\\" oryx:fontSize\\u003d\\\"12\\\" text-anchor\\u003d\\\"start\\\"\\u003e\\u003ctspan dy\\u003d\\\"5\\\" x\\u003d\\\"22\\\" y\\u003d\\\"33\\\"\\u003eItem 2\\u003c/tspan\\u003e\\u003c/text\\u003e    \\u003c/g\\u003e          \\u003cg id\\u003d\\\"sid-3F17AF1D-E805-4A0D-A7DD-F4A1E842BB70c\\\" transform\\u003d\\\"translate(1,8)\\\"\\u003e     \\u003cpath id\\u003d\\\"sid-3F17AF1D-E805-4A0D-A7DD-F4A1E842BB70mandatory_Indicator\\\" oryx:anchors\\u003d\\\"middle left\\\" d\\u003d\\\" m14.30275 7.435585057471265  l-2.49912 0  l-0.77223 2.37422  l-0.77227 -2.37422  l-2.49912 0  l2.02183 -1.46721  l-0.77229 -2.37417  l2.02184 1.46732  l2.02183 -1.46732  l-0.77232 2.37417  l2.02184 1.46721  z\\\" stroke\\u003d\\\"#ff0000\\\" fill\\u003d\\\"#ff0000\\\" display\\u003d\\\"none\\\" style\\u003d\\\"cursor:pointer\\\"/\\u003e    \\u003c/g\\u003e      \\u003cg id\\u003d\\\"sid-3F17AF1D-E805-4A0D-A7DD-F4A1E842BB70d\\\"\\u003e     \\u003cpath id\\u003d\\\"sid-3F17AF1D-E805-4A0D-A7DD-F4A1E842BB70feedback_Indicator\\\" oryx:anchors\\u003d\\\"left top\\\" d\\u003d\\\"M300,15 320,15 310,0 Z M310 4 L310 10 Z M310 11 L310 13 Z\\\" stroke\\u003d\\\"black\\\" fill\\u003d\\\"#ff0000\\\" display\\u003d\\\"none\\\"/\\u003e    \\u003c/g\\u003e        \\u003cg id\\u003d\\\"sid-3F17AF1D-E805-4A0D-A7DD-F4A1E842BB70e\\\"\\u003e     \\u003crect id\\u003d\\\"sid-3F17AF1D-E805-4A0D-A7DD-F4A1E842BB70desc\\\" oryx:anchors\\u003d\\\"left top\\\" stroke\\u003d\\\"none\\\" fill\\u003d\\\"url(#sid-3F17AF1D-E805-4A0D-A7DD-F4A1E842BB70transparent)\\\" x\\u003d\\\"0\\\" y\\u003d\\\"0\\\" height\\u003d\\\"24\\\" width\\u003d\\\"969\\\" display\\u003d\\\"none\\\"/\\u003e     \\u003ctext id\\u003d\\\"sid-3F17AF1D-E805-4A0D-A7DD-F4A1E842BB70desc_text\\\" oryx:anchors\\u003d\\\"left top\\\" oryx:align\\u003d\\\"middle left\\\" font-size\\u003d\\\"11\\\" x\\u003d\\\"0\\\" y\\u003d\\\"26\\\" stroke\\u003d\\\"black\\\" fill\\u003d\\\"gray\\\" font-style\\u003d\\\"italic\\\" display\\u003d\\\"none\\\" stroke-width\\u003d\\\"0pt\\\" letter-spacing\\u003d\\\"-0.01px\\\" oryx:fontSize\\u003d\\\"11\\\" transform\\u003d\\\"rotate(0 0 26)\\\" text-anchor\\u003d\\\"start\\\"/\\u003e    \\u003c/g\\u003e       \\u003c/g\\u003e\\u003c/g\\u003e\\u003cg class\\u003d\\\"children\\\" style\\u003d\\\"overflow:hidden\\\"/\\u003e\\u003cg class\\u003d\\\"edge\\\"/\\u003e\\u003cpath id\\u003d\\\"warningId-sid-3F17AF1D-E805-4A0D-A7DD-F4A1E842BB70\\\" class\\u003d\\\"validationError\\\" title\\u003d\\\"\\\" stroke-width\\u003d\\\"1\\\" stroke\\u003d\\\"red\\\" fill\\u003d\\\"yellow\\\" d\\u003d\\\"M5,-5 L20,-5 L12,-20 z M12,-15 L12,-10 M12,-9 L12,-7\\\" line-captions\\u003d\\\"round\\\" style\\u003d\\\"cursor:pointer\\\" display\\u003d\\\"none\\\"/\\u003e\\u003c/g\\u003e\\u003cg class\\u003d\\\"controls\\\"\\u003e\\u003cg class\\u003d\\\"dockers\\\"/\\u003e\\u003cg class\\u003d\\\"magnets\\\" transform\\u003d\\\"translate(15, 171)\\\"\\u003e\\u003cg pointer-events\\u003d\\\"all\\\" display\\u003d\\\"none\\\" transform\\u003d\\\"translate(2339.4024999999997, 18.000000000000004)\\\"\\u003e\\u003ccircle cx\\u003d\\\"8\\\" cy\\u003d\\\"8\\\" r\\u003d\\\"4\\\" stroke\\u003d\\\"none\\\" fill\\u003d\\\"red\\\" fill-opacity\\u003d\\\"0.3\\\"/\\u003e\\u003c/g\\u003e\\u003c/g\\u003e\\u003c/g\\u003e\\u003c/g\\u003e\\u003c/g\\u003e\\u003cg class\\u003d\\\"edge\\\"/\\u003e\\u003cpath id\\u003d\\\"warningId-sid-D0ADE4C5-7F45-42BD-8633-704B933C1F3A\\\" class\\u003d\\\"validationError\\\" title\\u003d\\\"\\\" stroke-width\\u003d\\\"1\\\" stroke\\u003d\\\"red\\\" fill\\u003d\\\"yellow\\\" d\\u003d\\\"M5,-5 L20,-5 L12,-20 z M12,-15 L12,-10 M12,-9 L12,-7\\\" line-captions\\u003d\\\"round\\\" style\\u003d\\\"cursor:pointer\\\" display\\u003d\\\"none\\\"/\\u003e\\u003cg class\\u003d\\\"panelcell\\\" display\\u003d\\\"none\\\"\\u003e\\u003crect x\\u003d\\\"0\\\" y\\u003d\\\"0\\\" stroke-width\\u003d\\\"2\\\" stroke\\u003d\\\"#00ff00\\\" fill\\u003d\\\"none\\\" pointer-events\\u003d\\\"none\\\"/\\u003e\\u003c/g\\u003e\\u003c/g\\u003e\\u003cg class\\u003d\\\"controls\\\"\\u003e\\u003cg class\\u003d\\\"dockers\\\"/\\u003e\\u003cg class\\u003d\\\"magnets\\\" transform\\u003d\\\"translate(50, 50)\\\"\\u003e\\u003cg pointer-events\\u003d\\\"all\\\" display\\u003d\\\"none\\\" transform\\u003d\\\"translate(491.50000000000017, 116)\\\"\\u003e\\u003ccircle cx\\u003d\\\"8\\\" cy\\u003d\\\"8\\\" r\\u003d\\\"4\\\" stroke\\u003d\\\"none\\\" fill\\u003d\\\"red\\\" fill-opacity\\u003d\\\"0.3\\\"/\\u003e\\u003c/g\\u003e\\u003c/g\\u003e\\u003c/g\\u003e\\u003c/g\\u003e\\u003c/g\\u003e\\u003cg class\\u003d\\\"edge\\\"/\\u003e\\u003c/g\\u003e\\u003c/g\\u003e\\u003c/svg\\u003e\",\"modelRuntimeJson\":\"{\\\"rows\\\":[{\\\"cols\\\":[{\\\"isRequired\\\":false,\\\"size\\\":12,\\\"extraSettings\\\":{\\\"richEditorDisplay\\\":true},\\\"labelAlign\\\":\\\"left\\\",\\\"defaultValue\\\":false,\\\"editable\\\":false,\\\"isVisible\\\":true,\\\"id\\\":\\\"cloud-output1\\\",\\\"type\\\":\\\"textarea\\\",\\\"value\\\":\\\"\\u003cdiv\\u003e\\u003ch1\\u003eRegistration of {{root.name}}\\u003c\\\\/h1\\u003e\\u003cdiv\\u003e \\u003c\\\\/div\\u003e\\u003c\\\\/div\\u003e\\\",\\\"helpMessage\\\":{\\\"position\\\":\\\"bottom\\\"},\\\"i18n\\\":{\\\"fr\\\":{\\\"value\\\":\\\"\\u003cdiv\\u003e\\u003ch1\\u003eRegistration of {{root.name}}\\u003c\\\\/h1\\u003e\\u003cdiv\\u003e \\u003c\\\\/div\\u003e\\u003c\\\\/div\\u003e\\\"}}}]},{\\\"cols\\\":[{\\\"isRequired\\\":false,\\\"extraSettings\\\":{\\\"queryUrl\\\":\\\"type:TSK state:open parent:{{root.id}}\\\",\\\"type\\\":\\\"one\\\",\\\"target\\\":\\\"_self\\\"},\\\"size\\\":12,\\\"labelAlign\\\":\\\"top\\\",\\\"editable\\\":true,\\\"isVisible\\\":\\\"{{root.id}}\\\",\\\"label\\\":\\\"Open Tasks\\\",\\\"id\\\":\\\"open-tasks-in-case-count1\\\",\\\"type\\\":\\\"count\\\",\\\"value\\\":\\\"$count [task|tasks] remain before case can be closed\\\",\\\"helpMessage\\\":{\\\"position\\\":\\\"bottom\\\"},\\\"i18n\\\":{\\\"fr\\\":{\\\"label\\\":\\\"Open Tasks\\\"}}}]},{\\\"cols\\\":[{\\\"isRequired\\\":false,\\\"extraSettings\\\":{\\\"queryUrl\\\":\\\"type:TSK state:open parent:{{root.id}} sort:creation:asc\\\",\\\"formatItem\\\":\\\"item.name\\\",\\\"type\\\":\\\"ONE\\\",\\\"title\\\":\\\"Open Tasks\\\",\\\"collapsible\\\":false,\\\"linkTargetView\\\":\\\"browse\\\"},\\\"size\\\":12,\\\"labelAlign\\\":\\\"left\\\",\\\"editable\\\":false,\\\"id\\\":\\\"open-tasks-in-case-list1\\\",\\\"isVisible\\\":\\\"{{root.id}}\\\",\\\"type\\\":\\\"itemsList\\\",\\\"helpMessage\\\":{\\\"position\\\":\\\"bottom\\\"},\\\"i18n\\\":{\\\"fr\\\":{\\\"extraSettings\\\":{\\\"title\\\":\\\"Open Tasks\\\"}}}}]}]}\",\"modelRevisionTime\":\"1473705277669\",\"comment\":\"\"}"
  }, {
    "name" : "_revisions",
    "type" : "java.lang.String",
    "value" : "{\"1473696933352\":\"b38d90be-1fae-4378-a1d2-e15c8bac7b7e\",\"1473697172693\":\"82f60182-4a63-4b88-8da2-877d3a56325f\",\"1473697197691\":\"6aec9f25-8901-4dc7-b3d3-719c72497d2f\"}"
  }, {
    "name" : "description",
    "type" : null,
    "value" : null
  }, {
    "name" : "guid",
    "type" : "java.lang.String",
    "value" : "96d4d131-7d49-4140-bc9e-ad9a21993964"
  }, {
    "name" : "key",
    "type" : "java.lang.String",
    "value" : "edoras-ad9a21993964"
  } ],
  "stateUpdateTime" : null,
  "subStateUpdateTime" : "2016-09-12T18:45:28.077Z",
  "ownerId" : "GEAR-16720586-e205-40d1-a4b6-f25d5df185a4",
  "assigneeId" : "GEAR-16720586-e205-40d1-a4b6-f25d5df185a4",
  "initialAssigneeId" : "GEAR-16720586-e205-40d1-a4b6-f25d5df185a4",
  "previousAssigneeId" : null,
  "assignedGroupId" : null,
  "initialAssignedGroupId" : null,
  "previousAssignedGroupId" : null,
  "candidateUserIds" : [ ],
  "candidateGroupIds" : [ "GEAR-486911b3-223a-463a-aab3-05cd153ea3d6" ],
  "priority" : null,
  "resubmissionTime" : null,
  "dueTime" : null,
  "assigneeIdUpdateTime" : null,
  "assignedGroupIdUpdateTime" : null,
  "path" : [ "WRK(GEAR-48ac0c24-2a14-4f4b-b9a3-eab8ecbcb75f)", "WRK(GEAR-5547eef7-63c2-4df4-af5f-7fe63dd6869e)" ]
}