{
  "resourceId" : "canvas",
  "properties" : {
    "targetnamespace" : "MyFirstWorkspace",
    "xmlTag" : "BPMNDiagram",
    "id" : "edoras-e4afa70549e1",
    "name" : "Registration Process",
    "name_fr_fr" : "Registration Process",
    "documentation" : "",
    "documentation_fr_fr" : "",
    "stencilid" : "BPMNDiagram",
    "stencilsuperid" : "BPMNDiagram",
    "stencilsuperids" : [ "BPMNDiagram" ],
    "customstencil" : true,
    "genericproperty" : "",
    "oldresourceid" : "",
    "guid" : "GEAR-62b61aa3-ded8-44c7-89e9-bd3f3a3488fd",
    "labelexpression" : "",
    "version" : "",
    "author" : "",
    "language" : "English",
    "namespaces" : "",
    "creationdate" : "",
    "modificationdate" : "",
    "isexecutable" : "true",
    "isprocessexecutable" : "true",
    "fontsize" : "12",
    "fontweight" : "normal",
    "fontstyle" : "normal",
    "fontcolor" : "#000000"
  },
  "xmlProperties" : [ ],
  "pathProperties" : { },
  "stencil" : {
    "id" : "BPMNDiagram"
  },
  "childShapes" : [ {
    "resourceId" : "cloudsequenceflow4",
    "properties" : {
      "xmlTag" : "SequenceFlow",
      "stencilid" : "cloudsequenceflow",
      "stencilsuperid" : "SequenceFlow",
      "stencilsuperids" : [ "SequenceFlow" ],
      "customstencil" : true,
      "genericproperty" : "",
      "oldresourceid" : "",
      "fontsize" : "",
      "fontweight" : "",
      "fontstyle" : "",
      "fontcolor" : "",
      "bordercolor" : "#000000",
      "conditiontype" : "None",
      "conditionexpression" : "",
      "isimmediate" : false,
      "showdiamondmarker" : false,
      "name" : "",
      "name_fr_fr" : "",
      "name_fr_fr-run" : "",
      "name-run" : "",
      "documentation" : "",
      "id" : "cloudsequenceflow4",
      "bgcolor" : "#ffffff",
      "customstencilid" : "cloudsequenceflow",
      "customnamespace" : "http://b3mn.org/stencilset/default.process.palette.xml#"
    },
    "xmlProperties" : [ "name", "name_fr_fr", "name_fr_fr-run", "name-run" ],
    "pathProperties" : { },
    "stencil" : {
      "id" : "SequenceFlow"
    },
    "childShapes" : [ ],
    "outgoing" : [ {
      "resourceId" : "cloudexclusivedatabasedgateway2"
    } ],
    "bounds" : {
      "lowerRight" : {
        "x" : 645.1093823397997,
        "y" : 438.4180436104973
      },
      "upperLeft" : {
        "x" : 586.9570239102003,
        "y" : 438.1952376395027
      }
    },
    "dockers" : [ {
      "x" : 50,
      "y" : 40
    }, {
      "x" : 20.5,
      "y" : 20.5
    } ],
    "outputmappingproperties" : {
      "genericproperty" : {
        "type" : "complex",
        "placeholders" : [ ]
      }
    },
    "labels" : [ {
      "styles" : {
        "fill" : "#000000",
        "size" : "12",
        "italic" : false,
        "bold" : false
      },
      "ref" : "text_name"
    } ],
    "target" : {
      "resourceId" : "cloudexclusivedatabasedgateway2"
    }
  }, {
    "resourceId" : "cloudsequenceflow11",
    "properties" : {
      "xmlTag" : "SequenceFlow",
      "stencilid" : "cloudsequenceflow",
      "stencilsuperid" : "SequenceFlow",
      "stencilsuperids" : [ "SequenceFlow" ],
      "customstencil" : true,
      "genericproperty" : "",
      "oldresourceid" : "",
      "fontsize" : "",
      "fontweight" : "",
      "fontstyle" : "",
      "fontcolor" : "",
      "bordercolor" : "#000000",
      "conditiontype" : "None",
      "conditionexpression" : "",
      "isimmediate" : false,
      "showdiamondmarker" : false,
      "name" : "",
      "name_fr_fr" : "",
      "name_fr_fr-run" : "",
      "name-run" : "",
      "documentation" : "",
      "id" : "cloudsequenceflow11",
      "bgcolor" : "#ffffff",
      "customstencilid" : "cloudsequenceflow",
      "customnamespace" : "http://b3mn.org/stencilset/default.process.palette.xml#"
    },
    "xmlProperties" : [ "name", "name_fr_fr", "name_fr_fr-run", "name-run" ],
    "pathProperties" : { },
    "stencil" : {
      "id" : "SequenceFlow"
    },
    "childShapes" : [ ],
    "outgoing" : [ {
      "resourceId" : "cloudexclusivedatabasedgateway3"
    } ],
    "bounds" : {
      "lowerRight" : {
        "x" : 756.6914086027003,
        "y" : 673.4548620577065
      },
      "upperLeft" : {
        "x" : 597.5214820222997,
        "y" : 673.1095910672935
      }
    },
    "dockers" : [ {
      "x" : 50,
      "y" : 40
    }, {
      "x" : 20.5,
      "y" : 20.5
    } ],
    "outputmappingproperties" : {
      "genericproperty" : {
        "type" : "complex",
        "placeholders" : [ ]
      }
    },
    "labels" : [ {
      "styles" : {
        "fill" : "#000000",
        "size" : "12",
        "italic" : false,
        "bold" : false
      },
      "ref" : "text_name"
    } ],
    "target" : {
      "resourceId" : "cloudexclusivedatabasedgateway3"
    }
  }, {
    "resourceId" : "cloudsequenceflow3",
    "properties" : {
      "xmlTag" : "SequenceFlow",
      "stencilid" : "cloudsequenceflow",
      "stencilsuperid" : "SequenceFlow",
      "stencilsuperids" : [ "SequenceFlow" ],
      "customstencil" : true,
      "genericproperty" : "",
      "oldresourceid" : "",
      "fontsize" : "",
      "fontweight" : "",
      "fontstyle" : "",
      "fontcolor" : "",
      "bordercolor" : "#000000",
      "conditiontype" : "None",
      "conditionexpression" : "",
      "isimmediate" : false,
      "showdiamondmarker" : false,
      "name" : "",
      "name_fr_fr" : "",
      "name_fr_fr-run" : "",
      "name-run" : "",
      "documentation" : "",
      "id" : "cloudsequenceflow3",
      "bgcolor" : "#ffffff",
      "customstencilid" : "cloudsequenceflow",
      "customnamespace" : "http://b3mn.org/stencilset/default.process.palette.xml#"
    },
    "xmlProperties" : [ "name", "name_fr_fr", "name_fr_fr-run", "name-run" ],
    "pathProperties" : { },
    "stencil" : {
      "id" : "SequenceFlow"
    },
    "childShapes" : [ ],
    "outgoing" : [ {
      "resourceId" : "cloudformtask2"
    } ],
    "bounds" : {
      "lowerRight" : {
        "x" : 496.91796875,
        "y" : 673
      },
      "upperLeft" : {
        "x" : 367.5,
        "y" : 135.0107421875
      }
    },
    "dockers" : [ {
      "x" : 20.5,
      "y" : 20.5
    }, {
      "x" : 367.5,
      "y" : 673
    }, {
      "x" : 50,
      "y" : 40
    } ],
    "outputmappingproperties" : {
      "genericproperty" : {
        "type" : "complex",
        "placeholders" : [ ]
      }
    },
    "labels" : [ {
      "styles" : {
        "fill" : "#000000",
        "size" : "12",
        "italic" : false,
        "bold" : false
      },
      "ref" : "text_name"
    } ],
    "target" : {
      "resourceId" : "cloudformtask2"
    }
  }, {
    "resourceId" : "cloudsequenceflow2",
    "properties" : {
      "xmlTag" : "SequenceFlow",
      "stencilid" : "cloudsequenceflow",
      "stencilsuperid" : "SequenceFlow",
      "stencilsuperids" : [ "SequenceFlow" ],
      "customstencil" : true,
      "genericproperty" : "",
      "oldresourceid" : "",
      "fontsize" : "",
      "fontweight" : "",
      "fontstyle" : "",
      "fontcolor" : "",
      "bordercolor" : "#000000",
      "conditiontype" : "None",
      "conditionexpression" : "",
      "isimmediate" : false,
      "showdiamondmarker" : false,
      "name" : "",
      "name_fr_fr" : "",
      "name_fr_fr-run" : "",
      "name-run" : "",
      "documentation" : "",
      "id" : "cloudsequenceflow2",
      "bgcolor" : "#ffffff",
      "customstencilid" : "cloudsequenceflow",
      "customnamespace" : "http://b3mn.org/stencilset/default.process.palette.xml#"
    },
    "xmlProperties" : [ "name", "name_fr_fr", "name_fr_fr-run", "name-run" ],
    "pathProperties" : { },
    "stencil" : {
      "id" : "SequenceFlow"
    },
    "childShapes" : [ ],
    "outgoing" : [ {
      "resourceId" : "oneinitvariableactivity1"
    } ],
    "bounds" : {
      "lowerRight" : {
        "x" : 433.5,
        "y" : 189.64063453438814
      },
      "upperLeft" : {
        "x" : 387.0625,
        "y" : 115.5
      }
    },
    "dockers" : [ {
      "x" : 20.5,
      "y" : 20.5
    }, {
      "x" : 433.5,
      "y" : 115.5
    }, {
      "x" : 50,
      "y" : 40
    } ],
    "outputmappingproperties" : {
      "genericproperty" : {
        "type" : "complex",
        "placeholders" : [ ]
      }
    },
    "labels" : [ {
      "styles" : {
        "fill" : "#000000",
        "size" : "12",
        "italic" : false,
        "bold" : false
      },
      "ref" : "text_name"
    } ],
    "target" : {
      "resourceId" : "oneinitvariableactivity1"
    }
  }, {
    "resourceId" : "cloudpool1",
    "properties" : {
      "xmlTag" : "Pool",
      "stencilid" : "cloudpool",
      "stencilsuperid" : "Pool",
      "stencilsuperids" : [ "Pool" ],
      "customstencil" : true,
      "genericproperty" : "",
      "oldresourceid" : "",
      "fontsize" : "",
      "fontweight" : "",
      "fontstyle" : "",
      "fontcolor" : "",
      "boundaryvisible" : true,
      "bordercolor" : "#C0C0C0",
      "multiinstance" : false,
      "minimum" : "2",
      "maximum" : "2",
      "isexecutable" : true,
      "orientation" : "horizontal",
      "name" : "",
      "name_fr_fr" : "",
      "name_fr_fr-run" : "",
      "name-run" : "",
      "documentation" : "",
      "id" : "cloudpool1",
      "bgcolor" : "#ffffff",
      "customstencilid" : "cloudpool",
      "customnamespace" : "http://b3mn.org/stencilset/default.process.palette.xml#"
    },
    "xmlProperties" : [ "orientation", "name", "name_fr_fr", "name_fr_fr-run", "name-run" ],
    "pathProperties" : { },
    "stencil" : {
      "id" : "Pool"
    },
    "childShapes" : [ {
      "resourceId" : "cloudlane1",
      "properties" : {
        "xmlTag" : "Lane",
        "stencilid" : "cloudlane",
        "stencilsuperid" : "Lane",
        "stencilsuperids" : [ "Lane" ],
        "customstencil" : true,
        "genericproperty" : "",
        "oldresourceid" : "",
        "fontsize" : "",
        "fontweight" : "",
        "fontstyle" : "",
        "fontcolor" : "",
        "orientation" : "horizontal",
        "parentlane" : "",
        "showcaption" : true,
        "bordercolor" : "#C0C0C0",
        "name" : "Department 1",
        "name_fr_fr" : "Department 1",
        "name_fr_fr-run" : "",
        "name-run" : "",
        "documentation" : "",
        "id" : "cloudlane1",
        "bgcolor" : "#ffffff",
        "parentpool" : "",
        "customstencilid" : "cloudlane",
        "customnamespace" : "http://b3mn.org/stencilset/default.process.palette.xml#"
      },
      "xmlProperties" : [ "orientation", "name", "name_fr_fr", "name_fr_fr-run", "name-run" ],
      "pathProperties" : { },
      "stencil" : {
        "id" : "Lane"
      },
      "childShapes" : [ {
        "resourceId" : "cloudstartnoneevent1",
        "properties" : {
          "xmlTag" : "StartNoneEvent",
          "stencilid" : "cloudstartnoneevent",
          "stencilsuperid" : "StartNoneEvent",
          "stencilsuperids" : [ "StartNoneEvent" ],
          "customstencil" : true,
          "genericproperty" : "",
          "oldresourceid" : "",
          "fontsize" : "",
          "fontweight" : "",
          "fontstyle" : "",
          "fontcolor" : "",
          "bordercolor" : "#000000",
          "trigger" : "None",
          "name" : "",
          "name_fr_fr" : "",
          "name_fr_fr-run" : "",
          "name-run" : "",
          "documentation" : "",
          "id" : "cloudstartnoneevent1",
          "bgcolor" : "#ffffff",
          "customstencilid" : "cloudstartnoneevent",
          "customnamespace" : "http://b3mn.org/stencilset/default.process.palette.xml#"
        },
        "xmlProperties" : [ "name", "name_fr_fr", "name_fr_fr-run", "name-run" ],
        "pathProperties" : { },
        "stencil" : {
          "id" : "StartNoneEvent"
        },
        "childShapes" : [ ],
        "outgoing" : [ {
          "resourceId" : "cloudsequenceflow1"
        } ],
        "bounds" : {
          "lowerRight" : {
            "x" : 70,
            "y" : 90
          },
          "upperLeft" : {
            "x" : 40,
            "y" : 60
          }
        },
        "dockers" : [ ],
        "outputmappingproperties" : {
          "genericproperty" : {
            "type" : "complex",
            "placeholders" : [ ]
          }
        },
        "labels" : [ {
          "styles" : {
            "fill" : "#000000",
            "size" : "12",
            "italic" : false,
            "bold" : false
          },
          "ref" : "text_name"
        } ]
      }, {
        "resourceId" : "cloudformtask6",
        "properties" : {
          "xmlTag" : "FormTask",
          "stencilid" : "cloudformtask",
          "stencilsuperid" : "FormTask",
          "stencilsuperids" : [ "Task", "FormTask" ],
          "customstencil" : true,
          "oldresourceid" : "",
          "fontsize" : "",
          "fontweight" : "",
          "fontstyle" : "",
          "fontcolor" : "",
          "categories" : "",
          "isforcompensation" : false,
          "bordercolor" : "#000000",
          "looptype" : "None",
          "loopcollection" : "",
          "loopelementvariable" : "",
          "loopelementindexvariable" : "",
          "properties" : "",
          "genericproperty" : "",
          "priority" : "",
          "duedate" : "",
          "callacitivity" : false,
          "guid" : "GEAR-a2399593-ba63-4af5-b168-3dbd43d4fcf6",
          "tasktype" : "FormTask",
          "async" : false,
          "form_entry" : "GEAR-ae8f0324-5e2b-45a8-b149-1cd4627dd69b",
          "formtaskentry" : "edoras-1cd4627dd69b",
          "documentation" : "",
          "id" : "cloudformtask6",
          "owner" : "",
          "owner-run" : "",
          "assignee" : "GEAR-dbd51b49-8b2e-446b-a8b6-0f6b72992f87",
          "assignee-run" : "",
          "candidategroups" : "GEAR-2ff11478-6f64-4302-803b-48c301e5889e",
          "candidategroups-run" : "",
          "candidateusers" : "",
          "candidateusers-run" : "",
          "mailmodel" : "",
          "mailrecipient" : "",
          "mailreplyto" : "",
          "mailcc" : "",
          "mailbcc" : "",
          "mailpriority" : "",
          "mailheaders" : "",
          "attachmentidexpressions" : "",
          "completioncondition" : "",
          "loopcardinality" : "",
          "bgcolor" : "#ffffcc",
          "name" : "Call and report that registration is not permitted",
          "name_fr_fr" : "Call and report that registration is not permitted",
          "name_fr_fr-run" : "",
          "name-run" : "",
          "actions" : "assign,share,addVariables",
          "customstencilid" : "cloudformtask",
          "customnamespace" : "http://b3mn.org/stencilset/default.process.palette.xml#"
        },
        "xmlProperties" : [ "mailmodel", "mailrecipient", "mailreplyto", "mailcc", "mailbcc", "mailpriority", "mailheaders", "attachmentidexpressions", "name", "name_fr_fr", "name_fr_fr-run", "name-run", "actions" ],
        "pathProperties" : { },
        "stencil" : {
          "id" : "Task"
        },
        "childShapes" : [ ],
        "outgoing" : [ {
          "resourceId" : "cloudsequenceflow24"
        } ],
        "bounds" : {
          "lowerRight" : {
            "x" : 1270,
            "y" : 249
          },
          "upperLeft" : {
            "x" : 1170,
            "y" : 169
          }
        },
        "dockers" : [ ],
        "specialproperties" : {
          "form_entry" : {
            "type" : "treeview",
            "placeholder" : "formtaskentry"
          }
        },
        "outputmappingproperties" : {
          "properties" : {
            "type" : "complex",
            "placeholders" : [ ]
          },
          "genericproperty" : {
            "type" : "complex",
            "placeholders" : [ ]
          },
          "mailheaders" : {
            "type" : "complex",
            "placeholders" : [ ]
          },
          "attachmentidexpressions" : {
            "type" : "complex",
            "placeholders" : [ ]
          }
        },
        "labels" : [ {
          "styles" : {
            "fill" : "#000000",
            "size" : "12",
            "italic" : false,
            "bold" : false
          },
          "ref" : "text_name"
        } ]
      }, {
        "resourceId" : "cloudinclusivegateway1",
        "properties" : {
          "xmlTag" : "InclusiveGateway",
          "stencilid" : "cloudinclusivegateway",
          "stencilsuperid" : "InclusiveGateway",
          "stencilsuperids" : [ "InclusiveGateway" ],
          "customstencil" : true,
          "genericproperty" : "",
          "oldresourceid" : "",
          "fontsize" : "",
          "fontweight" : "",
          "fontstyle" : "",
          "fontcolor" : "",
          "categories" : "",
          "bordercolor" : "#000000",
          "gatewaytype" : "OR",
          "defaultgate" : "",
          "gate_outgoingsequenceflow" : "",
          "gate_assignments" : "",
          "name" : "",
          "name_fr_fr" : "",
          "name_fr_fr-run" : "",
          "name-run" : "",
          "documentation" : "",
          "id" : "cloudinclusivegateway1",
          "bgcolor" : "#ffffff",
          "customstencilid" : "cloudinclusivegateway",
          "customnamespace" : "http://b3mn.org/stencilset/default.process.palette.xml#"
        },
        "xmlProperties" : [ "name", "name_fr_fr", "name_fr_fr-run", "name-run" ],
        "pathProperties" : { },
        "stencil" : {
          "id" : "InclusiveGateway"
        },
        "childShapes" : [ ],
        "outgoing" : [ {
          "resourceId" : "cloudsequenceflow19"
        } ],
        "bounds" : {
          "lowerRight" : {
            "x" : 739,
            "y" : 99
          },
          "upperLeft" : {
            "x" : 699,
            "y" : 59
          }
        },
        "dockers" : [ ],
        "outputmappingproperties" : {
          "genericproperty" : {
            "type" : "complex",
            "placeholders" : [ ]
          }
        },
        "labels" : [ {
          "styles" : {
            "fill" : "#000000",
            "size" : "12",
            "italic" : false,
            "bold" : false
          },
          "ref" : "text_name"
        } ]
      }, {
        "resourceId" : "onemailactivity2",
        "properties" : {
          "xmlTag" : "ServiceTask",
          "stencilid" : "onemailactivity",
          "stencilsuperid" : "ServiceTask",
          "stencilsuperids" : [ "Task", "ServiceTask" ],
          "customstencil" : true,
          "genericproperty" : "",
          "oldresourceid" : "",
          "fontsize" : "",
          "fontweight" : "",
          "fontstyle" : "",
          "fontcolor" : "",
          "categories" : "",
          "isforcompensation" : false,
          "bordercolor" : "#000000",
          "callacitivity" : false,
          "guid" : "",
          "looptype" : "None",
          "loopcollection" : "",
          "loopelementvariable" : "",
          "loopelementindexvariable" : "",
          "properties" : "",
          "async" : false,
          "documentation" : "",
          "id" : "onemailactivity2",
          "mailmodel" : "edoras-277c33b934d7",
          "mailrecipient" : "#{root.email}",
          "mailreplyto" : "#{user.email}",
          "mailcc" : "",
          "mailbcc" : "",
          "mailpriority" : "",
          "mailheaders" : "",
          "attachmentidexpressions" : "",
          "completioncondition" : "",
          "loopcardinality" : "",
          "bgcolor" : "#ffffcc",
          "name" : "Send Acceptance Mail",
          "name_fr_fr" : "Send Acceptance Mail",
          "name_fr_fr-run" : "",
          "name-run" : "",
          "tasktype" : "Service",
          "expression" : "#{mailActivityService.sendMail(execution)}",
          "delegateexpression" : "",
          "resultvariable" : "",
          "class" : "",
          "customstencilid" : "onemailactivity",
          "customnamespace" : "http://b3mn.org/stencilset/default.process.palette.xml#"
        },
        "xmlProperties" : [ "mailmodel", "mailrecipient", "mailreplyto", "mailcc", "mailbcc", "mailpriority", "mailheaders", "attachmentidexpressions", "name", "name_fr_fr", "name_fr_fr-run", "name-run", "tasktype", "expression" ],
        "pathProperties" : { },
        "stencil" : {
          "id" : "Task"
        },
        "childShapes" : [ ],
        "outgoing" : [ {
          "resourceId" : "cloudsequenceflow20"
        } ],
        "bounds" : {
          "lowerRight" : {
            "x" : 992,
            "y" : 119
          },
          "upperLeft" : {
            "x" : 892,
            "y" : 39
          }
        },
        "dockers" : [ ],
        "outputmappingproperties" : {
          "genericproperty" : {
            "type" : "complex",
            "placeholders" : [ ]
          },
          "properties" : {
            "type" : "complex",
            "placeholders" : [ ]
          },
          "mailheaders" : {
            "type" : "complex",
            "placeholders" : [ ]
          },
          "attachmentidexpressions" : {
            "type" : "complex",
            "placeholders" : [ ]
          }
        },
        "labels" : [ {
          "styles" : {
            "fill" : "#000000",
            "size" : "12",
            "italic" : false,
            "bold" : false
          },
          "ref" : "text_name"
        } ]
      }, {
        "resourceId" : "cloudservicetask1",
        "properties" : {
          "xmlTag" : "ServiceTask",
          "stencilid" : "cloudservicetask",
          "stencilsuperid" : "ServiceTask",
          "stencilsuperids" : [ "Task", "ServiceTask" ],
          "customstencil" : true,
          "genericproperty" : "",
          "oldresourceid" : "",
          "fontsize" : "",
          "fontweight" : "",
          "fontstyle" : "",
          "fontcolor" : "",
          "categories" : "",
          "isforcompensation" : false,
          "bordercolor" : "#000000",
          "callacitivity" : false,
          "guid" : "",
          "looptype" : "None",
          "loopcollection" : "",
          "loopelementvariable" : "",
          "loopelementindexvariable" : "",
          "properties" : "",
          "expression" : "#{valaisService.print(name)}",
          "delegateexpression" : "",
          "resultvariable" : "",
          "class" : "",
          "tasktype" : "Service",
          "async" : false,
          "documentation" : "",
          "id" : "cloudservicetask1",
          "owner" : "",
          "owner-run" : "",
          "assignee" : "",
          "assignee-run" : "",
          "candidategroups" : "",
          "candidategroups-run" : "",
          "candidateusers" : "",
          "candidateusers-run" : "",
          "completioncondition" : "",
          "loopcardinality" : "",
          "bgcolor" : "#ffffcc",
          "name" : "Print User information",
          "name_fr_fr" : "Print User information",
          "name_fr_fr-run" : "",
          "name-run" : "",
          "customstencilid" : "cloudservicetask",
          "customnamespace" : "http://b3mn.org/stencilset/default.process.palette.xml#"
        },
        "xmlProperties" : [ "name", "name_fr_fr", "name_fr_fr-run", "name-run" ],
        "pathProperties" : { },
        "stencil" : {
          "id" : "Task"
        },
        "childShapes" : [ ],
        "outgoing" : [ {
          "resourceId" : "cloudsequenceflow21"
        } ],
        "bounds" : {
          "lowerRight" : {
            "x" : 1270,
            "y" : 119
          },
          "upperLeft" : {
            "x" : 1170,
            "y" : 39
          }
        },
        "dockers" : [ ],
        "outputmappingproperties" : {
          "genericproperty" : {
            "type" : "complex",
            "placeholders" : [ ]
          },
          "properties" : {
            "type" : "complex",
            "placeholders" : [ ]
          }
        },
        "labels" : [ {
          "styles" : {
            "fill" : "#000000",
            "size" : "12",
            "italic" : false,
            "bold" : false
          },
          "ref" : "text_name"
        } ]
      }, {
        "resourceId" : "cloudendnoneevent1",
        "properties" : {
          "xmlTag" : "EndNoneEvent",
          "stencilid" : "cloudendnoneevent",
          "stencilsuperid" : "EndNoneEvent",
          "stencilsuperids" : [ "EndNoneEvent" ],
          "customstencil" : true,
          "genericproperty" : "",
          "oldresourceid" : "",
          "fontsize" : "",
          "fontweight" : "",
          "fontstyle" : "",
          "fontcolor" : "",
          "executionlistener" : "",
          "bordercolor" : "#000000",
          "trigger" : "None",
          "name" : "",
          "name_fr_fr" : "",
          "name_fr_fr-run" : "",
          "name-run" : "",
          "documentation" : "",
          "id" : "cloudendnoneevent1",
          "bgcolor" : "#ffffff",
          "customstencilid" : "cloudendnoneevent",
          "customnamespace" : "http://b3mn.org/stencilset/default.process.palette.xml#"
        },
        "xmlProperties" : [ "name", "name_fr_fr", "name_fr_fr-run", "name-run" ],
        "pathProperties" : { },
        "stencil" : {
          "id" : "EndNoneEvent"
        },
        "childShapes" : [ ],
        "outgoing" : [ ],
        "bounds" : {
          "lowerRight" : {
            "x" : 1463,
            "y" : 93
          },
          "upperLeft" : {
            "x" : 1435,
            "y" : 65
          }
        },
        "dockers" : [ ],
        "outputmappingproperties" : {
          "genericproperty" : {
            "type" : "complex",
            "placeholders" : [ ]
          },
          "executionlistener" : {
            "type" : "complex",
            "placeholders" : [ ]
          }
        },
        "labels" : [ {
          "styles" : {
            "fill" : "#000000",
            "size" : "12",
            "italic" : false,
            "bold" : false
          },
          "ref" : "text_name"
        } ]
      }, {
        "resourceId" : "onemailactivity3",
        "properties" : {
          "xmlTag" : "ServiceTask",
          "stencilid" : "onemailactivity",
          "stencilsuperid" : "ServiceTask",
          "stencilsuperids" : [ "Task", "ServiceTask" ],
          "customstencil" : true,
          "genericproperty" : "",
          "oldresourceid" : "",
          "fontsize" : "",
          "fontweight" : "",
          "fontstyle" : "",
          "fontcolor" : "",
          "categories" : "",
          "isforcompensation" : false,
          "bordercolor" : "#000000",
          "callacitivity" : false,
          "guid" : "",
          "looptype" : "None",
          "loopcollection" : "",
          "loopelementvariable" : "",
          "loopelementindexvariable" : "",
          "properties" : "",
          "async" : false,
          "documentation" : "",
          "id" : "onemailactivity3",
          "mailmodel" : "edoras-2a58d7212264",
          "mailrecipient" : "#{root.email}",
          "mailreplyto" : "admin@valais.com",
          "mailcc" : "",
          "mailbcc" : "",
          "mailpriority" : "",
          "mailheaders" : "",
          "attachmentidexpressions" : "",
          "completioncondition" : "",
          "loopcardinality" : "",
          "bgcolor" : "#ffffcc",
          "name" : "Send Start Registration Mail",
          "name_fr_fr" : "Send Start Registration Mail",
          "name_fr_fr-run" : "",
          "name-run" : "",
          "tasktype" : "Service",
          "expression" : "#{mailActivityService.sendMail(execution)}",
          "delegateexpression" : "",
          "resultvariable" : "",
          "class" : "",
          "customstencilid" : "onemailactivity",
          "customnamespace" : "http://b3mn.org/stencilset/default.process.palette.xml#"
        },
        "xmlProperties" : [ "mailmodel", "mailrecipient", "mailreplyto", "mailcc", "mailbcc", "mailpriority", "mailheaders", "attachmentidexpressions", "name", "name_fr_fr", "name_fr_fr-run", "name-run", "tasktype", "expression" ],
        "pathProperties" : { },
        "stencil" : {
          "id" : "Task"
        },
        "childShapes" : [ ],
        "outgoing" : [ {
          "resourceId" : "cloudsequenceflow22"
        } ],
        "bounds" : {
          "lowerRight" : {
            "x" : 224,
            "y" : 115
          },
          "upperLeft" : {
            "x" : 124,
            "y" : 35
          }
        },
        "dockers" : [ ],
        "outputmappingproperties" : {
          "genericproperty" : {
            "type" : "complex",
            "placeholders" : [ ]
          },
          "properties" : {
            "type" : "complex",
            "placeholders" : [ ]
          },
          "mailheaders" : {
            "type" : "complex",
            "placeholders" : [ ]
          },
          "attachmentidexpressions" : {
            "type" : "complex",
            "placeholders" : [ ]
          }
        },
        "labels" : [ {
          "styles" : {
            "fill" : "#000000",
            "size" : "12",
            "italic" : false,
            "bold" : false
          },
          "ref" : "text_name"
        } ]
      }, {
        "resourceId" : "cloudparallelgateway1",
        "properties" : {
          "xmlTag" : "ParallelGateway",
          "stencilid" : "cloudparallelgateway",
          "stencilsuperid" : "ParallelGateway",
          "stencilsuperids" : [ "ParallelGateway" ],
          "customstencil" : true,
          "genericproperty" : "",
          "oldresourceid" : "",
          "fontsize" : "",
          "fontweight" : "",
          "fontstyle" : "",
          "fontcolor" : "",
          "categories" : "",
          "bordercolor" : "#000000",
          "gatewaytype" : "AND",
          "name" : "",
          "name_fr_fr" : "",
          "name_fr_fr-run" : "",
          "name-run" : "",
          "documentation" : "",
          "id" : "cloudparallelgateway1",
          "bgcolor" : "#ffffff",
          "customstencilid" : "cloudparallelgateway",
          "customnamespace" : "http://b3mn.org/stencilset/default.process.palette.xml#"
        },
        "xmlProperties" : [ "name", "name_fr_fr", "name_fr_fr-run", "name-run" ],
        "pathProperties" : { },
        "stencil" : {
          "id" : "ParallelGateway"
        },
        "childShapes" : [ ],
        "outgoing" : [ {
          "resourceId" : "cloudsequenceflow3"
        }, {
          "resourceId" : "cloudsequenceflow2"
        } ],
        "bounds" : {
          "lowerRight" : {
            "x" : 329,
            "y" : 95
          },
          "upperLeft" : {
            "x" : 289,
            "y" : 55
          }
        },
        "dockers" : [ ],
        "outputmappingproperties" : {
          "genericproperty" : {
            "type" : "complex",
            "placeholders" : [ ]
          }
        },
        "labels" : [ {
          "styles" : {
            "fill" : "#000000",
            "size" : "12",
            "italic" : false,
            "bold" : false
          },
          "ref" : "text_name"
        } ]
      }, {
        "resourceId" : "cloudendnoneevent2",
        "properties" : {
          "xmlTag" : "EndNoneEvent",
          "stencilid" : "cloudendnoneevent",
          "stencilsuperid" : "EndNoneEvent",
          "stencilsuperids" : [ "EndNoneEvent" ],
          "customstencil" : true,
          "genericproperty" : "",
          "oldresourceid" : "",
          "fontsize" : "",
          "fontweight" : "",
          "fontstyle" : "",
          "fontcolor" : "",
          "executionlistener" : "",
          "bordercolor" : "#000000",
          "trigger" : "None",
          "name" : "",
          "name_fr_fr" : "",
          "name_fr_fr-run" : "",
          "name-run" : "",
          "documentation" : "",
          "id" : "cloudendnoneevent2",
          "bgcolor" : "#ffffff",
          "customstencilid" : "cloudendnoneevent",
          "customnamespace" : "http://b3mn.org/stencilset/default.process.palette.xml#"
        },
        "xmlProperties" : [ "name", "name_fr_fr", "name_fr_fr-run", "name-run" ],
        "pathProperties" : { },
        "stencil" : {
          "id" : "EndNoneEvent"
        },
        "childShapes" : [ ],
        "outgoing" : [ ],
        "bounds" : {
          "lowerRight" : {
            "x" : 1473,
            "y" : 223
          },
          "upperLeft" : {
            "x" : 1445,
            "y" : 195
          }
        },
        "dockers" : [ ],
        "outputmappingproperties" : {
          "genericproperty" : {
            "type" : "complex",
            "placeholders" : [ ]
          },
          "executionlistener" : {
            "type" : "complex",
            "placeholders" : [ ]
          }
        },
        "labels" : [ {
          "styles" : {
            "fill" : "#000000",
            "size" : "12",
            "italic" : false,
            "bold" : false
          },
          "ref" : "text_name"
        } ]
      }, {
        "resourceId" : "oneinitvariableactivity1",
        "properties" : {
          "stencilid" : "oneinitvariableactivity",
          "stencilsuperid" : "ServiceTask",
          "stencilsuperids" : [ "Task", "ServiceTask" ],
          "customstencil" : true,
          "genericproperty" : "",
          "oldresourceid" : "",
          "fontsize" : "",
          "fontweight" : "",
          "fontstyle" : "",
          "fontcolor" : "",
          "categories" : "",
          "isforcompensation" : false,
          "bordercolor" : "#000000",
          "callacitivity" : false,
          "guid" : "",
          "looptype" : "None",
          "loopcollection" : "",
          "loopelementvariable" : "",
          "loopelementindexvariable" : "",
          "properties" : "",
          "async" : false,
          "documentation" : "",
          "id" : "oneinitvariableactivity1",
          "completioncondition" : "",
          "loopcardinality" : "",
          "bgcolor" : "#ffffcc",
          "initvariablemap" : "",
          "name" : "Init Variables",
          "name_fr_fr" : "Init Variables",
          "name_fr_fr-run" : "",
          "name-run" : "",
          "overwrite" : false,
          "tasktype" : "Service",
          "expression" : "#{processVariables.initVariablesFromProperties(execution)}",
          "delegateexpression" : "",
          "resultvariable" : "",
          "class" : "",
          "customstencilid" : "oneinitvariableactivity",
          "customnamespace" : "http://b3mn.org/stencilset/default.process.palette.xml#",
          "xmlTag" : "ServiceTask"
        },
        "xmlProperties" : [ "initvariablemap", "name", "name_fr_fr", "name_fr_fr-run", "name-run", "overwrite", "expression" ],
        "pathProperties" : { },
        "stencil" : {
          "id" : "Task"
        },
        "childShapes" : [ ],
        "outgoing" : [ {
          "resourceId" : "cloudsequenceflow28"
        } ],
        "bounds" : {
          "lowerRight" : {
            "x" : 425,
            "y" : 230
          },
          "upperLeft" : {
            "x" : 325,
            "y" : 150
          }
        },
        "dockers" : [ ],
        "outputmappingproperties" : {
          "genericproperty" : {
            "type" : "complex",
            "placeholders" : [ ]
          },
          "properties" : {
            "type" : "complex",
            "placeholders" : [ ]
          },
          "initvariablemap" : {
            "type" : "complex",
            "placeholders" : [ ]
          }
        },
        "labels" : [ {
          "styles" : {
            "fill" : "#000000",
            "size" : "12",
            "italic" : false,
            "bold" : false
          },
          "ref" : "text_name"
        } ]
      } ],
      "outgoing" : [ ],
      "bounds" : {
        "lowerRight" : {
          "x" : 1597,
          "y" : 296
        },
        "upperLeft" : {
          "x" : 30,
          "y" : 0
        }
      },
      "dockers" : [ ],
      "outputmappingproperties" : {
        "genericproperty" : {
          "type" : "complex",
          "placeholders" : [ ]
        }
      },
      "labels" : [ {
        "styles" : {
          "fill" : "#000000",
          "size" : "12",
          "italic" : false,
          "bold" : false
        },
        "ref" : "text_name"
      } ]
    }, {
      "resourceId" : "cloudlane5",
      "properties" : {
        "xmlTag" : "Lane",
        "stencilid" : "cloudlane",
        "stencilsuperid" : "Lane",
        "stencilsuperids" : [ "Lane" ],
        "customstencil" : true,
        "genericproperty" : "",
        "oldresourceid" : "",
        "fontsize" : "",
        "fontweight" : "",
        "fontstyle" : "",
        "fontcolor" : "",
        "orientation" : "horizontal",
        "parentlane" : "",
        "showcaption" : true,
        "bordercolor" : "#C0C0C0",
        "name" : "Department 2",
        "name_fr_fr" : "Department 2",
        "name_fr_fr-run" : "",
        "name-run" : "",
        "documentation" : "",
        "id" : "cloudlane5",
        "bgcolor" : "#ffffff",
        "parentpool" : "",
        "customstencilid" : "cloudlane",
        "customnamespace" : "http://b3mn.org/stencilset/default.process.palette.xml#"
      },
      "xmlProperties" : [ "orientation", "name", "name_fr_fr", "name_fr_fr-run", "name-run" ],
      "pathProperties" : { },
      "stencil" : {
        "id" : "Lane"
      },
      "childShapes" : [ {
        "resourceId" : "cloudformtask1",
        "properties" : {
          "xmlTag" : "FormTask",
          "stencilid" : "cloudformtask",
          "stencilsuperid" : "FormTask",
          "stencilsuperids" : [ "Task", "FormTask" ],
          "customstencil" : true,
          "oldresourceid" : "",
          "fontsize" : "",
          "fontweight" : "",
          "fontstyle" : "",
          "fontcolor" : "",
          "categories" : "",
          "isforcompensation" : false,
          "bordercolor" : "#000000",
          "looptype" : "None",
          "loopcollection" : "",
          "loopelementvariable" : "",
          "loopelementindexvariable" : "",
          "properties" : "",
          "genericproperty" : "",
          "priority" : "",
          "duedate" : "",
          "callacitivity" : false,
          "guid" : "GEAR-71dd3b6f-e84d-46df-8d35-bbc5958686bf",
          "tasktype" : "FormTask",
          "async" : false,
          "form_entry" : "GEAR-4b6c4cdd-efb3-45ca-b2f4-a01ca76a4b5c",
          "formtaskentry" : "edoras-4c93dde8cea3",
          "documentation" : "",
          "id" : "cloudformtask1",
          "owner" : "",
          "owner-run" : "",
          "assignee" : "GEAR-e74bb5a1-54a5-48b1-adac-44dd39c037a8",
          "assignee-run" : "",
          "candidategroups" : "GEAR-cc7e13fc-791d-44fc-86bf-eae9454f54a7",
          "candidategroups-run" : "",
          "candidateusers" : "",
          "candidateusers-run" : "",
          "mailmodel" : "",
          "mailrecipient" : "",
          "mailreplyto" : "",
          "mailcc" : "",
          "mailbcc" : "",
          "mailpriority" : "",
          "mailheaders" : "",
          "attachmentidexpressions" : "",
          "completioncondition" : "",
          "loopcardinality" : "",
          "bgcolor" : "#ffffcc",
          "name" : "Link User to Department 2",
          "name_fr_fr" : "Link User to Department 2",
          "name_fr_fr-run" : "Link User: #{root.name}",
          "name-run" : "Link User: #{root.name}",
          "actions" : "assign,share,addVariables",
          "customstencilid" : "cloudformtask",
          "customnamespace" : "http://b3mn.org/stencilset/default.process.palette.xml#"
        },
        "xmlProperties" : [ "mailmodel", "mailrecipient", "mailreplyto", "mailcc", "mailbcc", "mailpriority", "mailheaders", "attachmentidexpressions", "name", "name_fr_fr", "name_fr_fr-run", "name-run", "actions" ],
        "pathProperties" : { },
        "stencil" : {
          "id" : "Task"
        },
        "childShapes" : [ ],
        "outgoing" : [ {
          "resourceId" : "cloudsequenceflow4"
        } ],
        "bounds" : {
          "lowerRight" : {
            "x" : 528,
            "y" : 142
          },
          "upperLeft" : {
            "x" : 428,
            "y" : 62
          }
        },
        "dockers" : [ ],
        "specialproperties" : {
          "form_entry" : {
            "type" : "treeview",
            "placeholder" : "formtaskentry"
          }
        },
        "outputmappingproperties" : {
          "properties" : {
            "type" : "complex",
            "placeholders" : [ ]
          },
          "genericproperty" : {
            "type" : "complex",
            "placeholders" : [ ]
          },
          "mailheaders" : {
            "type" : "complex",
            "placeholders" : [ ]
          },
          "attachmentidexpressions" : {
            "type" : "complex",
            "placeholders" : [ ]
          }
        },
        "labels" : [ {
          "styles" : {
            "fill" : "#000000",
            "size" : "12",
            "italic" : false,
            "bold" : false
          },
          "ref" : "text_name"
        } ]
      }, {
        "resourceId" : "cloudexclusivedatabasedgateway2",
        "properties" : {
          "xmlTag" : "Exclusive_Databased_Gateway",
          "stencilid" : "cloudexclusivedatabasedgateway",
          "stencilsuperid" : "Exclusive_Databased_Gateway",
          "stencilsuperids" : [ "Exclusive_Databased_Gateway" ],
          "customstencil" : true,
          "genericproperty" : "",
          "oldresourceid" : "",
          "fontsize" : "",
          "fontweight" : "",
          "fontstyle" : "",
          "fontcolor" : "",
          "categories" : "",
          "bordercolor" : "#000000",
          "name" : "",
          "name_fr_fr" : "",
          "name_fr_fr-run" : "",
          "name-run" : "",
          "documentation" : "",
          "id" : "cloudexclusivedatabasedgateway2",
          "bgcolor" : "#ffffff",
          "gatewaytype" : "",
          "xortype" : "",
          "markervisible" : true,
          "defaultgate" : "",
          "gate_outgoingsequenceflow" : "",
          "gate_assignments" : "",
          "customstencilid" : "cloudexclusivedatabasedgateway",
          "customnamespace" : "http://b3mn.org/stencilset/default.process.palette.xml#"
        },
        "xmlProperties" : [ "name", "name_fr_fr", "name_fr_fr-run", "name-run" ],
        "pathProperties" : { },
        "stencil" : {
          "id" : "Exclusive_Databased_Gateway"
        },
        "childShapes" : [ ],
        "outgoing" : [ {
          "resourceId" : "cloudsequenceflow6"
        }, {
          "resourceId" : "cloudsequenceflow16"
        } ],
        "bounds" : {
          "lowerRight" : {
            "x" : 628,
            "y" : 122
          },
          "upperLeft" : {
            "x" : 588,
            "y" : 82
          }
        },
        "dockers" : [ ],
        "outputmappingproperties" : {
          "genericproperty" : {
            "type" : "complex",
            "placeholders" : [ ]
          }
        },
        "labels" : [ {
          "styles" : {
            "fill" : "#000000",
            "size" : "12",
            "italic" : false,
            "bold" : false
          },
          "ref" : "text_name"
        } ]
      }, {
        "resourceId" : "onemailactivity1",
        "properties" : {
          "xmlTag" : "ServiceTask",
          "stencilid" : "onemailactivity",
          "stencilsuperid" : "ServiceTask",
          "stencilsuperids" : [ "Task", "ServiceTask" ],
          "customstencil" : true,
          "genericproperty" : "",
          "oldresourceid" : "",
          "fontsize" : "",
          "fontweight" : "",
          "fontstyle" : "",
          "fontcolor" : "",
          "categories" : "",
          "isforcompensation" : false,
          "bordercolor" : "#000000",
          "callacitivity" : false,
          "guid" : "",
          "looptype" : "None",
          "loopcollection" : "",
          "loopelementvariable" : "",
          "loopelementindexvariable" : "",
          "properties" : "",
          "async" : false,
          "documentation" : "",
          "id" : "onemailactivity1",
          "mailmodel" : "edoras-bef829083d94",
          "mailrecipient" : "",
          "mailreplyto" : "",
          "mailcc" : "",
          "mailbcc" : "",
          "mailpriority" : "",
          "mailheaders" : "",
          "attachmentidexpressions" : "",
          "completioncondition" : "",
          "loopcardinality" : "",
          "bgcolor" : "#ffffcc",
          "name" : "Request Information",
          "name_fr_fr" : "Request Information",
          "name_fr_fr-run" : "",
          "name-run" : "",
          "tasktype" : "Service",
          "expression" : "#{mailActivityService.sendMail(execution)}",
          "delegateexpression" : "",
          "resultvariable" : "",
          "class" : "",
          "customstencilid" : "onemailactivity",
          "customnamespace" : "http://b3mn.org/stencilset/default.process.palette.xml#"
        },
        "xmlProperties" : [ "mailmodel", "mailrecipient", "mailreplyto", "mailcc", "mailbcc", "mailpriority", "mailheaders", "attachmentidexpressions", "name", "name_fr_fr", "name_fr_fr-run", "name-run", "tasktype", "expression" ],
        "pathProperties" : { },
        "stencil" : {
          "id" : "Task"
        },
        "childShapes" : [ ],
        "outgoing" : [ {
          "resourceId" : "sequenceFlow2"
        } ],
        "bounds" : {
          "lowerRight" : {
            "x" : 891,
            "y" : 142
          },
          "upperLeft" : {
            "x" : 791,
            "y" : 62
          }
        },
        "dockers" : [ ],
        "outputmappingproperties" : {
          "genericproperty" : {
            "type" : "complex",
            "placeholders" : [ ]
          },
          "properties" : {
            "type" : "complex",
            "placeholders" : [ ]
          },
          "mailheaders" : {
            "type" : "complex",
            "placeholders" : [ ]
          },
          "attachmentidexpressions" : {
            "type" : "complex",
            "placeholders" : [ ]
          }
        },
        "labels" : [ {
          "styles" : {
            "fill" : "#000000",
            "size" : "12",
            "italic" : false,
            "bold" : false
          },
          "ref" : "text_name"
        } ]
      }, {
        "resourceId" : "cloudformtask5",
        "properties" : {
          "xmlTag" : "FormTask",
          "stencilid" : "cloudformtask",
          "stencilsuperid" : "FormTask",
          "stencilsuperids" : [ "Task", "FormTask" ],
          "customstencil" : true,
          "oldresourceid" : "",
          "fontsize" : "",
          "fontweight" : "",
          "fontstyle" : "",
          "fontcolor" : "",
          "categories" : "",
          "isforcompensation" : false,
          "bordercolor" : "#000000",
          "looptype" : "None",
          "loopcollection" : "",
          "loopelementvariable" : "",
          "loopelementindexvariable" : "",
          "properties" : "",
          "genericproperty" : "",
          "priority" : "",
          "duedate" : "",
          "callacitivity" : false,
          "guid" : "GEAR-58afada2-1b78-44cd-91b8-3b419c82593c",
          "tasktype" : "FormTask",
          "async" : false,
          "form_entry" : "GEAR-3a0146e5-12e7-4be5-b34d-b103d07361b2",
          "formtaskentry" : "edoras-c73d58067521",
          "documentation" : "",
          "id" : "cloudformtask5",
          "owner" : "",
          "owner-run" : "",
          "assignee" : "GEAR-e74bb5a1-54a5-48b1-adac-44dd39c037a8",
          "assignee-run" : "",
          "candidategroups" : "GEAR-cc7e13fc-791d-44fc-86bf-eae9454f54a7",
          "candidategroups-run" : "",
          "candidateusers" : "",
          "candidateusers-run" : "",
          "mailmodel" : "",
          "mailrecipient" : "",
          "mailreplyto" : "",
          "mailcc" : "",
          "mailbcc" : "",
          "mailpriority" : "",
          "mailheaders" : "",
          "attachmentidexpressions" : "",
          "completioncondition" : "",
          "loopcardinality" : "",
          "bgcolor" : "#ffffcc",
          "name" : "Enter Information",
          "name_fr_fr" : "Enter Information",
          "name_fr_fr-run" : "",
          "name-run" : "",
          "actions" : "assign,share,addVariables",
          "customstencilid" : "cloudformtask",
          "customnamespace" : "http://b3mn.org/stencilset/default.process.palette.xml#"
        },
        "xmlProperties" : [ "mailmodel", "mailrecipient", "mailreplyto", "mailcc", "mailbcc", "mailpriority", "mailheaders", "attachmentidexpressions", "name", "name_fr_fr", "name_fr_fr-run", "name-run", "actions" ],
        "pathProperties" : { },
        "stencil" : {
          "id" : "Task"
        },
        "childShapes" : [ ],
        "outgoing" : [ {
          "resourceId" : "sequenceFlow1"
        } ],
        "bounds" : {
          "lowerRight" : {
            "x" : 1095,
            "y" : 142
          },
          "upperLeft" : {
            "x" : 995,
            "y" : 62
          }
        },
        "dockers" : [ ],
        "specialproperties" : {
          "form_entry" : {
            "type" : "treeview",
            "placeholder" : "formtaskentry"
          }
        },
        "outputmappingproperties" : {
          "properties" : {
            "type" : "complex",
            "placeholders" : [ ]
          },
          "genericproperty" : {
            "type" : "complex",
            "placeholders" : [ ]
          },
          "mailheaders" : {
            "type" : "complex",
            "placeholders" : [ ]
          },
          "attachmentidexpressions" : {
            "type" : "complex",
            "placeholders" : [ ]
          }
        },
        "labels" : [ {
          "styles" : {
            "fill" : "#000000",
            "size" : "12",
            "italic" : false,
            "bold" : false
          },
          "ref" : "text_name"
        } ]
      } ],
      "outgoing" : [ ],
      "bounds" : {
        "lowerRight" : {
          "x" : 1597,
          "y" : 546
        },
        "upperLeft" : {
          "x" : 30,
          "y" : 296
        }
      },
      "dockers" : [ ],
      "outputmappingproperties" : {
        "genericproperty" : {
          "type" : "complex",
          "placeholders" : [ ]
        }
      },
      "labels" : [ {
        "styles" : {
          "fill" : "#000000",
          "size" : "12",
          "italic" : false,
          "bold" : false
        },
        "ref" : "text_name"
      } ]
    }, {
      "resourceId" : "cloudlane6",
      "properties" : {
        "xmlTag" : "Lane",
        "stencilid" : "cloudlane",
        "stencilsuperid" : "Lane",
        "stencilsuperids" : [ "Lane" ],
        "customstencil" : true,
        "genericproperty" : "",
        "oldresourceid" : "",
        "fontsize" : "",
        "fontweight" : "",
        "fontstyle" : "",
        "fontcolor" : "",
        "orientation" : "horizontal",
        "parentlane" : "",
        "showcaption" : true,
        "bordercolor" : "#C0C0C0",
        "name" : "Department 3",
        "name_fr_fr" : "Department 3",
        "name_fr_fr-run" : "",
        "name-run" : "",
        "documentation" : "",
        "id" : "cloudlane6",
        "bgcolor" : "#ffffff",
        "parentpool" : "",
        "customstencilid" : "cloudlane",
        "customnamespace" : "http://b3mn.org/stencilset/default.process.palette.xml#"
      },
      "xmlProperties" : [ "orientation", "name", "name_fr_fr", "name_fr_fr-run", "name-run" ],
      "pathProperties" : { },
      "stencil" : {
        "id" : "Lane"
      },
      "childShapes" : [ {
        "resourceId" : "cloudformtask2",
        "properties" : {
          "xmlTag" : "FormTask",
          "stencilid" : "cloudformtask",
          "stencilsuperid" : "FormTask",
          "stencilsuperids" : [ "Task", "FormTask" ],
          "customstencil" : true,
          "oldresourceid" : "",
          "fontsize" : "",
          "fontweight" : "",
          "fontstyle" : "",
          "fontcolor" : "",
          "categories" : "",
          "isforcompensation" : false,
          "bordercolor" : "#000000",
          "looptype" : "None",
          "loopcollection" : "",
          "loopelementvariable" : "",
          "loopelementindexvariable" : "",
          "properties" : "",
          "genericproperty" : "",
          "priority" : "",
          "duedate" : "",
          "callacitivity" : false,
          "guid" : "GEAR-835c30b5-e20a-45f9-bf6a-c098e871bc33",
          "tasktype" : "FormTask",
          "async" : false,
          "form_entry" : "GEAR-4e60c5dd-1a28-4585-ad33-d7ed9e149788",
          "formtaskentry" : "edoras-064711e4f948",
          "documentation" : "",
          "id" : "cloudformtask2",
          "owner" : "",
          "owner-run" : "",
          "assignee" : "GEAR-752d87ac-331e-473b-950c-e4a61e696647",
          "assignee-run" : "",
          "candidategroups" : "GEAR-852b325c-ee5d-48f5-9f1d-e8243bd99490",
          "candidategroups-run" : "",
          "candidateusers" : "",
          "candidateusers-run" : "",
          "mailmodel" : "",
          "mailrecipient" : "",
          "mailreplyto" : "",
          "mailcc" : "",
          "mailbcc" : "",
          "mailpriority" : "",
          "mailheaders" : "",
          "attachmentidexpressions" : "",
          "completioncondition" : "",
          "loopcardinality" : "",
          "bgcolor" : "#ffffcc",
          "name" : "Allow Registration",
          "name_fr_fr" : "Allow Registration",
          "name_fr_fr-run" : "Allow Registration: #{root.name}",
          "name-run" : "Allow Registration: #{root.name}",
          "actions" : "assign,share,addVariables",
          "customstencilid" : "cloudformtask",
          "customnamespace" : "http://b3mn.org/stencilset/default.process.palette.xml#"
        },
        "xmlProperties" : [ "mailmodel", "mailrecipient", "mailreplyto", "mailcc", "mailbcc", "mailpriority", "mailheaders", "attachmentidexpressions", "name", "name_fr_fr", "name_fr_fr-run", "name-run", "actions" ],
        "pathProperties" : { },
        "stencil" : {
          "id" : "Task"
        },
        "childShapes" : [ ],
        "outgoing" : [ {
          "resourceId" : "cloudsequenceflow11"
        } ],
        "bounds" : {
          "lowerRight" : {
            "x" : 539,
            "y" : 127
          },
          "upperLeft" : {
            "x" : 439,
            "y" : 47
          }
        },
        "dockers" : [ ],
        "specialproperties" : {
          "form_entry" : {
            "type" : "treeview",
            "placeholder" : "formtaskentry"
          }
        },
        "outputmappingproperties" : {
          "properties" : {
            "type" : "complex",
            "placeholders" : [ ]
          },
          "genericproperty" : {
            "type" : "complex",
            "placeholders" : [ ]
          },
          "mailheaders" : {
            "type" : "complex",
            "placeholders" : [ ]
          },
          "attachmentidexpressions" : {
            "type" : "complex",
            "placeholders" : [ ]
          }
        },
        "labels" : [ {
          "styles" : {
            "fill" : "#000000",
            "size" : "12",
            "italic" : false,
            "bold" : false
          },
          "ref" : "text_name"
        } ]
      }, {
        "resourceId" : "cloudexclusivedatabasedgateway3",
        "properties" : {
          "xmlTag" : "Exclusive_Databased_Gateway",
          "stencilid" : "cloudexclusivedatabasedgateway",
          "stencilsuperid" : "Exclusive_Databased_Gateway",
          "stencilsuperids" : [ "Exclusive_Databased_Gateway" ],
          "customstencil" : true,
          "genericproperty" : "",
          "oldresourceid" : "",
          "fontsize" : "",
          "fontweight" : "",
          "fontstyle" : "",
          "fontcolor" : "",
          "categories" : "",
          "bordercolor" : "#000000",
          "name" : "",
          "name_fr_fr" : "",
          "name_fr_fr-run" : "",
          "name-run" : "",
          "documentation" : "",
          "id" : "cloudexclusivedatabasedgateway3",
          "bgcolor" : "#ffffff",
          "gatewaytype" : "",
          "xortype" : "",
          "markervisible" : true,
          "defaultgate" : "",
          "gate_outgoingsequenceflow" : "",
          "gate_assignments" : "",
          "customstencilid" : "cloudexclusivedatabasedgateway",
          "customnamespace" : "http://b3mn.org/stencilset/default.process.palette.xml#"
        },
        "xmlProperties" : [ "name", "name_fr_fr", "name_fr_fr-run", "name-run" ],
        "pathProperties" : { },
        "stencil" : {
          "id" : "Exclusive_Databased_Gateway"
        },
        "childShapes" : [ ],
        "outgoing" : [ {
          "resourceId" : "cloudsequenceflow12"
        }, {
          "resourceId" : "cloudsequenceflow18"
        } ],
        "bounds" : {
          "lowerRight" : {
            "x" : 739,
            "y" : 107
          },
          "upperLeft" : {
            "x" : 699,
            "y" : 67
          }
        },
        "dockers" : [ ],
        "outputmappingproperties" : {
          "genericproperty" : {
            "type" : "complex",
            "placeholders" : [ ]
          }
        },
        "labels" : [ {
          "styles" : {
            "fill" : "#000000",
            "size" : "12",
            "italic" : false,
            "bold" : false
          },
          "ref" : "text_name"
        } ]
      } ],
      "outgoing" : [ ],
      "bounds" : {
        "lowerRight" : {
          "x" : 1597,
          "y" : 715
        },
        "upperLeft" : {
          "x" : 30,
          "y" : 546
        }
      },
      "dockers" : [ ],
      "outputmappingproperties" : {
        "genericproperty" : {
          "type" : "complex",
          "placeholders" : [ ]
        }
      },
      "labels" : [ {
        "styles" : {
          "fill" : "#000000",
          "size" : "12",
          "italic" : false,
          "bold" : false
        },
        "ref" : "text_name"
      } ]
    } ],
    "outgoing" : [ ],
    "bounds" : {
      "lowerRight" : {
        "x" : 1625,
        "y" : 755
      },
      "upperLeft" : {
        "x" : 28,
        "y" : 40
      }
    },
    "dockers" : [ ],
    "outputmappingproperties" : {
      "genericproperty" : {
        "type" : "complex",
        "placeholders" : [ ]
      }
    },
    "labels" : [ {
      "styles" : {
        "fill" : "#000000",
        "size" : "12",
        "italic" : false,
        "bold" : false
      },
      "ref" : "text_name"
    } ]
  }, {
    "resourceId" : "cloudsequenceflow1",
    "properties" : {
      "xmlTag" : "SequenceFlow",
      "stencilid" : "cloudsequenceflow",
      "stencilsuperid" : "SequenceFlow",
      "stencilsuperids" : [ "SequenceFlow" ],
      "customstencil" : true,
      "genericproperty" : "",
      "oldresourceid" : "",
      "fontsize" : "",
      "fontweight" : "",
      "fontstyle" : "",
      "fontcolor" : "",
      "bordercolor" : "#000000",
      "conditiontype" : "None",
      "conditionexpression" : "",
      "isimmediate" : false,
      "showdiamondmarker" : false,
      "name" : "",
      "name_fr_fr" : "",
      "name_fr_fr-run" : "",
      "name-run" : "",
      "documentation" : "",
      "id" : "cloudsequenceflow1",
      "bgcolor" : "#ffffff",
      "customstencilid" : "cloudsequenceflow",
      "customnamespace" : "http://b3mn.org/stencilset/default.process.palette.xml#"
    },
    "xmlProperties" : [ "name", "name_fr_fr", "name_fr_fr-run", "name-run" ],
    "pathProperties" : { },
    "stencil" : {
      "id" : "SequenceFlow"
    },
    "childShapes" : [ ],
    "outgoing" : [ {
      "resourceId" : "onemailactivity3"
    } ],
    "bounds" : {
      "lowerRight" : {
        "x" : 181.7265625,
        "y" : 115
      },
      "upperLeft" : {
        "x" : 128.875,
        "y" : 115
      }
    },
    "dockers" : [ {
      "x" : 15,
      "y" : 15
    }, {
      "x" : 50,
      "y" : 40
    } ],
    "outputmappingproperties" : {
      "genericproperty" : {
        "type" : "complex",
        "placeholders" : [ ]
      }
    },
    "labels" : [ {
      "styles" : {
        "fill" : "#000000",
        "size" : "12",
        "italic" : false,
        "bold" : false
      },
      "ref" : "text_name"
    } ],
    "target" : {
      "resourceId" : "onemailactivity3"
    }
  }, {
    "resourceId" : "cloudsequenceflow19",
    "properties" : {
      "xmlTag" : "SequenceFlow",
      "stencilid" : "cloudsequenceflow",
      "stencilsuperid" : "SequenceFlow",
      "stencilsuperids" : [ "SequenceFlow" ],
      "customstencil" : true,
      "genericproperty" : "",
      "oldresourceid" : "",
      "fontsize" : "",
      "fontweight" : "",
      "fontstyle" : "",
      "fontcolor" : "",
      "bordercolor" : "#000000",
      "conditiontype" : "None",
      "conditionexpression" : "",
      "isimmediate" : false,
      "showdiamondmarker" : false,
      "name" : "",
      "name_fr_fr" : "",
      "name_fr_fr-run" : "",
      "name-run" : "",
      "documentation" : "",
      "id" : "cloudsequenceflow19",
      "bgcolor" : "#ffffff",
      "customstencilid" : "cloudsequenceflow",
      "customnamespace" : "http://b3mn.org/stencilset/default.process.palette.xml#"
    },
    "xmlProperties" : [ "name", "name_fr_fr", "name_fr_fr-run", "name-run" ],
    "pathProperties" : { },
    "stencil" : {
      "id" : "SequenceFlow"
    },
    "childShapes" : [ ],
    "outgoing" : [ {
      "resourceId" : "onemailactivity2"
    } ],
    "bounds" : {
      "lowerRight" : {
        "x" : 949.4589868999242,
        "y" : 119.45478406466275
      },
      "upperLeft" : {
        "x" : 797.6210912250758,
        "y" : 119.11357531033725
      }
    },
    "dockers" : [ {
      "x" : 20.5,
      "y" : 20.5
    }, {
      "x" : 50,
      "y" : 40
    } ],
    "outputmappingproperties" : {
      "genericproperty" : {
        "type" : "complex",
        "placeholders" : [ ]
      }
    },
    "labels" : [ {
      "styles" : {
        "fill" : "#000000",
        "size" : "12",
        "italic" : false,
        "bold" : false
      },
      "ref" : "text_name"
    } ],
    "target" : {
      "resourceId" : "onemailactivity2"
    }
  }, {
    "resourceId" : "cloudsequenceflow20",
    "properties" : {
      "xmlTag" : "SequenceFlow",
      "stencilid" : "cloudsequenceflow",
      "stencilsuperid" : "SequenceFlow",
      "stencilsuperids" : [ "SequenceFlow" ],
      "customstencil" : true,
      "genericproperty" : "",
      "oldresourceid" : "",
      "fontsize" : "",
      "fontweight" : "",
      "fontstyle" : "",
      "fontcolor" : "",
      "bordercolor" : "#000000",
      "conditiontype" : "None",
      "conditionexpression" : "",
      "isimmediate" : false,
      "showdiamondmarker" : false,
      "name" : "",
      "name_fr_fr" : "",
      "name_fr_fr-run" : "",
      "name-run" : "",
      "documentation" : "",
      "id" : "cloudsequenceflow20",
      "bgcolor" : "#ffffff",
      "customstencilid" : "cloudsequenceflow",
      "customnamespace" : "http://b3mn.org/stencilset/default.process.palette.xml#"
    },
    "xmlProperties" : [ "name", "name_fr_fr", "name_fr_fr-run", "name-run" ],
    "pathProperties" : { },
    "stencil" : {
      "id" : "SequenceFlow"
    },
    "childShapes" : [ ],
    "outgoing" : [ {
      "resourceId" : "cloudservicetask1"
    } ],
    "bounds" : {
      "lowerRight" : {
        "x" : 1227.046875,
        "y" : 119
      },
      "upperLeft" : {
        "x" : 1050.953125,
        "y" : 119
      }
    },
    "dockers" : [ {
      "x" : 50,
      "y" : 40
    }, {
      "x" : 50,
      "y" : 40
    } ],
    "outputmappingproperties" : {
      "genericproperty" : {
        "type" : "complex",
        "placeholders" : [ ]
      }
    },
    "labels" : [ {
      "styles" : {
        "fill" : "#000000",
        "size" : "12",
        "italic" : false,
        "bold" : false
      },
      "ref" : "text_name"
    } ],
    "target" : {
      "resourceId" : "cloudservicetask1"
    }
  }, {
    "resourceId" : "cloudsequenceflow21",
    "properties" : {
      "xmlTag" : "SequenceFlow",
      "stencilid" : "cloudsequenceflow",
      "stencilsuperid" : "SequenceFlow",
      "stencilsuperids" : [ "SequenceFlow" ],
      "customstencil" : true,
      "genericproperty" : "",
      "oldresourceid" : "",
      "fontsize" : "",
      "fontweight" : "",
      "fontstyle" : "",
      "fontcolor" : "",
      "bordercolor" : "#000000",
      "conditiontype" : "None",
      "conditionexpression" : "",
      "isimmediate" : false,
      "showdiamondmarker" : false,
      "name" : "",
      "name_fr_fr" : "",
      "name_fr_fr-run" : "",
      "name-run" : "",
      "documentation" : "",
      "id" : "cloudsequenceflow21",
      "bgcolor" : "#ffffff",
      "customstencilid" : "cloudsequenceflow",
      "customnamespace" : "http://b3mn.org/stencilset/default.process.palette.xml#"
    },
    "xmlProperties" : [ "name", "name_fr_fr", "name_fr_fr-run", "name-run" ],
    "pathProperties" : { },
    "stencil" : {
      "id" : "SequenceFlow"
    },
    "childShapes" : [ ],
    "outgoing" : [ {
      "resourceId" : "cloudendnoneevent1"
    } ],
    "bounds" : {
      "lowerRight" : {
        "x" : 1492.58203125,
        "y" : 119
      },
      "upperLeft" : {
        "x" : 1328.19921875,
        "y" : 119
      }
    },
    "dockers" : [ {
      "x" : 50,
      "y" : 40
    }, {
      "x" : 14,
      "y" : 14
    } ],
    "outputmappingproperties" : {
      "genericproperty" : {
        "type" : "complex",
        "placeholders" : [ ]
      }
    },
    "labels" : [ {
      "styles" : {
        "fill" : "#000000",
        "size" : "12",
        "italic" : false,
        "bold" : false
      },
      "ref" : "text_name"
    } ],
    "target" : {
      "resourceId" : "cloudendnoneevent1"
    }
  }, {
    "resourceId" : "cloudsequenceflow22",
    "properties" : {
      "xmlTag" : "SequenceFlow",
      "stencilid" : "cloudsequenceflow",
      "stencilsuperid" : "SequenceFlow",
      "stencilsuperids" : [ "SequenceFlow" ],
      "customstencil" : true,
      "genericproperty" : "",
      "oldresourceid" : "",
      "fontsize" : "",
      "fontweight" : "",
      "fontstyle" : "",
      "fontcolor" : "",
      "bordercolor" : "#000000",
      "conditiontype" : "None",
      "conditionexpression" : "",
      "isimmediate" : false,
      "showdiamondmarker" : false,
      "name" : "",
      "name_fr_fr" : "",
      "name_fr_fr-run" : "",
      "name-run" : "",
      "documentation" : "",
      "id" : "cloudsequenceflow22",
      "bgcolor" : "#ffffff",
      "customstencilid" : "cloudsequenceflow",
      "customnamespace" : "http://b3mn.org/stencilset/default.process.palette.xml#"
    },
    "xmlProperties" : [ "name", "name_fr_fr", "name_fr_fr-run", "name-run" ],
    "pathProperties" : { },
    "stencil" : {
      "id" : "SequenceFlow"
    },
    "childShapes" : [ ],
    "outgoing" : [ {
      "resourceId" : "cloudparallelgateway1"
    } ],
    "bounds" : {
      "lowerRight" : {
        "x" : 349.4057677647619,
        "y" : 118.42206380356777
      },
      "upperLeft" : {
        "x" : 282.62890625,
        "y" : 115
      }
    },
    "dockers" : [ {
      "x" : 50,
      "y" : 40
    }, {
      "x" : 314.5,
      "y" : 115
    }, {
      "x" : 314.5,
      "y" : 118.42206380356777
    }, {
      "x" : 8.535163159727858,
      "y" : 23.422063803567767
    } ],
    "outputmappingproperties" : {
      "genericproperty" : {
        "type" : "complex",
        "placeholders" : [ ]
      }
    },
    "labels" : [ {
      "styles" : {
        "fill" : "#000000",
        "size" : "12",
        "italic" : false,
        "bold" : false
      },
      "ref" : "text_name"
    } ],
    "target" : {
      "resourceId" : "cloudparallelgateway1"
    }
  }, {
    "resourceId" : "sequenceFlow2",
    "properties" : {
      "type" : "http://b3mn.org/stencilset/bpmn2.0#cloudsequenceflow",
      "xmlTag" : "SequenceFlow",
      "documentation_fr_fr" : "",
      "stencilid" : "cloudsequenceflow",
      "stencilsuperid" : "SequenceFlow",
      "stencilsuperids" : [ "SequenceFlow" ],
      "customstencil" : true,
      "genericproperty" : "",
      "oldresourceid" : "",
      "fontsize" : "",
      "fontweight" : "",
      "fontstyle" : "",
      "fontcolor" : "",
      "bordercolor" : "#000000",
      "conditiontype" : "None",
      "conditionexpression" : "",
      "isimmediate" : false,
      "showdiamondmarker" : false,
      "name" : "",
      "name_fr_fr" : "",
      "name_fr_fr-run" : "",
      "name-run" : "",
      "documentation" : "",
      "id" : "sequenceFlow2",
      "bgcolor" : "#ffffff",
      "customstencilid" : "cloudsequenceflow",
      "customnamespace" : "http://b3mn.org/stencilset/default.process.palette.xml#"
    },
    "xmlProperties" : [ "name", "name_fr_fr", "name_fr_fr-run", "name-run" ],
    "pathProperties" : { },
    "stencil" : {
      "id" : "SequenceFlow"
    },
    "childShapes" : [ ],
    "outgoing" : [ {
      "resourceId" : "cloudformtask5"
    } ],
    "bounds" : {
      "lowerRight" : {
        "x" : 1052.59375,
        "y" : 438
      },
      "upperLeft" : {
        "x" : 949.40625,
        "y" : 438
      }
    },
    "dockers" : [ {
      "x" : 50,
      "y" : 40
    }, {
      "x" : 50,
      "y" : 40
    } ],
    "outputmappingproperties" : {
      "genericproperty" : {
        "type" : "complex",
        "placeholders" : [ ]
      }
    },
    "labels" : [ {
      "styles" : {
        "fill" : "#000000",
        "size" : "12",
        "italic" : false,
        "bold" : false
      },
      "ref" : "text_name"
    } ],
    "target" : {
      "resourceId" : "cloudformtask5"
    }
  }, {
    "resourceId" : "cloudsequenceflow16",
    "properties" : {
      "xmlTag" : "SequenceFlow",
      "stencilid" : "cloudsequenceflow",
      "stencilsuperid" : "SequenceFlow",
      "stencilsuperids" : [ "SequenceFlow" ],
      "customstencil" : true,
      "genericproperty" : "",
      "oldresourceid" : "",
      "fontsize" : "",
      "fontweight" : "",
      "fontstyle" : "",
      "fontcolor" : "",
      "bordercolor" : "#000000",
      "conditiontype" : "Default",
      "conditionexpression" : "",
      "isimmediate" : false,
      "showdiamondmarker" : false,
      "name" : "",
      "name_fr_fr" : "",
      "name_fr_fr-run" : "",
      "name-run" : "",
      "documentation" : "",
      "id" : "cloudsequenceflow16",
      "bgcolor" : "#ffffff",
      "customstencilid" : "cloudsequenceflow",
      "customnamespace" : "http://b3mn.org/stencilset/default.process.palette.xml#"
    },
    "xmlProperties" : [ "name", "name_fr_fr", "name_fr_fr-run", "name-run" ],
    "pathProperties" : { },
    "stencil" : {
      "id" : "SequenceFlow"
    },
    "childShapes" : [ ],
    "outgoing" : [ {
      "resourceId" : "cloudinclusivegateway1"
    } ],
    "bounds" : {
      "lowerRight" : {
        "x" : 757.0078125,
        "y" : 417.53125
      },
      "upperLeft" : {
        "x" : 666.5,
        "y" : 119
      }
    },
    "dockers" : [ {
      "x" : 20.5,
      "y" : 20.5
    }, {
      "x" : 666.5,
      "y" : 119
    }, {
      "x" : 20,
      "y" : 20
    } ],
    "outputmappingproperties" : {
      "genericproperty" : {
        "type" : "complex",
        "placeholders" : [ ]
      }
    },
    "labels" : [ {
      "styles" : {
        "fill" : "#000000",
        "size" : "12",
        "italic" : false,
        "bold" : false
      },
      "ref" : "text_name"
    } ],
    "target" : {
      "resourceId" : "cloudinclusivegateway1"
    }
  }, {
    "resourceId" : "cloudsequenceflow6",
    "properties" : {
      "xmlTag" : "SequenceFlow",
      "stencilid" : "cloudsequenceflow",
      "stencilsuperid" : "SequenceFlow",
      "stencilsuperids" : [ "SequenceFlow" ],
      "customstencil" : true,
      "genericproperty" : "",
      "oldresourceid" : "",
      "fontsize" : "",
      "fontweight" : "",
      "fontstyle" : "",
      "fontcolor" : "",
      "bordercolor" : "#000000",
      "conditiontype" : "None",
      "conditionexpression" : "#{'extra'== root.link}",
      "isimmediate" : false,
      "showdiamondmarker" : false,
      "name" : "Extra info\nneeded",
      "name_fr_fr" : "Extra info\nneeded",
      "name_fr_fr-run" : "",
      "name-run" : "",
      "documentation" : "",
      "id" : "cloudsequenceflow6",
      "bgcolor" : "#ffffff",
      "customstencilid" : "cloudsequenceflow",
      "customnamespace" : "http://b3mn.org/stencilset/default.process.palette.xml#"
    },
    "xmlProperties" : [ "name", "name_fr_fr", "name_fr_fr-run", "name-run" ],
    "pathProperties" : { },
    "stencil" : {
      "id" : "SequenceFlow"
    },
    "childShapes" : [ ],
    "outgoing" : [ {
      "resourceId" : "onemailactivity1"
    } ],
    "bounds" : {
      "lowerRight" : {
        "x" : 848.957033562398,
        "y" : 438.4568338423385
      },
      "upperLeft" : {
        "x" : 686.572263312602,
        "y" : 438.1076192826615
      }
    },
    "dockers" : [ {
      "x" : 20.5,
      "y" : 20.5
    }, {
      "x" : 50,
      "y" : 40
    } ],
    "outputmappingproperties" : {
      "genericproperty" : {
        "type" : "complex",
        "placeholders" : [ ]
      }
    },
    "labels" : [ {
      "styles" : {
        "fill" : "#000000",
        "size" : "12",
        "italic" : false,
        "bold" : false
      },
      "ref" : "text_name"
    } ],
    "target" : {
      "resourceId" : "onemailactivity1"
    }
  }, {
    "resourceId" : "cloudsequenceflow12",
    "properties" : {
      "xmlTag" : "SequenceFlow",
      "stencilid" : "cloudsequenceflow",
      "stencilsuperid" : "SequenceFlow",
      "stencilsuperids" : [ "SequenceFlow" ],
      "customstencil" : true,
      "genericproperty" : "",
      "oldresourceid" : "",
      "fontsize" : "",
      "fontweight" : "",
      "fontstyle" : "",
      "fontcolor" : "",
      "bordercolor" : "#000000",
      "conditiontype" : "None",
      "conditionexpression" : "#{root.approval == 'rejected'}",
      "isimmediate" : false,
      "showdiamondmarker" : false,
      "name" : "",
      "name_fr_fr" : "",
      "name_fr_fr-run" : "",
      "name-run" : "",
      "documentation" : "",
      "id" : "cloudsequenceflow12",
      "bgcolor" : "#ffffff",
      "customstencilid" : "cloudsequenceflow",
      "customnamespace" : "http://b3mn.org/stencilset/default.process.palette.xml#"
    },
    "xmlProperties" : [ "name", "name_fr_fr", "name_fr_fr-run", "name-run" ],
    "pathProperties" : { },
    "stencil" : {
      "id" : "SequenceFlow"
    },
    "childShapes" : [ ],
    "outgoing" : [ {
      "resourceId" : "cloudformtask6"
    } ],
    "bounds" : {
      "lowerRight" : {
        "x" : 1278,
        "y" : 673.5
      },
      "upperLeft" : {
        "x" : 797.0732421875,
        "y" : 289.796875
      }
    },
    "dockers" : [ {
      "x" : 20.5,
      "y" : 20.5
    }, {
      "x" : 1278,
      "y" : 673.5
    }, {
      "x" : 50,
      "y" : 40
    } ],
    "outputmappingproperties" : {
      "genericproperty" : {
        "type" : "complex",
        "placeholders" : [ ]
      }
    },
    "labels" : [ {
      "styles" : {
        "fill" : "#000000",
        "size" : "12",
        "italic" : false,
        "bold" : false
      },
      "ref" : "text_name"
    } ],
    "target" : {
      "resourceId" : "cloudformtask6"
    }
  }, {
    "resourceId" : "cloudsequenceflow24",
    "properties" : {
      "xmlTag" : "SequenceFlow",
      "stencilid" : "cloudsequenceflow",
      "stencilsuperid" : "SequenceFlow",
      "stencilsuperids" : [ "SequenceFlow" ],
      "customstencil" : true,
      "genericproperty" : "",
      "oldresourceid" : "",
      "fontsize" : "",
      "fontweight" : "",
      "fontstyle" : "",
      "fontcolor" : "",
      "bordercolor" : "#000000",
      "conditiontype" : "None",
      "conditionexpression" : "",
      "isimmediate" : false,
      "showdiamondmarker" : false,
      "name" : "",
      "name_fr_fr" : "",
      "name_fr_fr-run" : "",
      "name-run" : "",
      "documentation" : "",
      "id" : "cloudsequenceflow24",
      "bgcolor" : "#ffffff",
      "customstencilid" : "cloudsequenceflow",
      "customnamespace" : "http://b3mn.org/stencilset/default.process.palette.xml#"
    },
    "xmlProperties" : [ "name", "name_fr_fr", "name_fr_fr-run", "name-run" ],
    "pathProperties" : { },
    "stencil" : {
      "id" : "SequenceFlow"
    },
    "childShapes" : [ ],
    "outgoing" : [ {
      "resourceId" : "cloudendnoneevent2"
    } ],
    "bounds" : {
      "lowerRight" : {
        "x" : 1502.9296875,
        "y" : 249
      },
      "upperLeft" : {
        "x" : 1328.48046875,
        "y" : 249
      }
    },
    "dockers" : [ {
      "x" : 50,
      "y" : 40
    }, {
      "x" : 14,
      "y" : 14
    } ],
    "outputmappingproperties" : {
      "genericproperty" : {
        "type" : "complex",
        "placeholders" : [ ]
      }
    },
    "labels" : [ {
      "styles" : {
        "fill" : "#000000",
        "size" : "12",
        "italic" : false,
        "bold" : false
      },
      "ref" : "text_name"
    } ],
    "target" : {
      "resourceId" : "cloudendnoneevent2"
    }
  }, {
    "resourceId" : "sequenceFlow1",
    "properties" : {
      "type" : "http://b3mn.org/stencilset/bpmn2.0#cloudsequenceflow",
      "xmlTag" : "SequenceFlow",
      "documentation_fr_fr" : "",
      "stencilid" : "cloudsequenceflow",
      "stencilsuperid" : "SequenceFlow",
      "stencilsuperids" : [ "SequenceFlow" ],
      "customstencil" : true,
      "genericproperty" : "",
      "oldresourceid" : "",
      "fontsize" : "",
      "fontweight" : "",
      "fontstyle" : "",
      "fontcolor" : "",
      "bordercolor" : "#000000",
      "conditiontype" : "None",
      "conditionexpression" : "",
      "isimmediate" : false,
      "showdiamondmarker" : false,
      "name" : "",
      "name_fr_fr" : "",
      "name_fr_fr-run" : "",
      "name-run" : "",
      "documentation" : "",
      "id" : "sequenceFlow1",
      "bgcolor" : "#ffffff",
      "customstencilid" : "cloudsequenceflow",
      "customnamespace" : "http://b3mn.org/stencilset/default.process.palette.xml#"
    },
    "xmlProperties" : [ "name", "name_fr_fr", "name_fr_fr-run", "name-run" ],
    "pathProperties" : { },
    "stencil" : {
      "id" : "SequenceFlow"
    },
    "childShapes" : [ ],
    "outgoing" : [ {
      "resourceId" : "cloudformtask1"
    } ],
    "bounds" : {
      "lowerRight" : {
        "x" : 1103,
        "y" : 538
      },
      "upperLeft" : {
        "x" : 536,
        "y" : 478.0625
      }
    },
    "dockers" : [ {
      "x" : 50,
      "y" : 40
    }, {
      "x" : 1103,
      "y" : 538
    }, {
      "x" : 536,
      "y" : 538
    }, {
      "x" : 50,
      "y" : 40
    } ],
    "outputmappingproperties" : {
      "genericproperty" : {
        "type" : "complex",
        "placeholders" : [ ]
      }
    },
    "labels" : [ {
      "styles" : {
        "fill" : "#000000",
        "size" : "12",
        "italic" : false,
        "bold" : false
      },
      "ref" : "text_name"
    } ],
    "target" : {
      "resourceId" : "cloudformtask1"
    }
  }, {
    "resourceId" : "cloudsequenceflow18",
    "properties" : {
      "xmlTag" : "SequenceFlow",
      "stencilid" : "cloudsequenceflow",
      "stencilsuperid" : "SequenceFlow",
      "stencilsuperids" : [ "SequenceFlow" ],
      "customstencil" : true,
      "genericproperty" : "",
      "oldresourceid" : "",
      "fontsize" : "",
      "fontweight" : "",
      "fontstyle" : "",
      "fontcolor" : "",
      "bordercolor" : "#000000",
      "conditiontype" : "Default",
      "conditionexpression" : "",
      "isimmediate" : false,
      "showdiamondmarker" : false,
      "name" : "",
      "name_fr_fr" : "",
      "name_fr_fr-run" : "",
      "name-run" : "",
      "documentation" : "",
      "id" : "cloudsequenceflow18",
      "bgcolor" : "#ffffff",
      "customstencilid" : "cloudsequenceflow",
      "customnamespace" : "http://b3mn.org/stencilset/default.process.palette.xml#"
    },
    "xmlProperties" : [ "name", "name_fr_fr", "name_fr_fr-run", "name-run" ],
    "pathProperties" : { },
    "stencil" : {
      "id" : "SequenceFlow"
    },
    "childShapes" : [ ],
    "outgoing" : [ {
      "resourceId" : "cloudinclusivegateway1"
    } ],
    "bounds" : {
      "lowerRight" : {
        "x" : 777.4815201621115,
        "y" : 653.0058597815431
      },
      "upperLeft" : {
        "x" : 777.0184798378885,
        "y" : 139.49414021845686
      }
    },
    "dockers" : [ {
      "x" : 20.5,
      "y" : 20.5
    }, {
      "x" : 20,
      "y" : 20
    } ],
    "outputmappingproperties" : {
      "genericproperty" : {
        "type" : "complex",
        "placeholders" : [ ]
      }
    },
    "labels" : [ {
      "styles" : {
        "fill" : "#000000",
        "size" : "12",
        "italic" : false,
        "bold" : false
      },
      "ref" : "text_name"
    } ],
    "target" : {
      "resourceId" : "cloudinclusivegateway1"
    }
  }, {
    "resourceId" : "cloudsequenceflow28",
    "properties" : {
      "stencilid" : "cloudsequenceflow",
      "stencilsuperid" : "SequenceFlow",
      "stencilsuperids" : [ "SequenceFlow" ],
      "customstencil" : true,
      "genericproperty" : "",
      "oldresourceid" : "",
      "fontsize" : "",
      "fontweight" : "",
      "fontstyle" : "",
      "fontcolor" : "",
      "bordercolor" : "#000000",
      "conditiontype" : "None",
      "conditionexpression" : "",
      "isimmediate" : false,
      "showdiamondmarker" : false,
      "name" : "",
      "name_fr_fr" : "",
      "name_fr_fr-run" : "",
      "name-run" : "",
      "documentation" : "",
      "id" : "cloudsequenceflow28",
      "bgcolor" : "#ffffff",
      "customstencilid" : "cloudsequenceflow",
      "customnamespace" : "http://b3mn.org/stencilset/default.process.palette.xml#",
      "xmlTag" : "SequenceFlow"
    },
    "xmlProperties" : [ "name", "name_fr_fr", "name_fr_fr-run", "name-run" ],
    "pathProperties" : { },
    "stencil" : {
      "id" : "SequenceFlow"
    },
    "childShapes" : [ ],
    "outgoing" : [ {
      "resourceId" : "cloudformtask1"
    } ],
    "bounds" : {
      "lowerRight" : {
        "x" : 485.3515625,
        "y" : 438
      },
      "upperLeft" : {
        "x" : 433.09810696420857,
        "y" : 270.81249711077436
      }
    },
    "dockers" : [ {
      "x" : 50,
      "y" : 40
    }, {
      "x" : 433.5,
      "y" : 438
    }, {
      "x" : 50,
      "y" : 40
    } ],
    "outputmappingproperties" : {
      "genericproperty" : {
        "type" : "complex",
        "placeholders" : [ ]
      }
    },
    "labels" : [ {
      "styles" : {
        "fill" : "#000000",
        "size" : "12",
        "italic" : false,
        "bold" : false
      },
      "ref" : "text_name"
    } ],
    "target" : {
      "resourceId" : "cloudformtask1"
    }
  } ],
  "bounds" : {
    "lowerRight" : {
      "x" : 1725,
      "y" : 1050
    },
    "upperLeft" : {
      "x" : 0,
      "y" : 0
    }
  },
  "outputmappingproperties" : {
    "genericproperty" : {
      "type" : "complex",
      "placeholders" : [ ]
    },
    "namespaces" : {
      "type" : "complex",
      "placeholders" : [ ]
    }
  },
  "stencilset" : {
    "url" : "/acme/vis/editor/stencilsets//bpmn2.0/bpmn2.0.json",
    "namespace" : "http://b3mn.org/stencilset/bpmn2.0#"
  },
  "ssextensions" : [ "http://b3mn.org/stencilset/default.process.palette.xml#", "http://b3mn.org/stencilset/bpmn2.process.palette.xml#" ]
}