{
  "_entityClassifier" : "WRK",
  "id" : "WRK(GEAR-f636140a-4a59-4e5d-b823-7171150d31cf)",
  "globalId" : "APP_MODEL-1fd3e6a3-d9d0-49cd-a6c6-5d6333e066b7",
  "externalId" : "WRK(c2362a3a-4347-4eb1-8e9e-8a5db9fc1b03)",
  "providerId" : "com.edorasware.cloud.core.provider.model.AppModelProvider",
  "tenantId" : "48b5f668-46b3-428c-850b-f4e1a62cccc3",
  "name" : "Dashboard APP",
  "creationTime" : "2016-09-12T11:46:52.166Z",
  "updateTime" : "2016-09-13T11:15:11.015Z",
  "type" : "APP_MODEL",
  "modificationVersion" : 88,
  "modificationCreatorId" : "GEAR-16720586-e205-40d1-a4b6-f25d5df185a4",
  "modificationUpdaterId" : "GEAR-16720586-e205-40d1-a4b6-f25d5df185a4",
  "definitionId" : "GEAR-48ef952c-9d4f-4f67-af3f-e852773cca32",
  "state" : "ACTIVE",
  "subState" : "ACTIVE",
  "variables" : [ {
    "name" : "_appVersionId",
    "type" : "java.lang.String",
    "value" : "3e7aca91-2b9e-44df-90fc-a79d895021f5"
  }, {
    "name" : "_appVersionTimestamp",
    "type" : "java.util.Date",
    "value" : "2016-09-13T11:15:11.012Z"
  }, {
    "name" : "_appliedPatches",
    "type" : "java.lang.String",
    "value" : "1.5.0.S79-add-forms-variables,1.5.0.S91-app-global-id"
  }, {
    "name" : "_comment",
    "type" : "java.lang.String",
    "value" : "[{\"author\":\"Administrator\",\"authorId\":\"GEAR-16720586-e205-40d1-a4b6-f25d5df185a4\",\"date\":\"2016-09-12T11:46:52.176Z\",\"text\":\"Created\",\"deletable\":false,\"replies\":[]},{\"author\":\"Administrator\",\"authorId\":\"GEAR-16720586-e205-40d1-a4b6-f25d5df185a4\",\"date\":\"2016-09-12T12:00:37.507Z\",\"text\":\"Model edited\",\"deletable\":false,\"replies\":[]},{\"author\":\"Administrator\",\"authorId\":\"GEAR-16720586-e205-40d1-a4b6-f25d5df185a4\",\"date\":\"2016-09-12T12:00:37.576Z\",\"text\":\"Deployed\",\"deletable\":false,\"replies\":[]},{\"author\":\"Administrator\",\"authorId\":\"GEAR-16720586-e205-40d1-a4b6-f25d5df185a4\",\"date\":\"2016-09-12T12:01:25.025Z\",\"text\":\"Edited: <br><table><tr><th>Name</th><th>Old value</th><th>New value</th></tr><tr><td>owner</td><td></td><td>{id=GEAR-16720586-e205-40d1-a4b6-f25d5df185a4, title=Administrator, value=GEAR-1...</td></tr><tr><td>assignee</td><td></td><td>{id=GEAR-16720586-e205-40d1-a4b6-f25d5df185a4, title=Administrator, value=GEAR-1...</td></tr></table><br>\",\"deletable\":false,\"replies\":[]},{\"author\":\"Administrator\",\"authorId\":\"GEAR-16720586-e205-40d1-a4b6-f25d5df185a4\",\"date\":\"2016-09-12T12:01:27.475Z\",\"text\":\"Model edited\",\"deletable\":false,\"replies\":[]},{\"author\":\"Administrator\",\"authorId\":\"GEAR-16720586-e205-40d1-a4b6-f25d5df185a4\",\"date\":\"2016-09-12T12:01:27.507Z\",\"text\":\"Deployed\",\"deletable\":false,\"replies\":[]},{\"author\":\"Administrator\",\"authorId\":\"GEAR-16720586-e205-40d1-a4b6-f25d5df185a4\",\"date\":\"2016-09-12T12:08:09.677Z\",\"text\":\"Model edited\",\"deletable\":false,\"replies\":[]},{\"author\":\"Administrator\",\"authorId\":\"GEAR-16720586-e205-40d1-a4b6-f25d5df185a4\",\"date\":\"2016-09-12T12:08:09.711Z\",\"text\":\"Deployed\",\"deletable\":false,\"replies\":[]},{\"author\":\"Administrator\",\"authorId\":\"GEAR-16720586-e205-40d1-a4b6-f25d5df185a4\",\"date\":\"2016-09-12T12:14:21.221Z\",\"text\":\"Model edited\",\"deletable\":false,\"replies\":[]},{\"author\":\"Administrator\",\"authorId\":\"GEAR-16720586-e205-40d1-a4b6-f25d5df185a4\",\"date\":\"2016-09-12T12:14:21.253Z\",\"text\":\"Deployed\",\"deletable\":false,\"replies\":[]},{\"author\":\"Administrator\",\"authorId\":\"GEAR-16720586-e205-40d1-a4b6-f25d5df185a4\",\"date\":\"2016-09-12T12:15:40.919Z\",\"text\":\"Model edited\",\"deletable\":false,\"replies\":[]},{\"author\":\"Administrator\",\"authorId\":\"GEAR-16720586-e205-40d1-a4b6-f25d5df185a4\",\"date\":\"2016-09-12T12:15:40.955Z\",\"text\":\"Deployed\",\"deletable\":false,\"replies\":[]},{\"author\":\"Administrator\",\"authorId\":\"GEAR-16720586-e205-40d1-a4b6-f25d5df185a4\",\"date\":\"2016-09-12T12:16:32.040Z\",\"text\":\"Model edited\",\"deletable\":false,\"replies\":[]},{\"author\":\"Administrator\",\"authorId\":\"GEAR-16720586-e205-40d1-a4b6-f25d5df185a4\",\"date\":\"2016-09-12T12:16:32.082Z\",\"text\":\"Deployed\",\"deletable\":false,\"replies\":[]},{\"author\":\"Administrator\",\"authorId\":\"GEAR-16720586-e205-40d1-a4b6-f25d5df185a4\",\"date\":\"2016-09-12T12:18:15.036Z\",\"text\":\"Model edited\",\"deletable\":false,\"replies\":[]},{\"author\":\"Administrator\",\"authorId\":\"GEAR-16720586-e205-40d1-a4b6-f25d5df185a4\",\"date\":\"2016-09-12T12:18:15.068Z\",\"text\":\"Deployed\",\"deletable\":false,\"replies\":[]},{\"author\":\"Administrator\",\"authorId\":\"GEAR-16720586-e205-40d1-a4b6-f25d5df185a4\",\"date\":\"2016-09-12T12:20:42.840Z\",\"text\":\"Model edited\",\"deletable\":false,\"replies\":[]},{\"author\":\"Administrator\",\"authorId\":\"GEAR-16720586-e205-40d1-a4b6-f25d5df185a4\",\"date\":\"2016-09-12T12:20:42.878Z\",\"text\":\"Deployed\",\"deletable\":false,\"replies\":[]},{\"author\":\"Administrator\",\"authorId\":\"GEAR-16720586-e205-40d1-a4b6-f25d5df185a4\",\"date\":\"2016-09-12T12:22:03.798Z\",\"text\":\"Model edited\",\"deletable\":false,\"replies\":[]},{\"author\":\"Administrator\",\"authorId\":\"GEAR-16720586-e205-40d1-a4b6-f25d5df185a4\",\"date\":\"2016-09-12T12:22:03.842Z\",\"text\":\"Deployed\",\"deletable\":false,\"replies\":[]},{\"author\":\"Administrator\",\"authorId\":\"GEAR-16720586-e205-40d1-a4b6-f25d5df185a4\",\"date\":\"2016-09-12T12:24:14.359Z\",\"text\":\"Model edited\",\"deletable\":false,\"replies\":[]},{\"author\":\"Administrator\",\"authorId\":\"GEAR-16720586-e205-40d1-a4b6-f25d5df185a4\",\"date\":\"2016-09-12T12:24:14.404Z\",\"text\":\"Deployed\",\"deletable\":false,\"replies\":[]},{\"author\":\"Administrator\",\"authorId\":\"GEAR-16720586-e205-40d1-a4b6-f25d5df185a4\",\"date\":\"2016-09-12T12:25:17.084Z\",\"text\":\"Model edited\",\"deletable\":false,\"replies\":[]},{\"author\":\"Administrator\",\"authorId\":\"GEAR-16720586-e205-40d1-a4b6-f25d5df185a4\",\"date\":\"2016-09-12T12:25:17.132Z\",\"text\":\"Deployed\",\"deletable\":false,\"replies\":[]},{\"author\":\"Administrator\",\"authorId\":\"GEAR-16720586-e205-40d1-a4b6-f25d5df185a4\",\"date\":\"2016-09-12T12:25:19.898Z\",\"text\":\"Model edited\",\"deletable\":false,\"replies\":[]},{\"author\":\"Administrator\",\"authorId\":\"GEAR-16720586-e205-40d1-a4b6-f25d5df185a4\",\"date\":\"2016-09-12T12:25:19.948Z\",\"text\":\"Deployed\",\"deletable\":false,\"replies\":[]},{\"author\":\"Administrator\",\"authorId\":\"GEAR-16720586-e205-40d1-a4b6-f25d5df185a4\",\"date\":\"2016-09-12T12:26:20.139Z\",\"text\":\"Model edited\",\"deletable\":false,\"replies\":[]},{\"author\":\"Administrator\",\"authorId\":\"GEAR-16720586-e205-40d1-a4b6-f25d5df185a4\",\"date\":\"2016-09-12T12:26:20.167Z\",\"text\":\"Deployed\",\"deletable\":false,\"replies\":[]},{\"author\":\"Administrator\",\"authorId\":\"GEAR-16720586-e205-40d1-a4b6-f25d5df185a4\",\"date\":\"2016-09-12T12:27:14.285Z\",\"text\":\"Model edited\",\"deletable\":false,\"replies\":[]},{\"author\":\"Administrator\",\"authorId\":\"GEAR-16720586-e205-40d1-a4b6-f25d5df185a4\",\"date\":\"2016-09-12T12:27:14.323Z\",\"text\":\"Deployed\",\"deletable\":false,\"replies\":[]},{\"author\":\"Administrator\",\"authorId\":\"GEAR-16720586-e205-40d1-a4b6-f25d5df185a4\",\"date\":\"2016-09-12T12:29:26.144Z\",\"text\":\"Model edited\",\"deletable\":false,\"replies\":[]},{\"author\":\"Administrator\",\"authorId\":\"GEAR-16720586-e205-40d1-a4b6-f25d5df185a4\",\"date\":\"2016-09-12T12:29:26.193Z\",\"text\":\"Deployed\",\"deletable\":false,\"replies\":[]},{\"author\":\"Administrator\",\"authorId\":\"GEAR-16720586-e205-40d1-a4b6-f25d5df185a4\",\"date\":\"2016-09-12T12:30:54.944Z\",\"text\":\"Model edited\",\"deletable\":false,\"replies\":[]},{\"author\":\"Administrator\",\"authorId\":\"GEAR-16720586-e205-40d1-a4b6-f25d5df185a4\",\"date\":\"2016-09-12T12:30:55.008Z\",\"text\":\"Deployed\",\"deletable\":false,\"replies\":[]},{\"author\":\"Administrator\",\"authorId\":\"GEAR-16720586-e205-40d1-a4b6-f25d5df185a4\",\"date\":\"2016-09-12T12:32:34.891Z\",\"text\":\"Model edited\",\"deletable\":false,\"replies\":[]},{\"author\":\"Administrator\",\"authorId\":\"GEAR-16720586-e205-40d1-a4b6-f25d5df185a4\",\"date\":\"2016-09-12T12:32:34.923Z\",\"text\":\"Deployed\",\"deletable\":false,\"replies\":[]},{\"author\":\"Administrator\",\"authorId\":\"GEAR-16720586-e205-40d1-a4b6-f25d5df185a4\",\"date\":\"2016-09-12T12:41:36.441Z\",\"text\":\"Model edited\",\"deletable\":false,\"replies\":[]},{\"author\":\"Administrator\",\"authorId\":\"GEAR-16720586-e205-40d1-a4b6-f25d5df185a4\",\"date\":\"2016-09-12T12:41:36.482Z\",\"text\":\"Deployed\",\"deletable\":false,\"replies\":[]},{\"author\":\"Administrator\",\"authorId\":\"GEAR-16720586-e205-40d1-a4b6-f25d5df185a4\",\"date\":\"2016-09-12T12:42:33.183Z\",\"text\":\"Model edited\",\"deletable\":false,\"replies\":[]},{\"author\":\"Administrator\",\"authorId\":\"GEAR-16720586-e205-40d1-a4b6-f25d5df185a4\",\"date\":\"2016-09-12T12:42:33.220Z\",\"text\":\"Deployed\",\"deletable\":false,\"replies\":[]},{\"author\":\"Administrator\",\"authorId\":\"GEAR-16720586-e205-40d1-a4b6-f25d5df185a4\",\"date\":\"2016-09-12T12:43:53.270Z\",\"text\":\"Model edited\",\"deletable\":false,\"replies\":[]},{\"author\":\"Administrator\",\"authorId\":\"GEAR-16720586-e205-40d1-a4b6-f25d5df185a4\",\"date\":\"2016-09-12T12:43:53.303Z\",\"text\":\"Deployed\",\"deletable\":false,\"replies\":[]},{\"author\":\"Administrator\",\"authorId\":\"GEAR-16720586-e205-40d1-a4b6-f25d5df185a4\",\"date\":\"2016-09-13T07:13:58.367Z\",\"text\":\"Model edited\",\"deletable\":false,\"replies\":[]},{\"author\":\"Administrator\",\"authorId\":\"GEAR-16720586-e205-40d1-a4b6-f25d5df185a4\",\"date\":\"2016-09-13T07:13:58.473Z\",\"text\":\"Deployed\",\"deletable\":false,\"replies\":[]}]"
  }, {
    "name" : "_isModified",
    "type" : "java.lang.Boolean",
    "value" : false
  }, {
    "name" : "_lastActionComment",
    "type" : null,
    "value" : null
  }, {
    "name" : "_revisionHistory",
    "type" : "java.lang.String",
    "value" : "[ {\r\n  \"id\" : \"3e7aca91-2b9e-44df-90fc-a79d895021f5\",\r\n  \"host\" : \"http://localhost:8080/acme\",\r\n  \"userName\" : \"Administrator\",\r\n  \"changeComment\" : \"Manual download\",\r\n  \"timestamp\" : \"2016-09-13T11:15:11.012Z\"\r\n} ]"
  }, {
    "name" : "assignee",
    "type" : "java.util.Map",
    "value" : {
      "id" : "GEAR-16720586-e205-40d1-a4b6-f25d5df185a4",
      "title" : "Administrator",
      "value" : "GEAR-16720586-e205-40d1-a4b6-f25d5df185a4",
      "properties" : {
        "memberGroups" : [ "GEAR-85a85daf-0e5b-4aeb-ad9f-4cdf96c98e86", "GEAR-2d72fc8d-814b-4e09-979e-6f4528552dd9", "GEAR-486911b3-223a-463a-aab3-05cd153ea3d6", "GEAR-45313ee8-1a2b-4eb4-bf83-33677abdf515", "GEAR-0f25cef3-8624-4db4-a800-c9a64c8d324a", "GEAR-a9b2afeb-cdf6-4fdf-94ee-280e6605350d" ]
      },
      "name" : "Administrator"
    }
  }, {
    "name" : "description",
    "type" : null,
    "value" : null
  }, {
    "name" : "key",
    "type" : "java.lang.String",
    "value" : "edoras-1c6072930620"
  }, {
    "name" : "mappings",
    "type" : "java.util.Map",
    "value" : {
      "workItemMappings" : [ ],
      "propertyMappings" : [ ]
    }
  }, {
    "name" : "owner",
    "type" : "java.util.Map",
    "value" : {
      "id" : "GEAR-16720586-e205-40d1-a4b6-f25d5df185a4",
      "title" : "Administrator",
      "value" : "GEAR-16720586-e205-40d1-a4b6-f25d5df185a4",
      "properties" : {
        "memberGroups" : [ "GEAR-85a85daf-0e5b-4aeb-ad9f-4cdf96c98e86", "GEAR-2d72fc8d-814b-4e09-979e-6f4528552dd9", "GEAR-486911b3-223a-463a-aab3-05cd153ea3d6", "GEAR-45313ee8-1a2b-4eb4-bf83-33677abdf515", "GEAR-0f25cef3-8624-4db4-a800-c9a64c8d324a", "GEAR-a9b2afeb-cdf6-4fdf-94ee-280e6605350d" ]
      },
      "name" : "Administrator"
    }
  }, {
    "name" : "primaryLanguage",
    "type" : null,
    "value" : null
  }, {
    "name" : "secondaryLanguages",
    "type" : "java.util.List",
    "value" : [ ]
  } ],
  "stateUpdateTime" : null,
  "subStateUpdateTime" : "2016-09-13T07:13:58.477Z",
  "ownerId" : "GEAR-16720586-e205-40d1-a4b6-f25d5df185a4",
  "assigneeId" : "GEAR-16720586-e205-40d1-a4b6-f25d5df185a4",
  "initialAssigneeId" : "GEAR-16720586-e205-40d1-a4b6-f25d5df185a4",
  "previousAssigneeId" : null,
  "assignedGroupId" : null,
  "initialAssignedGroupId" : null,
  "previousAssignedGroupId" : null,
  "candidateUserIds" : [ ],
  "candidateGroupIds" : [ "GEAR-486911b3-223a-463a-aab3-05cd153ea3d6" ],
  "priority" : null,
  "resubmissionTime" : null,
  "dueTime" : null,
  "assigneeIdUpdateTime" : null,
  "assignedGroupIdUpdateTime" : null,
  "path" : [ "WRK(GEAR-f636140a-4a59-4e5d-b823-7171150d31cf)" ]
}