{
  "resourceId" : "canvas",
  "xmlProperties" : [ ],
  "ssextensions" : [ "http://b3mn.org/stencilset/default.form.palette.xml#", "http://b3mn.org/stencilset/demo.form.palette.xml#" ],
  "bounds" : {
    "upperLeft" : {
      "x" : 0,
      "y" : 0
    },
    "lowerRight" : {
      "x" : 1884,
      "y" : 1382
    }
  },
  "stencilset" : {
    "namespace" : "http://b3mn.org/stencilset/xforms#",
    "url" : "/acme/vis/editor/stencilsets//edorasForms/edorasForms.json"
  },
  "pathProperties" : {
    "id" : "id"
  },
  "stencil" : {
    "id" : "XForm"
  },
  "properties" : {
    "stylesheet" : "",
    "stencilsuperids" : [ "XForm" ],
    "stencilid" : "XForm",
    "xmlTag" : "XForm",
    "customstencil" : true,
    "targetnamespace" : "Valais Demo",
    "guid" : "GEAR-ae8f0324-5e2b-45a8-b149-1cd4627dd69b",
    "stencilsuperid" : "XForm",
    "id" : "edoras-1cd4627dd69b",
    "name" : "Rejection Notice Form"
  },
  "childShapes" : [ {
    "outgoing" : [ ],
    "resourceId" : "slotPanel1",
    "xmlProperties" : [ ],
    "bounds" : {
      "upperLeft" : {
        "x" : 50,
        "y" : 50
      },
      "lowerRight" : {
        "x" : 1049,
        "y" : 148
      }
    },
    "pathProperties" : {
      "id" : "id"
    },
    "stencil" : {
      "id" : "SlotPanel"
    },
    "dockers" : [ ],
    "properties" : {
      "stencilsuperids" : [ "SlotPanel" ],
      "stencilid" : "SlotPanel",
      "xmlTag" : "panel",
      "customstencil" : true,
      "width" : "900",
      "stencilsuperid" : "SlotPanel",
      "id" : "slotPanel1"
    },
    "childShapes" : [ {
      "outgoing" : [ ],
      "resourceId" : "cloud-output1",
      "xmlProperties" : [ ],
      "formats" : {
        "value_fr_fr" : [ {
          "from" : 0,
          "to" : 21,
          "tag" : "h1"
        }, {
          "from" : 21,
          "to" : 131,
          "tag" : "p"
        }, {
          "from" : 131,
          "to" : 132,
          "tag" : "p"
        }, {
          "from" : 132,
          "to" : 156,
          "tag" : "p"
        }, {
          "from" : 132,
          "to" : 140,
          "tag" : "b"
        } ],
        "value" : [ {
          "from" : 0,
          "to" : 21,
          "tag" : "h1"
        }, {
          "from" : 21,
          "to" : 131,
          "tag" : "p"
        }, {
          "from" : 131,
          "to" : 132,
          "tag" : "p"
        }, {
          "from" : 132,
          "to" : 156,
          "tag" : "p"
        }, {
          "from" : 132,
          "to" : 140,
          "tag" : "b"
        } ]
      },
      "bounds" : {
        "upperLeft" : {
          "x" : 15,
          "y" : 25
        },
        "lowerRight" : {
          "x" : 984,
          "y" : 75
        }
      },
      "pathProperties" : {
        "default-value" : "defaultValue",
        "visible" : "isVisible",
        "description_fr_fr" : "i18n.fr.helpMessage.text",
        "visible-run" : "isVisible",
        "node-type" : "type",
        "editable" : "editable",
        "description-position" : "helpMessage.position",
        "description" : "helpMessage.text",
        "label-position" : "labelAlign",
        "label" : "label",
        "required" : "isRequired",
        "col-span" : "size",
        "rich-text" : "extraSettings.richEditorDisplay",
        "id" : "id",
        "value_fr_fr" : "i18n.fr.value",
        "style-class" : "styleClass",
        "label_fr_fr" : "i18n.fr.label",
        "value" : "value",
        "height" : "height"
      },
      "stencil" : {
        "id" : "Output"
      },
      "dockers" : [ ],
      "properties" : {
        "col" : 1,
        "enabled-run" : "",
        "description_fr_fr" : "",
        "visible-run" : "",
        "row-span" : 1,
        "description-align" : "left",
        "description" : "",
        "enabled" : true,
        "required" : false,
        "stencilsuperids" : [ "Component" ],
        "col-span" : "1",
        "stencilsuperid" : "Output",
        "id" : "cloud-output1",
        "row" : 1,
        "value_fr_fr" : "Registration RejectedThe following user has been refused by Department 3.  The user must be contacted and notified of the rejection {{name}} - {{telephone}}",
        "row-weight" : "",
        "value" : "Registration RejectedThe following user has been refused by Department 3.  The user must be contacted and notified of the rejection {{name}} - {{telephone}}",
        "height" : "",
        "label-align" : "top-left",
        "default-value" : "false",
        "stencilid" : "cloud-output",
        "visible" : true,
        "node-type" : "textarea",
        "editable" : false,
        "customstencil" : true,
        "row-align" : "top",
        "documentation" : "",
        "description-position" : "bottom",
        "max-length" : "",
        "label-position" : "left",
        "label" : "",
        "customnamespace" : "http://b3mn.org/stencilset/default.form.palette.xml#",
        "bordercolor" : "#000000",
        "customstencilid" : "cloud-output",
        "size" : 12,
        "xmlTag" : "textarea",
        "col-align" : "fill",
        "width" : "200",
        "rich-text" : true,
        "style-class" : "",
        "label_fr_fr" : "",
        "col-weight" : ""
      },
      "childShapes" : [ ],
      "labels" : [ {
        "ref" : "label_text",
        "styles" : {
          "size" : "12",
          "bold" : false,
          "fill" : "#000000",
          "italic" : false
        }
      }, {
        "ref" : "input_text",
        "styles" : {
          "size" : "12",
          "bold" : false,
          "fill" : "#000000",
          "italic" : false
        }
      }, {
        "ref" : "desc_text",
        "styles" : {
          "size" : "12",
          "bold" : false,
          "fill" : "#000000",
          "italic" : false
        }
      } ]
    } ]
  } ]
}