{"rows":[{"cols":[{"isRequired":false,"size":12,"extraSettings":{"richEditorDisplay":true},"labelAlign":"left","defaultValue":false,"editable":false,"isVisible":true,"id":"cloud-output1","type":"textarea","value":"<div><h1>Registration Rejected<\/h1><div>The following user has been refused by Department 3.  The user must be contacted and notified of the rejection<\/div><p> <\/p><div><b>{{name}}<\/b> - {{telephone}}<\/div><\/div>","helpMessage":{"position":"bottom"},"i18n":{"fr":{"value":"<div><h1>Registration Rejected<\/h1><div>The following user has been refused by Department 3.  The user must be contacted and notified of the rejection<\/div><p> <\/p><div><b>{{name}}<\/b> - {{telephone}}<\/div><\/div>"}}}]}]}