{
  "resourceId" : "canvas",
  "properties" : {
    "stencilsuperids" : [ "XForm" ],
    "stencilid" : "XForm",
    "xmlTag" : "XForm",
    "customstencil" : true,
    "name" : "Basic Info",
    "stencilsuperid" : "XForm",
    "id" : "edoras-67dd18bcc0c9",
    "guid" : "GEAR-581ace7e-fd49-49c8-8b97-7f265afbeb70",
    "stylesheet" : ""
  },
  "xmlProperties" : [ ],
  "pathProperties" : {
    "id" : "id"
  },
  "stencil" : {
    "id" : "XForm"
  },
  "childShapes" : [ {
    "resourceId" : "panel1",
    "properties" : {
      "col" : 1,
      "enabled-run" : "",
      "visible-run" : "",
      "row-span" : 1,
      "title" : "",
      "collapsible" : "false",
      "enabled" : "true",
      "stencilsuperids" : [ "SlotPanel" ],
      "expanded" : "false",
      "col-span" : 1,
      "stencilsuperid" : "SlotPanel",
      "row" : 1,
      "row-weight" : "0",
      "height" : "",
      "stencilid" : "SlotPanel",
      "visible" : "true",
      "customstencil" : true,
      "row-align" : "top",
      "oldresourceid" : "sid-8D9FC954-EB33-4C05-ADF0-5706EF50E974",
      "size" : 1,
      "xmlTag" : "panel",
      "col-align" : "fill",
      "title-run" : "",
      "style-class" : "",
      "col-weight" : "0",
      "id" : "panel1",
      "width" : 67
    },
    "xmlProperties" : [ ],
    "pathProperties" : {
      "id" : "id"
    },
    "stencil" : {
      "id" : "SlotPanel"
    },
    "childShapes" : [ {
      "resourceId" : "self-name1",
      "properties" : {
        "row-span" : 1,
        "stencilid" : "self-name",
        "customstencil" : true,
        "stencilsuperids" : [ "Component" ],
        "stencilsuperid" : "Component",
        "xmlTag" : "text",
        "id" : "self-name1",
        "width" : "200",
        "height" : "",
        "col" : 1,
        "col-align" : "fill",
        "col-weight" : "",
        "row" : 2,
        "row-align" : "top",
        "row-weight" : "",
        "enabled" : true,
        "enabled-run" : "",
        "size" : 12,
        "label-align" : "top-left",
        "description-position" : "bottom",
        "description-align" : "left",
        "node-type" : "",
        "label-position" : "left",
        "default-value" : "",
        "description" : "",
        "description_fr_fr" : "",
        "documentation" : "",
        "col-span" : "1",
        "visible" : true,
        "visible-run" : "",
        "editable" : true,
        "editable-run" : "",
        "style-class" : "",
        "min-length" : "",
        "min-length-error-msg" : "",
        "min-length-error-msg_fr_fr" : "",
        "max-length" : "",
        "max-length-error-msg" : "",
        "max-length-error-msg_fr_fr" : "",
        "bordercolor" : "#000000",
        "validation-regexp" : "",
        "validation-regexp-error-msg" : "",
        "validation-regexp-error-msg_fr_fr" : "",
        "validation-mask" : "",
        "validation-mask-error-msg" : "",
        "validation-mask-error-msg_fr_fr" : "",
        "required" : true,
        "label" : "Name",
        "label_fr_fr" : "Name",
        "value" : "{{name}}",
        "customstencilid" : "self-name",
        "customnamespace" : "http://b3mn.org/stencilset/default.form.palette.xml#"
      },
      "xmlProperties" : [ "min-length", "min-length-error-msg", "min-length-error-msg_fr_fr", "validation-regexp", "validation-regexp-error-msg", "validation-regexp-error-msg_fr_fr", "validation-mask", "validation-mask-error-msg", "validation-mask-error-msg_fr_fr" ],
      "pathProperties" : {
        "id" : "id",
        "description-position" : "helpMessage.position",
        "label-position" : "labelAlign",
        "default-value" : "defaultValue",
        "description" : "helpMessage.text",
        "description_fr_fr" : "i18n.fr.helpMessage.text",
        "col-span" : "size",
        "visible" : "isVisible",
        "visible-run" : "isVisible",
        "editable" : "editable",
        "editable-run" : "editable",
        "style-class" : "styleClass",
        "min-length" : "minLength",
        "min-length-error-msg" : "validationMinLengthErrorMessage",
        "min-length-error-msg_fr_fr" : "i18n.fr.validationMinLengthErrorMessage",
        "max-length" : "maxLength",
        "max-length-error-msg" : "validationMaxLengthErrorMessage",
        "max-length-error-msg_fr_fr" : "i18n.fr.validationMaxLengthErrorMessage",
        "validation-regexp" : "validationRegExp",
        "validation-regexp-error-msg" : "validationRegExpErrorMessage",
        "validation-regexp-error-msg_fr_fr" : "i18n.fr.validationRegExpErrorMessage",
        "validation-mask" : "validationMask",
        "validation-mask-error-msg" : "validationMaskErrorMessage",
        "validation-mask-error-msg_fr_fr" : "i18n.fr.validationMaskErrorMessage",
        "required" : "isRequired",
        "label" : "label",
        "label_fr_fr" : "i18n.fr.label",
        "value" : "value"
      },
      "stencil" : {
        "id" : "Component"
      },
      "childShapes" : [ ],
      "outgoing" : [ ],
      "bounds" : {
        "lowerRight" : {
          "x" : 984,
          "y" : 124
        },
        "upperLeft" : {
          "x" : 15,
          "y" : 98
        }
      },
      "dockers" : [ ],
      "labels" : [ {
        "styles" : {
          "fill" : "#000000",
          "size" : "12",
          "italic" : false,
          "bold" : false
        },
        "ref" : "label_text"
      }, {
        "styles" : {
          "fill" : "#000000",
          "size" : "12",
          "italic" : false,
          "bold" : false
        },
        "ref" : "input_text"
      }, {
        "styles" : {
          "fill" : "#000000",
          "size" : "12",
          "italic" : false,
          "bold" : false
        },
        "ref" : "desc_text"
      } ]
    }, {
      "resourceId" : "self-name2",
      "properties" : {
        "row-span" : 1,
        "stencilid" : "self-name",
        "customstencil" : true,
        "stencilsuperids" : [ "Component" ],
        "stencilsuperid" : "Component",
        "xmlTag" : "text",
        "id" : "self-name2",
        "width" : "200",
        "height" : "",
        "col" : 1,
        "col-align" : "fill",
        "col-weight" : "",
        "row" : 3,
        "row-align" : "top",
        "row-weight" : "",
        "enabled" : true,
        "enabled-run" : "",
        "size" : 6,
        "label-align" : "top-left",
        "description-position" : "bottom",
        "description-align" : "left",
        "node-type" : "",
        "label-position" : "left",
        "default-value" : "",
        "description" : "",
        "description_fr_fr" : "",
        "documentation" : "",
        "col-span" : "1",
        "visible" : true,
        "visible-run" : "",
        "editable" : true,
        "editable-run" : "",
        "style-class" : "",
        "min-length" : "",
        "min-length-error-msg" : "",
        "min-length-error-msg_fr_fr" : "",
        "max-length" : "",
        "max-length-error-msg" : "",
        "max-length-error-msg_fr_fr" : "",
        "bordercolor" : "#000000",
        "validation-regexp" : "",
        "validation-regexp-error-msg" : "",
        "validation-regexp-error-msg_fr_fr" : "",
        "validation-mask" : "",
        "validation-mask-error-msg" : "",
        "validation-mask-error-msg_fr_fr" : "",
        "required" : false,
        "label" : "Street",
        "label_fr_fr" : "Street",
        "value" : "{{street}}",
        "customstencilid" : "self-name",
        "customnamespace" : "http://b3mn.org/stencilset/default.form.palette.xml#"
      },
      "xmlProperties" : [ "min-length", "min-length-error-msg", "min-length-error-msg_fr_fr", "validation-regexp", "validation-regexp-error-msg", "validation-regexp-error-msg_fr_fr", "validation-mask", "validation-mask-error-msg", "validation-mask-error-msg_fr_fr" ],
      "pathProperties" : {
        "id" : "id",
        "description-position" : "helpMessage.position",
        "label-position" : "labelAlign",
        "default-value" : "defaultValue",
        "description" : "helpMessage.text",
        "description_fr_fr" : "i18n.fr.helpMessage.text",
        "col-span" : "size",
        "visible" : "isVisible",
        "visible-run" : "isVisible",
        "editable" : "editable",
        "editable-run" : "editable",
        "style-class" : "styleClass",
        "min-length" : "minLength",
        "min-length-error-msg" : "validationMinLengthErrorMessage",
        "min-length-error-msg_fr_fr" : "i18n.fr.validationMinLengthErrorMessage",
        "max-length" : "maxLength",
        "max-length-error-msg" : "validationMaxLengthErrorMessage",
        "max-length-error-msg_fr_fr" : "i18n.fr.validationMaxLengthErrorMessage",
        "validation-regexp" : "validationRegExp",
        "validation-regexp-error-msg" : "validationRegExpErrorMessage",
        "validation-regexp-error-msg_fr_fr" : "i18n.fr.validationRegExpErrorMessage",
        "validation-mask" : "validationMask",
        "validation-mask-error-msg" : "validationMaskErrorMessage",
        "validation-mask-error-msg_fr_fr" : "i18n.fr.validationMaskErrorMessage",
        "required" : "isRequired",
        "label" : "label",
        "label_fr_fr" : "i18n.fr.label",
        "value" : "value"
      },
      "stencil" : {
        "id" : "Component"
      },
      "childShapes" : [ ],
      "outgoing" : [ ],
      "bounds" : {
        "lowerRight" : {
          "x" : 492,
          "y" : 173
        },
        "upperLeft" : {
          "x" : 15,
          "y" : 147
        }
      },
      "dockers" : [ ],
      "labels" : [ {
        "styles" : {
          "fill" : "#000000",
          "size" : "12",
          "italic" : false,
          "bold" : false
        },
        "ref" : "label_text"
      }, {
        "styles" : {
          "fill" : "#000000",
          "size" : "12",
          "italic" : false,
          "bold" : false
        },
        "ref" : "input_text"
      }, {
        "styles" : {
          "fill" : "#000000",
          "size" : "12",
          "italic" : false,
          "bold" : false
        },
        "ref" : "desc_text"
      } ]
    }, {
      "resourceId" : "self-name3",
      "properties" : {
        "row-span" : 1,
        "stencilid" : "self-name",
        "customstencil" : true,
        "stencilsuperids" : [ "Component" ],
        "stencilsuperid" : "Component",
        "xmlTag" : "text",
        "id" : "self-name3",
        "width" : "200",
        "height" : "",
        "col" : 7,
        "col-align" : "fill",
        "col-weight" : "",
        "row" : 3,
        "row-align" : "top",
        "row-weight" : "",
        "enabled" : true,
        "enabled-run" : "",
        "size" : 6,
        "label-align" : "top-left",
        "description-position" : "bottom",
        "description-align" : "left",
        "node-type" : "",
        "label-position" : "left",
        "default-value" : "",
        "description" : "",
        "description_fr_fr" : "",
        "documentation" : "",
        "col-span" : "1",
        "visible" : true,
        "visible-run" : "",
        "editable" : true,
        "editable-run" : "",
        "style-class" : "",
        "min-length" : "",
        "min-length-error-msg" : "",
        "min-length-error-msg_fr_fr" : "",
        "max-length" : "",
        "max-length-error-msg" : "",
        "max-length-error-msg_fr_fr" : "",
        "bordercolor" : "#000000",
        "validation-regexp" : "",
        "validation-regexp-error-msg" : "\\d+\\w?",
        "validation-regexp-error-msg_fr_fr" : "\\d+\\w?",
        "validation-mask" : "",
        "validation-mask-error-msg" : "",
        "validation-mask-error-msg_fr_fr" : "",
        "required" : false,
        "label" : "Number",
        "label_fr_fr" : "Number",
        "value" : "{{houseNumber}}",
        "customstencilid" : "self-name",
        "customnamespace" : "http://b3mn.org/stencilset/default.form.palette.xml#"
      },
      "xmlProperties" : [ "min-length", "min-length-error-msg", "min-length-error-msg_fr_fr", "validation-regexp", "validation-regexp-error-msg", "validation-regexp-error-msg_fr_fr", "validation-mask", "validation-mask-error-msg", "validation-mask-error-msg_fr_fr" ],
      "pathProperties" : {
        "id" : "id",
        "description-position" : "helpMessage.position",
        "label-position" : "labelAlign",
        "default-value" : "defaultValue",
        "description" : "helpMessage.text",
        "description_fr_fr" : "i18n.fr.helpMessage.text",
        "col-span" : "size",
        "visible" : "isVisible",
        "visible-run" : "isVisible",
        "editable" : "editable",
        "editable-run" : "editable",
        "style-class" : "styleClass",
        "min-length" : "minLength",
        "min-length-error-msg" : "validationMinLengthErrorMessage",
        "min-length-error-msg_fr_fr" : "i18n.fr.validationMinLengthErrorMessage",
        "max-length" : "maxLength",
        "max-length-error-msg" : "validationMaxLengthErrorMessage",
        "max-length-error-msg_fr_fr" : "i18n.fr.validationMaxLengthErrorMessage",
        "validation-regexp" : "validationRegExp",
        "validation-regexp-error-msg" : "validationRegExpErrorMessage",
        "validation-regexp-error-msg_fr_fr" : "i18n.fr.validationRegExpErrorMessage",
        "validation-mask" : "validationMask",
        "validation-mask-error-msg" : "validationMaskErrorMessage",
        "validation-mask-error-msg_fr_fr" : "i18n.fr.validationMaskErrorMessage",
        "required" : "isRequired",
        "label" : "label",
        "label_fr_fr" : "i18n.fr.label",
        "value" : "value"
      },
      "stencil" : {
        "id" : "Component"
      },
      "childShapes" : [ ],
      "outgoing" : [ ],
      "bounds" : {
        "lowerRight" : {
          "x" : 984,
          "y" : 173
        },
        "upperLeft" : {
          "x" : 507,
          "y" : 147
        }
      },
      "dockers" : [ ],
      "labels" : [ {
        "styles" : {
          "fill" : "#000000",
          "size" : "12",
          "italic" : false,
          "bold" : false
        },
        "ref" : "label_text"
      }, {
        "styles" : {
          "fill" : "#000000",
          "size" : "12",
          "italic" : false,
          "bold" : false
        },
        "ref" : "input_text"
      }, {
        "styles" : {
          "fill" : "#000000",
          "size" : "12",
          "italic" : false,
          "bold" : false
        },
        "ref" : "desc_text"
      } ]
    }, {
      "resourceId" : "self-name4",
      "properties" : {
        "row-span" : 1,
        "stencilid" : "self-name",
        "customstencil" : true,
        "stencilsuperids" : [ "Component" ],
        "stencilsuperid" : "Component",
        "xmlTag" : "text",
        "id" : "self-name4",
        "width" : "200",
        "height" : "",
        "col" : 1,
        "col-align" : "fill",
        "col-weight" : "",
        "row" : 4,
        "row-align" : "top",
        "row-weight" : "",
        "enabled" : true,
        "enabled-run" : "",
        "size" : 6,
        "label-align" : "top-left",
        "description-position" : "bottom",
        "description-align" : "left",
        "node-type" : "",
        "label-position" : "left",
        "default-value" : "",
        "description" : "",
        "description_fr_fr" : "",
        "documentation" : "",
        "col-span" : "1",
        "visible" : true,
        "visible-run" : "",
        "editable" : true,
        "editable-run" : "",
        "style-class" : "",
        "min-length" : "",
        "min-length-error-msg" : "",
        "min-length-error-msg_fr_fr" : "",
        "max-length" : "",
        "max-length-error-msg" : "",
        "max-length-error-msg_fr_fr" : "",
        "bordercolor" : "#000000",
        "validation-regexp" : "",
        "validation-regexp-error-msg" : "",
        "validation-regexp-error-msg_fr_fr" : "",
        "validation-mask" : "",
        "validation-mask-error-msg" : "",
        "validation-mask-error-msg_fr_fr" : "",
        "required" : false,
        "label" : "Place",
        "label_fr_fr" : "Place",
        "value" : "{{place}}",
        "customstencilid" : "self-name",
        "customnamespace" : "http://b3mn.org/stencilset/default.form.palette.xml#"
      },
      "xmlProperties" : [ "min-length", "min-length-error-msg", "min-length-error-msg_fr_fr", "validation-regexp", "validation-regexp-error-msg", "validation-regexp-error-msg_fr_fr", "validation-mask", "validation-mask-error-msg", "validation-mask-error-msg_fr_fr" ],
      "pathProperties" : {
        "id" : "id",
        "description-position" : "helpMessage.position",
        "label-position" : "labelAlign",
        "default-value" : "defaultValue",
        "description" : "helpMessage.text",
        "description_fr_fr" : "i18n.fr.helpMessage.text",
        "col-span" : "size",
        "visible" : "isVisible",
        "visible-run" : "isVisible",
        "editable" : "editable",
        "editable-run" : "editable",
        "style-class" : "styleClass",
        "min-length" : "minLength",
        "min-length-error-msg" : "validationMinLengthErrorMessage",
        "min-length-error-msg_fr_fr" : "i18n.fr.validationMinLengthErrorMessage",
        "max-length" : "maxLength",
        "max-length-error-msg" : "validationMaxLengthErrorMessage",
        "max-length-error-msg_fr_fr" : "i18n.fr.validationMaxLengthErrorMessage",
        "validation-regexp" : "validationRegExp",
        "validation-regexp-error-msg" : "validationRegExpErrorMessage",
        "validation-regexp-error-msg_fr_fr" : "i18n.fr.validationRegExpErrorMessage",
        "validation-mask" : "validationMask",
        "validation-mask-error-msg" : "validationMaskErrorMessage",
        "validation-mask-error-msg_fr_fr" : "i18n.fr.validationMaskErrorMessage",
        "required" : "isRequired",
        "label" : "label",
        "label_fr_fr" : "i18n.fr.label",
        "value" : "value"
      },
      "stencil" : {
        "id" : "Component"
      },
      "childShapes" : [ ],
      "outgoing" : [ ],
      "bounds" : {
        "lowerRight" : {
          "x" : 492,
          "y" : 222
        },
        "upperLeft" : {
          "x" : 15,
          "y" : 196
        }
      },
      "dockers" : [ ],
      "labels" : [ {
        "styles" : {
          "fill" : "#000000",
          "size" : "12",
          "italic" : false,
          "bold" : false
        },
        "ref" : "label_text"
      }, {
        "styles" : {
          "fill" : "#000000",
          "size" : "12",
          "italic" : false,
          "bold" : false
        },
        "ref" : "input_text"
      }, {
        "styles" : {
          "fill" : "#000000",
          "size" : "12",
          "italic" : false,
          "bold" : false
        },
        "ref" : "desc_text"
      } ]
    }, {
      "resourceId" : "self-name5",
      "properties" : {
        "row-span" : 1,
        "stencilid" : "self-name",
        "customstencil" : true,
        "stencilsuperids" : [ "Component" ],
        "stencilsuperid" : "Component",
        "xmlTag" : "text",
        "id" : "self-name5",
        "width" : "200",
        "height" : "",
        "col" : 7,
        "col-align" : "fill",
        "col-weight" : "",
        "row" : 4,
        "row-align" : "top",
        "row-weight" : "",
        "enabled" : true,
        "enabled-run" : "",
        "size" : 6,
        "label-align" : "top-left",
        "description-position" : "bottom",
        "description-align" : "left",
        "node-type" : "",
        "label-position" : "left",
        "default-value" : "",
        "description" : "",
        "description_fr_fr" : "",
        "documentation" : "",
        "col-span" : "1",
        "visible" : true,
        "visible-run" : "",
        "editable" : true,
        "editable-run" : "",
        "style-class" : "",
        "min-length" : "",
        "min-length-error-msg" : "",
        "min-length-error-msg_fr_fr" : "",
        "max-length" : "",
        "max-length-error-msg" : "",
        "max-length-error-msg_fr_fr" : "",
        "bordercolor" : "#000000",
        "validation-regexp" : "",
        "validation-regexp-error-msg" : "",
        "validation-regexp-error-msg_fr_fr" : "",
        "validation-mask" : "9999",
        "validation-mask-error-msg" : "",
        "validation-mask-error-msg_fr_fr" : "",
        "required" : false,
        "label" : "Code",
        "label_fr_fr" : "Code",
        "value" : "{{code}}",
        "customstencilid" : "self-name",
        "customnamespace" : "http://b3mn.org/stencilset/default.form.palette.xml#"
      },
      "xmlProperties" : [ "min-length", "min-length-error-msg", "min-length-error-msg_fr_fr", "validation-regexp", "validation-regexp-error-msg", "validation-regexp-error-msg_fr_fr", "validation-mask", "validation-mask-error-msg", "validation-mask-error-msg_fr_fr" ],
      "pathProperties" : {
        "id" : "id",
        "description-position" : "helpMessage.position",
        "label-position" : "labelAlign",
        "default-value" : "defaultValue",
        "description" : "helpMessage.text",
        "description_fr_fr" : "i18n.fr.helpMessage.text",
        "col-span" : "size",
        "visible" : "isVisible",
        "visible-run" : "isVisible",
        "editable" : "editable",
        "editable-run" : "editable",
        "style-class" : "styleClass",
        "min-length" : "minLength",
        "min-length-error-msg" : "validationMinLengthErrorMessage",
        "min-length-error-msg_fr_fr" : "i18n.fr.validationMinLengthErrorMessage",
        "max-length" : "maxLength",
        "max-length-error-msg" : "validationMaxLengthErrorMessage",
        "max-length-error-msg_fr_fr" : "i18n.fr.validationMaxLengthErrorMessage",
        "validation-regexp" : "validationRegExp",
        "validation-regexp-error-msg" : "validationRegExpErrorMessage",
        "validation-regexp-error-msg_fr_fr" : "i18n.fr.validationRegExpErrorMessage",
        "validation-mask" : "validationMask",
        "validation-mask-error-msg" : "validationMaskErrorMessage",
        "validation-mask-error-msg_fr_fr" : "i18n.fr.validationMaskErrorMessage",
        "required" : "isRequired",
        "label" : "label",
        "label_fr_fr" : "i18n.fr.label",
        "value" : "value"
      },
      "stencil" : {
        "id" : "Component"
      },
      "childShapes" : [ ],
      "outgoing" : [ ],
      "bounds" : {
        "lowerRight" : {
          "x" : 984,
          "y" : 222
        },
        "upperLeft" : {
          "x" : 507,
          "y" : 196
        }
      },
      "dockers" : [ ],
      "labels" : [ {
        "styles" : {
          "fill" : "#000000",
          "size" : "12",
          "italic" : false,
          "bold" : false
        },
        "ref" : "label_text"
      }, {
        "styles" : {
          "fill" : "#000000",
          "size" : "12",
          "italic" : false,
          "bold" : false
        },
        "ref" : "input_text"
      }, {
        "styles" : {
          "fill" : "#000000",
          "size" : "12",
          "italic" : false,
          "bold" : false
        },
        "ref" : "desc_text"
      } ]
    }, {
      "resourceId" : "cloud-output1",
      "properties" : {
        "row-span" : 1,
        "stencilsuperids" : [ "Component" ],
        "stencilsuperid" : "Output",
        "stencilid" : "cloud-output",
        "customstencil" : true,
        "xmlTag" : "textarea",
        "id" : "cloud-output1",
        "width" : "200",
        "col" : 1,
        "col-align" : "fill",
        "col-weight" : "",
        "row" : 1,
        "row-align" : "top",
        "row-weight" : "",
        "enabled" : true,
        "enabled-run" : "",
        "size" : 12,
        "label-align" : "top-left",
        "description-position" : "bottom",
        "description-align" : "left",
        "label-position" : "left",
        "description" : "",
        "description_fr_fr" : "",
        "documentation" : "",
        "col-span" : "1",
        "visible" : true,
        "visible-run" : "",
        "style-class" : "",
        "bordercolor" : "#000000",
        "node-type" : "textarea",
        "height" : "",
        "label" : "",
        "label_fr_fr" : "",
        "value" : "Basic Registration Data",
        "value_fr_fr" : "Basic Registration Data",
        "default-value" : "false",
        "max-length" : "",
        "rich-text" : true,
        "editable" : false,
        "required" : false,
        "customstencilid" : "cloud-output",
        "customnamespace" : "http://b3mn.org/stencilset/default.form.palette.xml#"
      },
      "xmlProperties" : [ ],
      "pathProperties" : {
        "id" : "id",
        "description-position" : "helpMessage.position",
        "label-position" : "labelAlign",
        "description" : "helpMessage.text",
        "description_fr_fr" : "i18n.fr.helpMessage.text",
        "col-span" : "size",
        "visible" : "isVisible",
        "visible-run" : "isVisible",
        "style-class" : "styleClass",
        "node-type" : "type",
        "height" : "height",
        "label" : "label",
        "label_fr_fr" : "i18n.fr.label",
        "value" : "value",
        "value_fr_fr" : "i18n.fr.value",
        "default-value" : "defaultValue",
        "rich-text" : "extraSettings.richEditorDisplay",
        "editable" : "editable",
        "required" : "isRequired"
      },
      "stencil" : {
        "id" : "Output"
      },
      "childShapes" : [ ],
      "outgoing" : [ ],
      "bounds" : {
        "lowerRight" : {
          "x" : 984,
          "y" : 75
        },
        "upperLeft" : {
          "x" : 15,
          "y" : 25
        }
      },
      "dockers" : [ ],
      "formats" : {
        "value_fr_fr" : [ {
          "from" : 0,
          "to" : 23,
          "tag" : "h1"
        }, {
          "from" : 0,
          "to" : 23,
          "tag" : "b"
        } ],
        "value" : [ {
          "from" : 0,
          "to" : 23,
          "tag" : "h1"
        }, {
          "from" : 0,
          "to" : 23,
          "tag" : "b"
        } ]
      },
      "labels" : [ {
        "styles" : {
          "fill" : "#000000",
          "size" : "12",
          "italic" : false,
          "bold" : false
        },
        "ref" : "label_text"
      }, {
        "styles" : {
          "fill" : "#000000",
          "size" : "12",
          "italic" : false,
          "bold" : false
        },
        "ref" : "input_text"
      }, {
        "styles" : {
          "fill" : "#000000",
          "size" : "12",
          "italic" : false,
          "bold" : false
        },
        "ref" : "desc_text"
      } ]
    }, {
      "resourceId" : "self-name6",
      "properties" : {
        "row-span" : 1,
        "stencilid" : "self-name",
        "customstencil" : true,
        "stencilsuperids" : [ "Component" ],
        "stencilsuperid" : "Component",
        "xmlTag" : "text",
        "id" : "self-name6",
        "width" : "200",
        "height" : "",
        "col" : 1,
        "col-align" : "fill",
        "col-weight" : "",
        "row" : 5,
        "row-align" : "top",
        "row-weight" : "",
        "enabled" : true,
        "enabled-run" : "",
        "size" : 12,
        "label-align" : "top-left",
        "description-position" : "bottom",
        "description-align" : "left",
        "node-type" : "",
        "label-position" : "left",
        "default-value" : "",
        "description" : "",
        "description_fr_fr" : "",
        "documentation" : "",
        "col-span" : "1",
        "visible" : true,
        "visible-run" : "",
        "editable" : true,
        "editable-run" : "",
        "style-class" : "",
        "min-length" : "",
        "min-length-error-msg" : "",
        "min-length-error-msg_fr_fr" : "",
        "max-length" : "",
        "max-length-error-msg" : "",
        "max-length-error-msg_fr_fr" : "",
        "bordercolor" : "#000000",
        "validation-regexp" : ".+@\\w+\\.\\w+",
        "validation-regexp-error-msg" : "",
        "validation-regexp-error-msg_fr_fr" : "",
        "validation-mask" : "",
        "validation-mask-error-msg" : "",
        "validation-mask-error-msg_fr_fr" : "",
        "required" : true,
        "label" : "Email",
        "label_fr_fr" : "Email",
        "value" : "{{email}}",
        "customstencilid" : "self-name",
        "customnamespace" : "http://b3mn.org/stencilset/default.form.palette.xml#"
      },
      "xmlProperties" : [ "min-length", "min-length-error-msg", "min-length-error-msg_fr_fr", "validation-regexp", "validation-regexp-error-msg", "validation-regexp-error-msg_fr_fr", "validation-mask", "validation-mask-error-msg", "validation-mask-error-msg_fr_fr" ],
      "pathProperties" : {
        "id" : "id",
        "description-position" : "helpMessage.position",
        "label-position" : "labelAlign",
        "default-value" : "defaultValue",
        "description" : "helpMessage.text",
        "description_fr_fr" : "i18n.fr.helpMessage.text",
        "col-span" : "size",
        "visible" : "isVisible",
        "visible-run" : "isVisible",
        "editable" : "editable",
        "editable-run" : "editable",
        "style-class" : "styleClass",
        "min-length" : "minLength",
        "min-length-error-msg" : "validationMinLengthErrorMessage",
        "min-length-error-msg_fr_fr" : "i18n.fr.validationMinLengthErrorMessage",
        "max-length" : "maxLength",
        "max-length-error-msg" : "validationMaxLengthErrorMessage",
        "max-length-error-msg_fr_fr" : "i18n.fr.validationMaxLengthErrorMessage",
        "validation-regexp" : "validationRegExp",
        "validation-regexp-error-msg" : "validationRegExpErrorMessage",
        "validation-regexp-error-msg_fr_fr" : "i18n.fr.validationRegExpErrorMessage",
        "validation-mask" : "validationMask",
        "validation-mask-error-msg" : "validationMaskErrorMessage",
        "validation-mask-error-msg_fr_fr" : "i18n.fr.validationMaskErrorMessage",
        "required" : "isRequired",
        "label" : "label",
        "label_fr_fr" : "i18n.fr.label",
        "value" : "value"
      },
      "stencil" : {
        "id" : "Component"
      },
      "childShapes" : [ ],
      "outgoing" : [ ],
      "bounds" : {
        "lowerRight" : {
          "x" : 984,
          "y" : 271
        },
        "upperLeft" : {
          "x" : 15,
          "y" : 245
        }
      },
      "dockers" : [ ],
      "labels" : [ {
        "styles" : {
          "fill" : "#000000",
          "size" : "12",
          "italic" : false,
          "bold" : false
        },
        "ref" : "label_text"
      }, {
        "styles" : {
          "fill" : "#000000",
          "size" : "12",
          "italic" : false,
          "bold" : false
        },
        "ref" : "input_text"
      }, {
        "styles" : {
          "fill" : "#000000",
          "size" : "12",
          "italic" : false,
          "bold" : false
        },
        "ref" : "desc_text"
      } ]
    }, {
      "resourceId" : "self-name7",
      "properties" : {
        "row-span" : 1,
        "stencilid" : "self-name",
        "customstencil" : true,
        "stencilsuperids" : [ "Component" ],
        "stencilsuperid" : "Component",
        "xmlTag" : "text",
        "id" : "self-name7",
        "width" : "200",
        "height" : "",
        "col" : 1,
        "col-align" : "fill",
        "col-weight" : "",
        "row" : 6,
        "row-align" : "top",
        "row-weight" : "",
        "enabled" : true,
        "enabled-run" : "",
        "size" : 12,
        "label-align" : "top-left",
        "description-position" : "bottom",
        "description-align" : "left",
        "node-type" : "",
        "label-position" : "left",
        "default-value" : "",
        "description" : "",
        "description_fr_fr" : "",
        "documentation" : "",
        "col-span" : "1",
        "visible" : true,
        "visible-run" : "",
        "editable" : true,
        "editable-run" : "",
        "style-class" : "",
        "min-length" : "",
        "min-length-error-msg" : "",
        "min-length-error-msg_fr_fr" : "",
        "max-length" : "",
        "max-length-error-msg" : "",
        "max-length-error-msg_fr_fr" : "",
        "bordercolor" : "#000000",
        "validation-regexp" : "",
        "validation-regexp-error-msg" : "",
        "validation-regexp-error-msg_fr_fr" : "",
        "validation-mask" : "099 999 9999",
        "validation-mask-error-msg" : "",
        "validation-mask-error-msg_fr_fr" : "",
        "required" : false,
        "label" : "Telephone",
        "label_fr_fr" : "Telephone",
        "value" : "{{telephone}}",
        "customstencilid" : "self-name",
        "customnamespace" : "http://b3mn.org/stencilset/default.form.palette.xml#"
      },
      "xmlProperties" : [ "min-length", "min-length-error-msg", "min-length-error-msg_fr_fr", "validation-regexp", "validation-regexp-error-msg", "validation-regexp-error-msg_fr_fr", "validation-mask", "validation-mask-error-msg", "validation-mask-error-msg_fr_fr" ],
      "pathProperties" : {
        "id" : "id",
        "description-position" : "helpMessage.position",
        "label-position" : "labelAlign",
        "default-value" : "defaultValue",
        "description" : "helpMessage.text",
        "description_fr_fr" : "i18n.fr.helpMessage.text",
        "col-span" : "size",
        "visible" : "isVisible",
        "visible-run" : "isVisible",
        "editable" : "editable",
        "editable-run" : "editable",
        "style-class" : "styleClass",
        "min-length" : "minLength",
        "min-length-error-msg" : "validationMinLengthErrorMessage",
        "min-length-error-msg_fr_fr" : "i18n.fr.validationMinLengthErrorMessage",
        "max-length" : "maxLength",
        "max-length-error-msg" : "validationMaxLengthErrorMessage",
        "max-length-error-msg_fr_fr" : "i18n.fr.validationMaxLengthErrorMessage",
        "validation-regexp" : "validationRegExp",
        "validation-regexp-error-msg" : "validationRegExpErrorMessage",
        "validation-regexp-error-msg_fr_fr" : "i18n.fr.validationRegExpErrorMessage",
        "validation-mask" : "validationMask",
        "validation-mask-error-msg" : "validationMaskErrorMessage",
        "validation-mask-error-msg_fr_fr" : "i18n.fr.validationMaskErrorMessage",
        "required" : "isRequired",
        "label" : "label",
        "label_fr_fr" : "i18n.fr.label",
        "value" : "value"
      },
      "stencil" : {
        "id" : "Component"
      },
      "childShapes" : [ ],
      "outgoing" : [ ],
      "bounds" : {
        "lowerRight" : {
          "x" : 984,
          "y" : 320
        },
        "upperLeft" : {
          "x" : 15,
          "y" : 294
        }
      },
      "dockers" : [ ],
      "labels" : [ {
        "styles" : {
          "fill" : "#000000",
          "size" : "12",
          "italic" : false,
          "bold" : false
        },
        "ref" : "label_text"
      }, {
        "styles" : {
          "fill" : "#000000",
          "size" : "12",
          "italic" : false,
          "bold" : false
        },
        "ref" : "input_text"
      }, {
        "styles" : {
          "fill" : "#000000",
          "size" : "12",
          "italic" : false,
          "bold" : false
        },
        "ref" : "desc_text"
      } ]
    } ],
    "outgoing" : [ ],
    "bounds" : {
      "lowerRight" : {
        "x" : 1049,
        "y" : 393
      },
      "upperLeft" : {
        "x" : 50,
        "y" : 50
      }
    },
    "dockers" : [ ],
    "oldResourceId" : "sid-8D9FC954-EB33-4C05-ADF0-5706EF50E974"
  } ],
  "bounds" : {
    "lowerRight" : {
      "x" : 2351,
      "y" : 1082
    },
    "upperLeft" : {
      "x" : 0,
      "y" : 0
    }
  },
  "stencilset" : {
    "url" : "/acme/vis/editor/stencilsets//edorasForms/edorasForms.json",
    "namespace" : "http://b3mn.org/stencilset/xforms#"
  },
  "ssextensions" : [ "http://b3mn.org/stencilset/default.form.palette.xml#", "http://b3mn.org/stencilset/demo.form.palette.xml#" ]
}