{"rows":[{"cols":[{"isRequired":false,"size":12,"extraSettings":{"richEditorDisplay":true},"labelAlign":"left","defaultValue":false,"editable":false,"isVisible":true,"id":"cloud-output1","type":"textarea","value":"<div><h1><b>Basic Registration Data<\/b><\/h1><\/div>","helpMessage":{"position":"bottom"},"i18n":{"fr":{"value":"<div><h1><b>Basic Registration Data<\/b><\/h1><\/div>"}}}]},{"cols":[{"isRequired":true,"size":12,"labelAlign":"left","editable":true,"id":"self-name1","isVisible":true,"label":"Name","type":"text","value":"{{name}}","helpMessage":{"position":"bottom"},"i18n":{"fr":{"label":"Name"}}}]},{"cols":[{"isRequired":false,"size":6,"labelAlign":"left","editable":true,"id":"self-name2","isVisible":true,"label":"Street","type":"text","value":"{{street}}","helpMessage":{"position":"bottom"},"i18n":{"fr":{"label":"Street"}}},{"isRequired":false,"size":6,"labelAlign":"left","editable":true,"id":"self-name3","isVisible":true,"label":"Number","type":"text","validationRegExpErrorMessage":"\\d+\\w?","value":"{{houseNumber}}","i18n":{"fr":{"label":"Number","validationRegExpErrorMessage":"\\d+\\w?"}},"helpMessage":{"position":"bottom"}}]},{"cols":[{"isRequired":false,"size":6,"labelAlign":"left","editable":true,"id":"self-name4","isVisible":true,"label":"Place","type":"text","value":"{{place}}","helpMessage":{"position":"bottom"},"i18n":{"fr":{"label":"Place"}}},{"isRequired":false,"size":6,"validationMask":9999,"labelAlign":"left","editable":true,"id":"self-name5","isVisible":true,"label":"Code","type":"text","value":"{{code}}","helpMessage":{"position":"bottom"},"i18n":{"fr":{"label":"Code"}}}]},{"cols":[{"isRequired":true,"size":12,"labelAlign":"left","editable":true,"id":"self-name6","isVisible":true,"label":"Email","type":"text","validationRegExp":".+@\\w+\\.\\w+","value":"{{email}}","helpMessage":{"position":"bottom"},"i18n":{"fr":{"label":"Email"}}}]},{"cols":[{"isRequired":false,"size":12,"validationMask":"099 999 9999","labelAlign":"left","editable":true,"id":"self-name7","isVisible":true,"label":"Telephone","type":"text","value":"{{telephone}}","helpMessage":{"position":"bottom"},"i18n":{"fr":{"label":"Telephone"}}}]}]}