{"bounds":{
    "lowerRight":{
        "y":756,
        "x":950
    },
    "upperLeft":{
        "y":0,
        "x":0
    }
}, "resourceId":"canvas", "custom-properties":[], "childShapes":[
    {
        "dockers":[],
        "bounds":{
            "lowerRight":{
                "y":118,
                "x":350
            },
            "upperLeft":{
                "y":50,
                "x":50
            }
        },
        "resourceId":"sid-8D9FC954-EB33-4C05-ADF0-5706EF50E974",
        "childShapes":[],
        "xmlProperties":[],
        "properties":{
            "enabled":"true",
            "col":"1",
            "col-weight":"0",
            "visible-run":"",
            "visible":"true",
            "collapsible":"false",
            "stencilsuperid":"SlotPanel",
            "width":"300",
            "col-span":"1",
            "expanded":"false",
            "stencilid":"SlotPanel",
            "row":"1",
            "id":"panel1",
            "title":"",
            "stencilsuperids":["SlotPanel"],
            "enabled-run":"",
            "height":"",
            "col-align":"fill",
            "style-class":"",
            "row-weight":"0",
            "title-run":"",
            "customstencil":false,
            "row-align":"top",
            "row-span":"1"
        },
        "stencil":{
            "id":"SlotPanel"
        },
        "outgoing":[]
    }
], "xmlProperties":[], "properties":{
    "guid":"f5a75249-984f-4016-802d-7cde68d93523",
    "id":"edoras-7cde68d93523",
    "stencilsuperids":["XForm"],
    "stencilsuperid":"XForm",
    "name":"Final Registration",
    "stylesheet":"",
    "stencilid":"XForm",
    "customstencil":false
}, "ssextensions":[], "stencilset":{
    "url":"/edoras-vis/editor/stencilsets//edorasForms/edorasForms.json",
    "namespace":"http://b3mn.org/stencilset/xforms#"
}, "stencil":{
    "id":"XForm"
}}