{
  "resourceId" : "canvas",
  "properties" : {
    "stencilsuperids" : [ "XForm" ],
    "stencilid" : "XForm",
    "xmlTag" : "XForm",
    "customstencil" : true,
    "name" : "Dept2Verification",
    "stencilsuperid" : "XForm",
    "id" : "edoras-4c93dde8cea3",
    "guid" : "GEAR-4b6c4cdd-efb3-45ca-b2f4-a01ca76a4b5c",
    "stylesheet" : ""
  },
  "xmlProperties" : [ ],
  "pathProperties" : {
    "id" : "id"
  },
  "stencil" : {
    "id" : "XForm"
  },
  "childShapes" : [ {
    "resourceId" : "panel1",
    "properties" : {
      "col" : "1",
      "enabled-run" : "",
      "visible-run" : "",
      "row-span" : "1",
      "title" : "",
      "collapsible" : "false",
      "enabled" : "true",
      "stencilsuperids" : [ "SlotPanel" ],
      "expanded" : "false",
      "col-span" : "1",
      "stencilsuperid" : "SlotPanel",
      "row" : "1",
      "row-weight" : "0",
      "height" : "",
      "stencilid" : "SlotPanel",
      "visible" : "true",
      "customstencil" : true,
      "row-align" : "top",
      "oldresourceid" : "sid-8D9FC954-EB33-4C05-ADF0-5706EF50E974",
      "xmlTag" : "panel",
      "col-align" : "fill",
      "title-run" : "",
      "style-class" : "",
      "col-weight" : "0",
      "id" : "panel1",
      "width" : "300"
    },
    "xmlProperties" : [ ],
    "pathProperties" : {
      "id" : "id"
    },
    "stencil" : {
      "id" : "SlotPanel"
    },
    "childShapes" : [ {
      "resourceId" : "cloud-output1",
      "properties" : {
        "row-span" : 1,
        "stencilsuperids" : [ "Component" ],
        "stencilsuperid" : "Output",
        "stencilid" : "cloud-output",
        "customstencil" : true,
        "xmlTag" : "textarea",
        "id" : "cloud-output1",
        "width" : "200",
        "col" : 1,
        "col-align" : "fill",
        "col-weight" : "",
        "row" : 1,
        "row-align" : "top",
        "row-weight" : "",
        "enabled" : true,
        "enabled-run" : "",
        "size" : 12,
        "label-align" : "top-left",
        "description-position" : "bottom",
        "description-align" : "left",
        "label-position" : "left",
        "description" : "",
        "description_fr_fr" : "",
        "documentation" : "",
        "col-span" : "1",
        "visible" : true,
        "visible-run" : "",
        "style-class" : "",
        "bordercolor" : "#000000",
        "node-type" : "textarea",
        "height" : "",
        "label" : "",
        "label_fr_fr" : "",
        "value" : "User VerificationLink the requested user to an existing registered Department 2 user.Basic Information{{root.name}}Address:{{root.street}} {{root.houseNumber}}{{root.code}} {{root.place}}",
        "value_fr_fr" : "User VerificationLink the requested user to an existing registered Department 2 user.Basic Information{{root.name}}Address:{{root.street}} {{root.houseNumber}}{{root.code}} {{root.place}}",
        "default-value" : "false",
        "max-length" : "",
        "rich-text" : true,
        "editable" : false,
        "required" : false,
        "customstencilid" : "cloud-output",
        "customnamespace" : "http://b3mn.org/stencilset/default.form.palette.xml#"
      },
      "xmlProperties" : [ ],
      "pathProperties" : {
        "id" : "id",
        "description-position" : "helpMessage.position",
        "label-position" : "labelAlign",
        "description" : "helpMessage.text",
        "description_fr_fr" : "i18n.fr.helpMessage.text",
        "col-span" : "size",
        "visible" : "isVisible",
        "visible-run" : "isVisible",
        "style-class" : "styleClass",
        "node-type" : "type",
        "height" : "height",
        "label" : "label",
        "label_fr_fr" : "i18n.fr.label",
        "value" : "value",
        "value_fr_fr" : "i18n.fr.value",
        "default-value" : "defaultValue",
        "rich-text" : "extraSettings.richEditorDisplay",
        "editable" : "editable",
        "required" : "isRequired"
      },
      "stencil" : {
        "id" : "Output"
      },
      "childShapes" : [ ],
      "outgoing" : [ ],
      "bounds" : {
        "lowerRight" : {
          "x" : 984,
          "y" : 75
        },
        "upperLeft" : {
          "x" : 15,
          "y" : 25
        }
      },
      "dockers" : [ ],
      "formats" : {
        "value_fr_fr" : [ {
          "from" : 0,
          "to" : 17,
          "tag" : "h1"
        }, {
          "from" : 17,
          "to" : 85,
          "tag" : "p"
        }, {
          "from" : 85,
          "to" : 102,
          "tag" : "h2"
        }, {
          "from" : 102,
          "to" : 115,
          "tag" : "p"
        }, {
          "from" : 102,
          "to" : 115,
          "tag" : "span",
          "style" : {
            "font-size" : "14px"
          }
        }, {
          "from" : 102,
          "to" : 115,
          "tag" : "b"
        }, {
          "from" : 115,
          "to" : 123,
          "tag" : "p"
        }, {
          "from" : 115,
          "to" : 123,
          "tag" : "span",
          "style" : {
            "font-size" : "14px"
          }
        }, {
          "from" : 123,
          "to" : 159,
          "tag" : "p"
        }, {
          "from" : 123,
          "to" : 159,
          "tag" : "span",
          "style" : {
            "font-size" : "11px"
          }
        }, {
          "from" : 159,
          "to" : 187,
          "tag" : "p"
        }, {
          "from" : 159,
          "to" : 187,
          "tag" : "span",
          "style" : {
            "font-size" : "11px"
          }
        } ],
        "value" : [ {
          "from" : 0,
          "to" : 17,
          "tag" : "h1"
        }, {
          "from" : 17,
          "to" : 85,
          "tag" : "p"
        }, {
          "from" : 85,
          "to" : 102,
          "tag" : "h2"
        }, {
          "from" : 102,
          "to" : 115,
          "tag" : "p"
        }, {
          "from" : 102,
          "to" : 115,
          "tag" : "span",
          "style" : {
            "font-size" : "14px"
          }
        }, {
          "from" : 102,
          "to" : 115,
          "tag" : "b"
        }, {
          "from" : 115,
          "to" : 123,
          "tag" : "p"
        }, {
          "from" : 115,
          "to" : 123,
          "tag" : "span",
          "style" : {
            "font-size" : "14px"
          }
        }, {
          "from" : 123,
          "to" : 159,
          "tag" : "p"
        }, {
          "from" : 123,
          "to" : 159,
          "tag" : "span",
          "style" : {
            "font-size" : "11px"
          }
        }, {
          "from" : 159,
          "to" : 187,
          "tag" : "p"
        }, {
          "from" : 159,
          "to" : 187,
          "tag" : "span",
          "style" : {
            "font-size" : "11px"
          }
        } ]
      },
      "labels" : [ {
        "styles" : {
          "fill" : "#000000",
          "size" : "12",
          "italic" : false,
          "bold" : false
        },
        "ref" : "label_text"
      }, {
        "styles" : {
          "fill" : "#000000",
          "size" : "12",
          "italic" : false,
          "bold" : false
        },
        "ref" : "input_text"
      }, {
        "styles" : {
          "fill" : "#000000",
          "size" : "12",
          "italic" : false,
          "bold" : false
        },
        "ref" : "desc_text"
      } ]
    }, {
      "resourceId" : "cloud-select1",
      "properties" : {
        "id" : "cloud-select1",
        "width" : "200",
        "height" : "",
        "col" : 1,
        "col-align" : "fill",
        "col-weight" : "",
        "row" : 2,
        "row-align" : "top",
        "row-weight" : "",
        "enabled" : true,
        "enabled-run" : "",
        "size" : 12,
        "label-align" : "top-left",
        "description-position" : "bottom",
        "description-align" : "left",
        "node-type" : "",
        "label" : "Label",
        "label_fr_fr" : "Label",
        "label-position" : "left",
        "value" : "{{root.link}}",
        "default-value" : "",
        "description" : "",
        "description_fr_fr" : "",
        "documentation" : "",
        "col-span" : "1",
        "visible" : true,
        "visible-run" : "",
        "editable" : true,
        "editable-run" : "",
        "style-class" : "",
        "required" : false,
        "bordercolor" : "#000000",
        "options" : {
          "totalCount" : 5,
          "items" : [ {
            "name" : "Jesse Eichar (acc-123-bbds)",
            "value" : "acc-123-bbds"
          }, {
            "name" : "Sven Heinrich (bcs-332-dscc)",
            "value" : "bcs-332-dscc"
          }, {
            "name" : "Ivan Mrva (jkd-932-vsae)",
            "value" : "jkd-932-vsae"
          }, {
            "name" : "Tristan Fenaux(fen-32a-ddsa)",
            "value" : "fen-32a-ddsa"
          }, {
            "name" : "Request Extra Information...",
            "value" : "extra"
          } ]
        },
        "options_fr_fr" : {
          "totalCount" : 5,
          "items" : [ {
            "name" : "Jesse Eichar (acc-123-bbds)",
            "value" : "acc-123-bbds"
          }, {
            "name" : "Sven Heinrich (bcs-332-dscc)",
            "value" : "bcs-332-dscc"
          }, {
            "name" : "Ivan Mrva (jkd-932-vsae)",
            "value" : "jkd-932-vsae"
          }, {
            "name" : "Tristan Fenaux(fen-32a-ddsa)",
            "value" : "fen-32a-ddsa"
          }, {
            "name" : "Request Extra Information...",
            "value" : "extra"
          } ]
        },
        "selection-error-msg" : "",
        "selection-error-msg_fr_fr" : "",
        "customstencilid" : "cloud-select",
        "customnamespace" : "http://b3mn.org/stencilset/default.form.palette.xml#",
        "row-span" : 1,
        "stencilid" : "cloud-select",
        "stencilsuperid" : "Component",
        "stencilsuperids" : [ "Component" ],
        "customstencil" : true,
        "xmlTag" : "select"
      },
      "xmlProperties" : [ ],
      "pathProperties" : {
        "id" : "id",
        "description-position" : "helpMessage.position",
        "label" : "label",
        "label_fr_fr" : "i18n.fr.label",
        "label-position" : "labelAlign",
        "value" : "value",
        "default-value" : "defaultValue",
        "description" : "helpMessage.text",
        "description_fr_fr" : "i18n.fr.helpMessage.text",
        "col-span" : "size",
        "visible" : "isVisible",
        "visible-run" : "isVisible",
        "editable" : "editable",
        "editable-run" : "editable",
        "style-class" : "styleClass",
        "required" : "isRequired",
        "options" : "extraSettings.options",
        "options_fr_fr" : "i18n.fr.extraSettings.options",
        "selection-error-msg" : "extraSettings.selectionErrorMsg",
        "selection-error-msg_fr_fr" : "i18n.fr.extraSettings.selectionErrorMsg"
      },
      "stencil" : {
        "id" : "Component"
      },
      "childShapes" : [ ],
      "outgoing" : [ ],
      "bounds" : {
        "lowerRight" : {
          "x" : 984,
          "y" : 124
        },
        "upperLeft" : {
          "x" : 15,
          "y" : 98
        }
      },
      "dockers" : [ ],
      "outputmappingproperties" : {
        "options" : {
          "type" : "complex",
          "placeholders" : [ ]
        },
        "options_fr_fr" : {
          "type" : "complex",
          "placeholders" : [ ]
        }
      },
      "labels" : [ {
        "styles" : {
          "fill" : "#000000",
          "size" : "12",
          "italic" : false,
          "bold" : false
        },
        "ref" : "label_text"
      }, {
        "styles" : {
          "fill" : "#000000",
          "size" : "12",
          "italic" : false,
          "bold" : false
        },
        "ref" : "input_text"
      }, {
        "styles" : {
          "fill" : "#000000",
          "size" : "12",
          "italic" : false,
          "bold" : false
        },
        "ref" : "desc_text"
      } ]
    }, {
      "resourceId" : "cloud-output2",
      "properties" : {
        "id" : "cloud-output2",
        "width" : "200",
        "col" : 1,
        "col-align" : "fill",
        "col-weight" : "",
        "row" : 3,
        "row-align" : "top",
        "row-weight" : "",
        "enabled" : true,
        "enabled-run" : "",
        "size" : 12,
        "label-align" : "top-left",
        "description-position" : "bottom",
        "description-align" : "left",
        "label-position" : "left",
        "description" : "",
        "description_fr_fr" : "",
        "documentation" : "",
        "col-span" : "1",
        "visible" : true,
        "visible-run" : "{{'extra'== root.link}}",
        "style-class" : "",
        "bordercolor" : "#000000",
        "node-type" : "textarea",
        "height" : "",
        "label" : "",
        "label_fr_fr" : "",
        "value" : "Request Additional Information",
        "value_fr_fr" : "Request Additional Information",
        "default-value" : "false",
        "max-length" : "",
        "rich-text" : true,
        "editable" : false,
        "required" : false,
        "customstencilid" : "cloud-output",
        "customnamespace" : "http://b3mn.org/stencilset/default.form.palette.xml#",
        "row-span" : 1,
        "stencilid" : "cloud-output",
        "stencilsuperid" : "Output",
        "stencilsuperids" : [ "Component" ],
        "customstencil" : true,
        "xmlTag" : "textarea"
      },
      "xmlProperties" : [ ],
      "pathProperties" : {
        "id" : "id",
        "description-position" : "helpMessage.position",
        "label-position" : "labelAlign",
        "description" : "helpMessage.text",
        "description_fr_fr" : "i18n.fr.helpMessage.text",
        "col-span" : "size",
        "visible" : "isVisible",
        "visible-run" : "isVisible",
        "style-class" : "styleClass",
        "node-type" : "type",
        "height" : "height",
        "label" : "label",
        "label_fr_fr" : "i18n.fr.label",
        "value" : "value",
        "value_fr_fr" : "i18n.fr.value",
        "default-value" : "defaultValue",
        "rich-text" : "extraSettings.richEditorDisplay",
        "editable" : "editable",
        "required" : "isRequired"
      },
      "stencil" : {
        "id" : "Output"
      },
      "childShapes" : [ ],
      "outgoing" : [ ],
      "bounds" : {
        "lowerRight" : {
          "x" : 984,
          "y" : 197
        },
        "upperLeft" : {
          "x" : 15,
          "y" : 147
        }
      },
      "dockers" : [ ],
      "formats" : {
        "value" : [ {
          "from" : 0,
          "to" : 30,
          "tag" : "h2"
        } ],
        "value_fr_fr" : [ {
          "from" : 0,
          "to" : 30,
          "tag" : "h2"
        } ]
      },
      "labels" : [ {
        "styles" : {
          "fill" : "#000000",
          "size" : "12",
          "italic" : false,
          "bold" : false
        },
        "ref" : "label_text"
      }, {
        "styles" : {
          "fill" : "#000000",
          "size" : "12",
          "italic" : false,
          "bold" : false
        },
        "ref" : "input_text"
      }, {
        "styles" : {
          "fill" : "#000000",
          "size" : "12",
          "italic" : false,
          "bold" : false
        },
        "ref" : "desc_text"
      } ]
    }, {
      "resourceId" : "cloud-checkbox1",
      "properties" : {
        "id" : "cloud-checkbox1",
        "width" : "200",
        "height" : "",
        "col" : 1,
        "col-align" : "fill",
        "col-weight" : "",
        "row" : 4,
        "row-align" : "top",
        "row-weight" : "",
        "enabled" : true,
        "enabled-run" : "",
        "size" : 12,
        "label-align" : "top-left",
        "description-position" : "bottom",
        "description-align" : "left",
        "label" : "Extra Info 1",
        "label_fr_fr" : "Extra Info 1",
        "value" : "{{root.extra1}}",
        "description" : "",
        "description_fr_fr" : "",
        "documentation" : "",
        "col-span" : "1",
        "visible" : true,
        "visible-run" : "{{'extra'== root.link}}",
        "editable" : true,
        "editable-run" : "",
        "style-class" : "",
        "required" : false,
        "bordercolor" : "#000000",
        "node-type" : "boolean",
        "default-value" : true,
        "label-position" : "left",
        "customstencilid" : "cloud-checkbox",
        "customnamespace" : "http://b3mn.org/stencilset/default.form.palette.xml#",
        "row-span" : 1,
        "stencilid" : "cloud-checkbox",
        "stencilsuperid" : "Component",
        "stencilsuperids" : [ "Component" ],
        "customstencil" : true,
        "xmlTag" : "boolean"
      },
      "xmlProperties" : [ ],
      "pathProperties" : {
        "id" : "id",
        "description-position" : "helpMessage.position",
        "label" : "label",
        "label_fr_fr" : "i18n.fr.label",
        "value" : "value",
        "description" : "helpMessage.text",
        "description_fr_fr" : "i18n.fr.helpMessage.text",
        "col-span" : "size",
        "visible" : "isVisible",
        "visible-run" : "isVisible",
        "editable" : "editable",
        "editable-run" : "editable",
        "style-class" : "styleClass",
        "required" : "isRequired",
        "node-type" : "type",
        "default-value" : "defaultValue",
        "label-position" : "labelAlign"
      },
      "stencil" : {
        "id" : "Component"
      },
      "childShapes" : [ ],
      "outgoing" : [ ],
      "bounds" : {
        "lowerRight" : {
          "x" : 984,
          "y" : 246
        },
        "upperLeft" : {
          "x" : 15,
          "y" : 220
        }
      },
      "dockers" : [ ],
      "labels" : [ {
        "styles" : {
          "fill" : "#000000",
          "size" : "12",
          "italic" : false,
          "bold" : false
        },
        "ref" : "label_text"
      }, {
        "styles" : {
          "fill" : "#000000",
          "size" : "12",
          "italic" : false,
          "bold" : false
        },
        "ref" : "input_text"
      }, {
        "styles" : {
          "fill" : "#000000",
          "size" : "12",
          "italic" : false,
          "bold" : false
        },
        "ref" : "input_dependent_text"
      }, {
        "styles" : {
          "fill" : "#000000",
          "size" : "12",
          "italic" : false,
          "bold" : false
        },
        "ref" : "desc_text"
      } ]
    }, {
      "resourceId" : "cloud-checkbox2",
      "properties" : {
        "row-span" : 1,
        "stencilid" : "cloud-checkbox",
        "stencilsuperid" : "Component",
        "stencilsuperids" : [ "Component" ],
        "customstencil" : true,
        "xmlTag" : "boolean",
        "id" : "cloud-checkbox2",
        "width" : "200",
        "height" : "",
        "col" : 1,
        "col-align" : "fill",
        "col-weight" : "",
        "row" : 5,
        "row-align" : "top",
        "row-weight" : "",
        "enabled" : true,
        "enabled-run" : "",
        "size" : 12,
        "label-align" : "top-left",
        "description-position" : "bottom",
        "description-align" : "left",
        "label" : "Extra Info 2",
        "label_fr_fr" : "Extra Info 2",
        "value" : "{{root.extra2}}",
        "description" : "",
        "description_fr_fr" : "",
        "documentation" : "",
        "col-span" : "1",
        "visible" : true,
        "visible-run" : "{{'extra'== root.link}}",
        "editable" : true,
        "editable-run" : "",
        "style-class" : "",
        "required" : false,
        "bordercolor" : "#000000",
        "node-type" : "boolean",
        "default-value" : true,
        "label-position" : "left",
        "customstencilid" : "cloud-checkbox",
        "customnamespace" : "http://b3mn.org/stencilset/default.form.palette.xml#"
      },
      "xmlProperties" : [ ],
      "pathProperties" : {
        "id" : "id",
        "description-position" : "helpMessage.position",
        "label" : "label",
        "label_fr_fr" : "i18n.fr.label",
        "value" : "value",
        "description" : "helpMessage.text",
        "description_fr_fr" : "i18n.fr.helpMessage.text",
        "col-span" : "size",
        "visible" : "isVisible",
        "visible-run" : "isVisible",
        "editable" : "editable",
        "editable-run" : "editable",
        "style-class" : "styleClass",
        "required" : "isRequired",
        "node-type" : "type",
        "default-value" : "defaultValue",
        "label-position" : "labelAlign"
      },
      "stencil" : {
        "id" : "Component"
      },
      "childShapes" : [ ],
      "outgoing" : [ ],
      "bounds" : {
        "lowerRight" : {
          "x" : 984,
          "y" : 295
        },
        "upperLeft" : {
          "x" : 15,
          "y" : 269
        }
      },
      "dockers" : [ ],
      "labels" : [ {
        "styles" : {
          "fill" : "#000000",
          "size" : "12",
          "italic" : false,
          "bold" : false
        },
        "ref" : "label_text"
      }, {
        "styles" : {
          "fill" : "#000000",
          "size" : "12",
          "italic" : false,
          "bold" : false
        },
        "ref" : "input_text"
      }, {
        "styles" : {
          "fill" : "#000000",
          "size" : "12",
          "italic" : false,
          "bold" : false
        },
        "ref" : "input_dependent_text"
      }, {
        "styles" : {
          "fill" : "#000000",
          "size" : "12",
          "italic" : false,
          "bold" : false
        },
        "ref" : "desc_text"
      } ]
    }, {
      "resourceId" : "cloud-checkbox3",
      "properties" : {
        "row-span" : 1,
        "stencilid" : "cloud-checkbox",
        "stencilsuperid" : "Component",
        "stencilsuperids" : [ "Component" ],
        "customstencil" : true,
        "xmlTag" : "boolean",
        "id" : "cloud-checkbox3",
        "width" : "200",
        "height" : "",
        "col" : 1,
        "col-align" : "fill",
        "col-weight" : "",
        "row" : 6,
        "row-align" : "top",
        "row-weight" : "",
        "enabled" : true,
        "enabled-run" : "",
        "size" : 12,
        "label-align" : "top-left",
        "description-position" : "bottom",
        "description-align" : "left",
        "label" : "Extra Info 3",
        "label_fr_fr" : "Extra Info 3",
        "value" : "{{root.extra3}}",
        "description" : "",
        "description_fr_fr" : "",
        "documentation" : "",
        "col-span" : "1",
        "visible" : true,
        "visible-run" : "{{'extra' == root.link}}",
        "editable" : true,
        "editable-run" : "",
        "style-class" : "",
        "required" : false,
        "bordercolor" : "#000000",
        "node-type" : "boolean",
        "default-value" : true,
        "label-position" : "left",
        "customstencilid" : "cloud-checkbox",
        "customnamespace" : "http://b3mn.org/stencilset/default.form.palette.xml#"
      },
      "xmlProperties" : [ ],
      "pathProperties" : {
        "id" : "id",
        "description-position" : "helpMessage.position",
        "label" : "label",
        "label_fr_fr" : "i18n.fr.label",
        "value" : "value",
        "description" : "helpMessage.text",
        "description_fr_fr" : "i18n.fr.helpMessage.text",
        "col-span" : "size",
        "visible" : "isVisible",
        "visible-run" : "isVisible",
        "editable" : "editable",
        "editable-run" : "editable",
        "style-class" : "styleClass",
        "required" : "isRequired",
        "node-type" : "type",
        "default-value" : "defaultValue",
        "label-position" : "labelAlign"
      },
      "stencil" : {
        "id" : "Component"
      },
      "childShapes" : [ ],
      "outgoing" : [ ],
      "bounds" : {
        "lowerRight" : {
          "x" : 984,
          "y" : 344
        },
        "upperLeft" : {
          "x" : 15,
          "y" : 318
        }
      },
      "dockers" : [ ],
      "labels" : [ {
        "styles" : {
          "fill" : "#000000",
          "size" : "12",
          "italic" : false,
          "bold" : false
        },
        "ref" : "label_text"
      }, {
        "styles" : {
          "fill" : "#000000",
          "size" : "12",
          "italic" : false,
          "bold" : false
        },
        "ref" : "input_text"
      }, {
        "styles" : {
          "fill" : "#000000",
          "size" : "12",
          "italic" : false,
          "bold" : false
        },
        "ref" : "input_dependent_text"
      }, {
        "styles" : {
          "fill" : "#000000",
          "size" : "12",
          "italic" : false,
          "bold" : false
        },
        "ref" : "desc_text"
      } ]
    }, {
      "resourceId" : "cloud-checkbox4",
      "properties" : {
        "row-span" : 1,
        "stencilid" : "cloud-checkbox",
        "stencilsuperid" : "Component",
        "stencilsuperids" : [ "Component" ],
        "customstencil" : true,
        "xmlTag" : "boolean",
        "id" : "cloud-checkbox4",
        "width" : "200",
        "height" : "",
        "col" : 1,
        "col-align" : "fill",
        "col-weight" : "",
        "row" : 7,
        "row-align" : "top",
        "row-weight" : "",
        "enabled" : true,
        "enabled-run" : "",
        "size" : 12,
        "label-align" : "top-left",
        "description-position" : "bottom",
        "description-align" : "left",
        "label" : "Extra Info 4",
        "label_fr_fr" : "Extra Info 4",
        "value" : "{{root.extra4}}",
        "description" : "",
        "description_fr_fr" : "",
        "documentation" : "",
        "col-span" : "1",
        "visible" : true,
        "visible-run" : "{{'extra'== root.link}}",
        "editable" : true,
        "editable-run" : "",
        "style-class" : "",
        "required" : false,
        "bordercolor" : "#000000",
        "node-type" : "boolean",
        "default-value" : true,
        "label-position" : "left",
        "customstencilid" : "cloud-checkbox",
        "customnamespace" : "http://b3mn.org/stencilset/default.form.palette.xml#"
      },
      "xmlProperties" : [ ],
      "pathProperties" : {
        "id" : "id",
        "description-position" : "helpMessage.position",
        "label" : "label",
        "label_fr_fr" : "i18n.fr.label",
        "value" : "value",
        "description" : "helpMessage.text",
        "description_fr_fr" : "i18n.fr.helpMessage.text",
        "col-span" : "size",
        "visible" : "isVisible",
        "visible-run" : "isVisible",
        "editable" : "editable",
        "editable-run" : "editable",
        "style-class" : "styleClass",
        "required" : "isRequired",
        "node-type" : "type",
        "default-value" : "defaultValue",
        "label-position" : "labelAlign"
      },
      "stencil" : {
        "id" : "Component"
      },
      "childShapes" : [ ],
      "outgoing" : [ ],
      "bounds" : {
        "lowerRight" : {
          "x" : 984,
          "y" : 393
        },
        "upperLeft" : {
          "x" : 15,
          "y" : 367
        }
      },
      "dockers" : [ ],
      "labels" : [ {
        "styles" : {
          "fill" : "#000000",
          "size" : "12",
          "italic" : false,
          "bold" : false
        },
        "ref" : "label_text"
      }, {
        "styles" : {
          "fill" : "#000000",
          "size" : "12",
          "italic" : false,
          "bold" : false
        },
        "ref" : "input_text"
      }, {
        "styles" : {
          "fill" : "#000000",
          "size" : "12",
          "italic" : false,
          "bold" : false
        },
        "ref" : "input_dependent_text"
      }, {
        "styles" : {
          "fill" : "#000000",
          "size" : "12",
          "italic" : false,
          "bold" : false
        },
        "ref" : "desc_text"
      } ]
    } ],
    "outgoing" : [ ],
    "bounds" : {
      "lowerRight" : {
        "x" : 1049,
        "y" : 466
      },
      "upperLeft" : {
        "x" : 50,
        "y" : 50
      }
    },
    "dockers" : [ ],
    "oldResourceId" : "sid-8D9FC954-EB33-4C05-ADF0-5706EF50E974"
  } ],
  "bounds" : {
    "lowerRight" : {
      "x" : 2351,
      "y" : 1082
    },
    "upperLeft" : {
      "x" : 0,
      "y" : 0
    }
  },
  "stencilset" : {
    "url" : "/acme/vis/editor/stencilsets//edorasForms/edorasForms.json",
    "namespace" : "http://b3mn.org/stencilset/xforms#"
  },
  "ssextensions" : [ "http://b3mn.org/stencilset/default.form.palette.xml#", "http://b3mn.org/stencilset/demo.form.palette.xml#" ]
}