{"rows":[{"cols":[{"isRequired":false,"size":12,"extraSettings":{"richEditorDisplay":true},"labelAlign":"left","defaultValue":false,"editable":false,"isVisible":true,"id":"cloud-output1","type":"textarea","value":"<div><h1>User Verification<\/h1><div>Link the requested user to an existing registered Department 2 user.<\/div><h2>Basic Information<\/h2><p><span style=\"font-size:14px;\"><b>{{root.name}}<\/b><\/span><\/p><p><span style=\"font-size:14px;\">Address:<\/span><\/p><p><span style=\"font-size:11px;\">{{root.street}} {{root.houseNumber}}<\/span><\/p><div><span style=\"font-size:11px;\">{{root.code}} {{root.place}}<\/span><\/div><\/div>","helpMessage":{"position":"bottom"},"i18n":{"fr":{"value":"<div><h1>User Verification<\/h1><div>Link the requested user to an existing registered Department 2 user.<\/div><h2>Basic Information<\/h2><p><span style=\"font-size:14px;\"><b>{{root.name}}<\/b><\/span><\/p><p><span style=\"font-size:14px;\">Address:<\/span><\/p><p><span style=\"font-size:11px;\">{{root.street}} {{root.houseNumber}}<\/span><\/p><div><span style=\"font-size:11px;\">{{root.code}} {{root.place}}<\/span><\/div><\/div>"}}}]},{"cols":[{"isRequired":false,"size":12,"extraSettings":{"options":[{"text":"Jesse Eichar (acc-123-bbds)","value":"acc-123-bbds"},{"text":"Sven Heinrich (bcs-332-dscc)","value":"bcs-332-dscc"},{"text":"Ivan Mrva (jkd-932-vsae)","value":"jkd-932-vsae"},{"text":"Tristan Fenaux(fen-32a-ddsa)","value":"fen-32a-ddsa"},{"text":"Request Extra Information...","value":"extra"}]},"labelAlign":"left","editable":true,"isVisible":true,"label":"Label","id":"cloud-select1","type":"select","value":"{{root.link}}","helpMessage":{"position":"bottom"},"i18n":{"fr":{"extraSettings":{"options":[{"text":"Jesse Eichar (acc-123-bbds)","value":"acc-123-bbds"},{"text":"Sven Heinrich (bcs-332-dscc)","value":"bcs-332-dscc"},{"text":"Ivan Mrva (jkd-932-vsae)","value":"jkd-932-vsae"},{"text":"Tristan Fenaux(fen-32a-ddsa)","value":"fen-32a-ddsa"},{"text":"Request Extra Information...","value":"extra"}]},"label":"Label"}}}]},{"cols":[{"isRequired":false,"size":12,"extraSettings":{"richEditorDisplay":true},"labelAlign":"left","defaultValue":false,"editable":false,"isVisible":"{{'extra'== root.link}}","id":"cloud-output2","type":"textarea","value":"<div><h2>Request Additional Information<\/h2><\/div>","helpMessage":{"position":"bottom"},"i18n":{"fr":{"value":"<div><h2>Request Additional Information<\/h2><\/div>"}}}]},{"cols":[{"isRequired":false,"size":12,"labelAlign":"left","defaultValue":true,"editable":true,"isVisible":"{{'extra'== root.link}}","label":"Extra Info 1","id":"cloud-checkbox1","type":"boolean","value":"{{root.extra1}}","helpMessage":{"position":"bottom"},"i18n":{"fr":{"label":"Extra Info 1"}}}]},{"cols":[{"isRequired":false,"size":12,"labelAlign":"left","defaultValue":true,"editable":true,"isVisible":"{{'extra'== root.link}}","label":"Extra Info 2","id":"cloud-checkbox2","type":"boolean","value":"{{root.extra2}}","helpMessage":{"position":"bottom"},"i18n":{"fr":{"label":"Extra Info 2"}}}]},{"cols":[{"isRequired":false,"size":12,"labelAlign":"left","defaultValue":true,"editable":true,"isVisible":"{{'extra' == root.link}}","label":"Extra Info 3","id":"cloud-checkbox3","type":"boolean","value":"{{root.extra3}}","helpMessage":{"position":"bottom"},"i18n":{"fr":{"label":"Extra Info 3"}}}]},{"cols":[{"isRequired":false,"size":12,"labelAlign":"left","defaultValue":true,"editable":true,"isVisible":"{{'extra'== root.link}}","label":"Extra Info 4","id":"cloud-checkbox4","type":"boolean","value":"{{root.extra4}}","helpMessage":{"position":"bottom"},"i18n":{"fr":{"label":"Extra Info 4"}}}]}]}