{"rows":[{"cols":[{"isRequired":false,"size":12,"extraSettings":{"richEditorDisplay":true},"labelAlign":"left","defaultValue":false,"editable":false,"isVisible":true,"id":"cloud-output1","type":"textarea","helpMessage":{"position":"bottom"}}]},{"cols":[{"isRequired":false,"size":10,"labelAlign":"left","editable":true,"isVisible":true,"label":"Search","id":"self-name1","type":"text","value":"{{search}}","helpMessage":{"position":"bottom"}},{"isRequired":false,"extraSettings":{"iconAlignment":"right","hideSelectors":true,"tooltip":"Start a new Registration Case","workItemType":"CAS","type":"create","alignment":"left","showAsButton":true,"workItemModel":"dc26a1cb-8797-4029-a97d-b66d8b37535c","target":"_self"},"size":2,"labelAlign":"left","editable":false,"id":"cloud-link-button-create2","isVisible":true,"type":"linkButton","value":"New","helpMessage":{"position":"bottom"}}]},{"cols":[{"isRequired":false,"extraSettings":{"queryUrl":"type:CAS state:open model:'Registration Case' sort:creation:desc {{search}}","formatItem":"{{item.name}}","type":"ONE","collapsible":false,"linkTargetView":"browse","itemsMaxSize":20},"size":12,"labelAlign":"top","editable":false,"isVisible":true,"label":"Open Requests","id":"cloud-one-list1","type":"itemsList","helpMessage":{"position":"bottom"}}]}]}