{
  "_entityClassifier" : "WRK",
  "id" : "WRK(GEAR-873188f6-96aa-46fb-b4d3-bffcd54ae506)",
  "globalId" : "FORM_MODEL-9eba6d4b-6a08-4aa2-9c0c-51605e42f0da",
  "externalId" : "WRK(7fe68ee8-867f-4ba9-88cb-35f3227ef12e)",
  "providerId" : "com.edorasware.cloud.core.provider.model.FormModelProvider",
  "tenantId" : "48b5f668-46b3-428c-850b-f4e1a62cccc3",
  "name" : "Dept 1 Dashboard Form",
  "creationTime" : "2016-09-12T11:49:53.624Z",
  "updateTime" : "2016-09-13T07:13:58.448Z",
  "type" : "FORM_MODEL",
  "modificationVersion" : 114,
  "modificationCreatorId" : "GEAR-16720586-e205-40d1-a4b6-f25d5df185a4",
  "modificationUpdaterId" : "GEAR-16720586-e205-40d1-a4b6-f25d5df185a4",
  "definitionId" : "GEAR-9421ba6f-fcde-48f7-b905-c1bc3716c495",
  "state" : "ACTIVE",
  "subState" : "ACTIVE",
  "variables" : [ {
    "name" : "_comment",
    "type" : "java.lang.String",
    "value" : "[{\"author\":\"Administrator\",\"authorId\":\"GEAR-16720586-e205-40d1-a4b6-f25d5df185a4\",\"date\":\"2016-09-12T11:49:53.658Z\",\"text\":\"Created\",\"deletable\":false,\"replies\":[]},{\"author\":\"Administrator\",\"authorId\":\"GEAR-16720586-e205-40d1-a4b6-f25d5df185a4\",\"date\":\"2016-09-12T11:54:40.422Z\",\"text\":\"Model edited\",\"deletable\":false,\"replies\":[]},{\"author\":\"Administrator\",\"authorId\":\"GEAR-16720586-e205-40d1-a4b6-f25d5df185a4\",\"date\":\"2016-09-12T12:00:37.569Z\",\"text\":\"Deployed\",\"deletable\":false,\"replies\":[]},{\"author\":\"Administrator\",\"authorId\":\"GEAR-16720586-e205-40d1-a4b6-f25d5df185a4\",\"date\":\"2016-09-12T12:01:27.504Z\",\"text\":\"Deployed\",\"deletable\":false,\"replies\":[]},{\"author\":\"Administrator\",\"authorId\":\"GEAR-16720586-e205-40d1-a4b6-f25d5df185a4\",\"date\":\"2016-09-12T12:08:09.707Z\",\"text\":\"Deployed\",\"deletable\":false,\"replies\":[]},{\"author\":\"Administrator\",\"authorId\":\"GEAR-16720586-e205-40d1-a4b6-f25d5df185a4\",\"date\":\"2016-09-12T12:14:16.635Z\",\"text\":\"Model edited\",\"deletable\":false,\"replies\":[]},{\"author\":\"Administrator\",\"authorId\":\"GEAR-16720586-e205-40d1-a4b6-f25d5df185a4\",\"date\":\"2016-09-12T12:14:21.247Z\",\"text\":\"Deployed\",\"deletable\":false,\"replies\":[]},{\"author\":\"Administrator\",\"authorId\":\"GEAR-16720586-e205-40d1-a4b6-f25d5df185a4\",\"date\":\"2016-09-12T12:15:33.203Z\",\"text\":\"Model edited\",\"deletable\":false,\"replies\":[]},{\"author\":\"Administrator\",\"authorId\":\"GEAR-16720586-e205-40d1-a4b6-f25d5df185a4\",\"date\":\"2016-09-12T12:15:40.950Z\",\"text\":\"Deployed\",\"deletable\":false,\"replies\":[]},{\"author\":\"Administrator\",\"authorId\":\"GEAR-16720586-e205-40d1-a4b6-f25d5df185a4\",\"date\":\"2016-09-12T12:16:24.970Z\",\"text\":\"Model edited\",\"deletable\":false,\"replies\":[]},{\"author\":\"Administrator\",\"authorId\":\"GEAR-16720586-e205-40d1-a4b6-f25d5df185a4\",\"date\":\"2016-09-12T12:16:32.075Z\",\"text\":\"Deployed\",\"deletable\":false,\"replies\":[]},{\"author\":\"Administrator\",\"authorId\":\"GEAR-16720586-e205-40d1-a4b6-f25d5df185a4\",\"date\":\"2016-09-12T12:18:15.065Z\",\"text\":\"Deployed\",\"deletable\":false,\"replies\":[]},{\"author\":\"Administrator\",\"authorId\":\"GEAR-16720586-e205-40d1-a4b6-f25d5df185a4\",\"date\":\"2016-09-12T12:20:42.872Z\",\"text\":\"Deployed\",\"deletable\":false,\"replies\":[]},{\"author\":\"Administrator\",\"authorId\":\"GEAR-16720586-e205-40d1-a4b6-f25d5df185a4\",\"date\":\"2016-09-12T12:22:03.835Z\",\"text\":\"Deployed\",\"deletable\":false,\"replies\":[]},{\"author\":\"Administrator\",\"authorId\":\"GEAR-16720586-e205-40d1-a4b6-f25d5df185a4\",\"date\":\"2016-09-12T12:22:52.756Z\",\"text\":\"Model edited\",\"deletable\":false,\"replies\":[]},{\"author\":\"Administrator\",\"authorId\":\"GEAR-16720586-e205-40d1-a4b6-f25d5df185a4\",\"date\":\"2016-09-12T12:23:50.757Z\",\"text\":\"Model edited\",\"deletable\":false,\"replies\":[]},{\"author\":\"Administrator\",\"authorId\":\"GEAR-16720586-e205-40d1-a4b6-f25d5df185a4\",\"date\":\"2016-09-12T12:24:14.395Z\",\"text\":\"Deployed\",\"deletable\":false,\"replies\":[]},{\"author\":\"Administrator\",\"authorId\":\"GEAR-16720586-e205-40d1-a4b6-f25d5df185a4\",\"date\":\"2016-09-12T12:25:17.127Z\",\"text\":\"Deployed\",\"deletable\":false,\"replies\":[]},{\"author\":\"Administrator\",\"authorId\":\"GEAR-16720586-e205-40d1-a4b6-f25d5df185a4\",\"date\":\"2016-09-12T12:25:19.940Z\",\"text\":\"Deployed\",\"deletable\":false,\"replies\":[]},{\"author\":\"Administrator\",\"authorId\":\"GEAR-16720586-e205-40d1-a4b6-f25d5df185a4\",\"date\":\"2016-09-12T12:26:15.200Z\",\"text\":\"Model edited\",\"deletable\":false,\"replies\":[]},{\"author\":\"Administrator\",\"authorId\":\"GEAR-16720586-e205-40d1-a4b6-f25d5df185a4\",\"date\":\"2016-09-12T12:26:20.163Z\",\"text\":\"Deployed\",\"deletable\":false,\"replies\":[]},{\"author\":\"Administrator\",\"authorId\":\"GEAR-16720586-e205-40d1-a4b6-f25d5df185a4\",\"date\":\"2016-09-12T12:27:05.346Z\",\"text\":\"Model edited\",\"deletable\":false,\"replies\":[]},{\"author\":\"Administrator\",\"authorId\":\"GEAR-16720586-e205-40d1-a4b6-f25d5df185a4\",\"date\":\"2016-09-12T12:27:14.318Z\",\"text\":\"Deployed\",\"deletable\":false,\"replies\":[]},{\"author\":\"Administrator\",\"authorId\":\"GEAR-16720586-e205-40d1-a4b6-f25d5df185a4\",\"date\":\"2016-09-12T12:29:18.917Z\",\"text\":\"Model edited\",\"deletable\":false,\"replies\":[]},{\"author\":\"Administrator\",\"authorId\":\"GEAR-16720586-e205-40d1-a4b6-f25d5df185a4\",\"date\":\"2016-09-12T12:29:26.185Z\",\"text\":\"Deployed\",\"deletable\":false,\"replies\":[]},{\"author\":\"Administrator\",\"authorId\":\"GEAR-16720586-e205-40d1-a4b6-f25d5df185a4\",\"date\":\"2016-09-12T12:30:47.627Z\",\"text\":\"Model edited\",\"deletable\":false,\"replies\":[]},{\"author\":\"Administrator\",\"authorId\":\"GEAR-16720586-e205-40d1-a4b6-f25d5df185a4\",\"date\":\"2016-09-12T12:30:54.995Z\",\"text\":\"Deployed\",\"deletable\":false,\"replies\":[]},{\"author\":\"Administrator\",\"authorId\":\"GEAR-16720586-e205-40d1-a4b6-f25d5df185a4\",\"date\":\"2016-09-12T12:32:03.350Z\",\"text\":\"Model edited\",\"deletable\":false,\"replies\":[]},{\"author\":\"Administrator\",\"authorId\":\"GEAR-16720586-e205-40d1-a4b6-f25d5df185a4\",\"date\":\"2016-09-12T12:32:34.918Z\",\"text\":\"Deployed\",\"deletable\":false,\"replies\":[]},{\"author\":\"Administrator\",\"authorId\":\"GEAR-16720586-e205-40d1-a4b6-f25d5df185a4\",\"date\":\"2016-09-12T12:41:30.420Z\",\"text\":\"Model edited\",\"deletable\":false,\"replies\":[]},{\"author\":\"Administrator\",\"authorId\":\"GEAR-16720586-e205-40d1-a4b6-f25d5df185a4\",\"date\":\"2016-09-12T12:41:36.475Z\",\"text\":\"Deployed\",\"deletable\":false,\"replies\":[]},{\"author\":\"Administrator\",\"authorId\":\"GEAR-16720586-e205-40d1-a4b6-f25d5df185a4\",\"date\":\"2016-09-12T12:42:23.642Z\",\"text\":\"Model edited\",\"deletable\":false,\"replies\":[]},{\"author\":\"Administrator\",\"authorId\":\"GEAR-16720586-e205-40d1-a4b6-f25d5df185a4\",\"date\":\"2016-09-12T12:42:33.213Z\",\"text\":\"Deployed\",\"deletable\":false,\"replies\":[]},{\"author\":\"Administrator\",\"authorId\":\"GEAR-16720586-e205-40d1-a4b6-f25d5df185a4\",\"date\":\"2016-09-12T12:43:37.543Z\",\"text\":\"Model edited\",\"deletable\":false,\"replies\":[]},{\"author\":\"Administrator\",\"authorId\":\"GEAR-16720586-e205-40d1-a4b6-f25d5df185a4\",\"date\":\"2016-09-12T12:43:53.298Z\",\"text\":\"Deployed\",\"deletable\":false,\"replies\":[]},{\"author\":\"Administrator\",\"authorId\":\"GEAR-16720586-e205-40d1-a4b6-f25d5df185a4\",\"date\":\"2016-09-13T07:06:07.251Z\",\"text\":\"Model edited\",\"deletable\":false,\"replies\":[]},{\"author\":\"Administrator\",\"authorId\":\"GEAR-16720586-e205-40d1-a4b6-f25d5df185a4\",\"date\":\"2016-09-13T07:06:35.744Z\",\"text\":\"Model edited\",\"deletable\":false,\"replies\":[]},{\"author\":\"Administrator\",\"authorId\":\"GEAR-16720586-e205-40d1-a4b6-f25d5df185a4\",\"date\":\"2016-09-13T07:13:58.442Z\",\"text\":\"Deployed\",\"deletable\":false,\"replies\":[]}]"
  }, {
    "name" : "_latestModelRevision",
    "type" : "java.lang.String",
    "value" : "{\"revisionId\":\"18e80e8c-a5ab-477d-9bc2-31d55b16b3f9\",\"modelJson\":\"{\\r\\n  \\\"resourceId\\\" : \\\"canvas\\\",\\r\\n  \\\"properties\\\" : {\\r\\n    \\\"stencilsuperids\\\" : [ \\\"XForm\\\" ],\\r\\n    \\\"stencilid\\\" : \\\"XForm\\\",\\r\\n    \\\"xmlTag\\\" : \\\"XForm\\\",\\r\\n    \\\"customstencil\\\" : true,\\r\\n    \\\"name\\\" : \\\"Dept 1 Dashboard Form\\\",\\r\\n    \\\"stencilsuperid\\\" : \\\"XForm\\\",\\r\\n    \\\"id\\\" : \\\"edoras-a12f0ec21d37\\\",\\r\\n    \\\"guid\\\" : \\\"GEAR-873188f6-96aa-46fb-b4d3-bffcd54ae506\\\",\\r\\n    \\\"stylesheet\\\" : \\\"\\\"\\r\\n  },\\r\\n  \\\"xmlProperties\\\" : [ ],\\r\\n  \\\"pathProperties\\\" : {\\r\\n    \\\"id\\\" : \\\"id\\\"\\r\\n  },\\r\\n  \\\"stencil\\\" : {\\r\\n    \\\"id\\\" : \\\"XForm\\\"\\r\\n  },\\r\\n  \\\"childShapes\\\" : [ {\\r\\n    \\\"resourceId\\\" : \\\"slotPanel1\\\",\\r\\n    \\\"properties\\\" : {\\r\\n      \\\"col\\\" : 1,\\r\\n      \\\"enabled-run\\\" : \\\"\\\",\\r\\n      \\\"visible-run\\\" : \\\"\\\",\\r\\n      \\\"row-span\\\" : 1,\\r\\n      \\\"title\\\" : \\\"\\\",\\r\\n      \\\"collapsible\\\" : \\\"false\\\",\\r\\n      \\\"enabled\\\" : \\\"true\\\",\\r\\n      \\\"stencilsuperids\\\" : [ \\\"SlotPanel\\\" ],\\r\\n      \\\"expanded\\\" : \\\"false\\\",\\r\\n      \\\"col-span\\\" : 1,\\r\\n      \\\"stencilsuperid\\\" : \\\"SlotPanel\\\",\\r\\n      \\\"row\\\" : 1,\\r\\n      \\\"row-weight\\\" : \\\"0\\\",\\r\\n      \\\"height\\\" : \\\"\\\",\\r\\n      \\\"stencilid\\\" : \\\"SlotPanel\\\",\\r\\n      \\\"visible\\\" : \\\"true\\\",\\r\\n      \\\"customstencil\\\" : true,\\r\\n      \\\"row-align\\\" : \\\"top\\\",\\r\\n      \\\"oldresourceid\\\" : \\\"sid-8D9FC954-EB33-4C05-ADF0-5706EF50E974\\\",\\r\\n      \\\"xmlTag\\\" : \\\"panel\\\",\\r\\n      \\\"col-align\\\" : \\\"fill\\\",\\r\\n      \\\"title-run\\\" : \\\"\\\",\\r\\n      \\\"style-class\\\" : \\\"\\\",\\r\\n      \\\"col-weight\\\" : \\\"0\\\",\\r\\n      \\\"id\\\" : \\\"slotPanel1\\\",\\r\\n      \\\"width\\\" : \\\"300\\\",\\r\\n      \\\"size\\\" : 1\\r\\n    },\\r\\n    \\\"xmlProperties\\\" : [ ],\\r\\n    \\\"pathProperties\\\" : {\\r\\n      \\\"id\\\" : \\\"id\\\"\\r\\n    },\\r\\n    \\\"stencil\\\" : {\\r\\n      \\\"id\\\" : \\\"SlotPanel\\\"\\r\\n    },\\r\\n    \\\"childShapes\\\" : [ {\\r\\n      \\\"resourceId\\\" : \\\"cloud-link-button-create2\\\",\\r\\n      \\\"properties\\\" : {\\r\\n        \\\"row-span\\\" : 1,\\r\\n        \\\"context-variables_fr_fr\\\" : \\\"\\\",\\r\\n        \\\"value_fr_fr\\\" : \\\"Registration\\\",\\r\\n        \\\"stencilid\\\" : \\\"cloud-link-button-create\\\",\\r\\n        \\\"customstencil\\\" : true,\\r\\n        \\\"description_fr_fr\\\" : \\\"\\\",\\r\\n        \\\"stencilsuperids\\\" : [ \\\"Component\\\" ],\\r\\n        \\\"stencilsuperid\\\" : \\\"Button\\\",\\r\\n        \\\"xmlTag\\\" : \\\"linkButton\\\",\\r\\n        \\\"label_fr_fr\\\" : \\\"\\\",\\r\\n        \\\"id\\\" : \\\"cloud-link-button-create2\\\",\\r\\n        \\\"width\\\" : \\\"200\\\",\\r\\n        \\\"height\\\" : \\\"\\\",\\r\\n        \\\"col\\\" : 11,\\r\\n        \\\"col-align\\\" : \\\"fill\\\",\\r\\n        \\\"col-weight\\\" : \\\"\\\",\\r\\n        \\\"row\\\" : 2,\\r\\n        \\\"row-align\\\" : \\\"top\\\",\\r\\n        \\\"row-weight\\\" : \\\"\\\",\\r\\n        \\\"enabled\\\" : true,\\r\\n        \\\"enabled-run\\\" : \\\"\\\",\\r\\n        \\\"size\\\" : 2,\\r\\n        \\\"label-align\\\" : \\\"top-left\\\",\\r\\n        \\\"description-position\\\" : \\\"bottom\\\",\\r\\n        \\\"description-align\\\" : \\\"left\\\",\\r\\n        \\\"node-type\\\" : \\\"\\\",\\r\\n        \\\"label-position\\\" : \\\"left\\\",\\r\\n        \\\"description\\\" : \\\"\\\",\\r\\n        \\\"documentation\\\" : \\\"\\\",\\r\\n        \\\"col-span\\\" : \\\"1\\\",\\r\\n        \\\"visible\\\" : true,\\r\\n        \\\"visible-run\\\" : \\\"\\\",\\r\\n        \\\"style-class\\\" : \\\"\\\",\\r\\n        \\\"link-target\\\" : \\\"_self\\\",\\r\\n        \\\"button-alignment\\\" : \\\"left\\\",\\r\\n        \\\"button-alignment-run\\\" : \\\"\\\",\\r\\n        \\\"button-icon-url\\\" : \\\"\\\",\\r\\n        \\\"button-icon-alignment\\\" : \\\"right\\\",\\r\\n        \\\"context-variables\\\" : \\\"\\\",\\r\\n        \\\"bordercolor\\\" : \\\"#000000\\\",\\r\\n        \\\"tooltip\\\" : \\\"Start a new Registration Case\\\",\\r\\n        \\\"editable\\\" : false,\\r\\n        \\\"editable-run\\\" : \\\"\\\",\\r\\n        \\\"required\\\" : false,\\r\\n        \\\"label\\\" : \\\"\\\",\\r\\n        \\\"default-value\\\" : \\\"\\\",\\r\\n        \\\"value\\\" : \\\"New\\\",\\r\\n        \\\"work-item-type\\\" : \\\"CAS\\\",\\r\\n        \\\"work-item-type-run\\\" : \\\"\\\",\\r\\n        \\\"work-item-model\\\" : \\\"dc26a1cb-8797-4029-a97d-b66d8b37535c\\\",\\r\\n        \\\"work-item-model-run\\\" : \\\"\\\",\\r\\n        \\\"link-button-show-as-button\\\" : true,\\r\\n        \\\"hide-selectors\\\" : true,\\r\\n        \\\"hide-selectors-run\\\" : \\\"\\\",\\r\\n        \\\"link-button-type\\\" : \\\"create\\\",\\r\\n        \\\"customstencilid\\\" : \\\"cloud-link-button-create\\\",\\r\\n        \\\"customnamespace\\\" : \\\"http://b3mn.org/stencilset/default.form.palette.xml#\\\"\\r\\n      },\\r\\n      \\\"xmlProperties\\\" : [ ],\\r\\n      \\\"pathProperties\\\" : {\\r\\n        \\\"id\\\" : \\\"id\\\",\\r\\n        \\\"description-position\\\" : \\\"helpMessage.position\\\",\\r\\n        \\\"label-position\\\" : \\\"labelAlign\\\",\\r\\n        \\\"description\\\" : \\\"helpMessage.text\\\",\\r\\n        \\\"col-span\\\" : \\\"size\\\",\\r\\n        \\\"visible\\\" : \\\"isVisible\\\",\\r\\n        \\\"visible-run\\\" : \\\"isVisible\\\",\\r\\n        \\\"style-class\\\" : \\\"styleClass\\\",\\r\\n        \\\"link-target\\\" : \\\"extraSettings.target\\\",\\r\\n        \\\"button-alignment\\\" : \\\"extraSettings.alignment\\\",\\r\\n        \\\"button-alignment-run\\\" : \\\"extraSettings.alignment\\\",\\r\\n        \\\"button-icon-url\\\" : \\\"extraSettings.iconUrl\\\",\\r\\n        \\\"button-icon-alignment\\\" : \\\"extraSettings.iconAlignment\\\",\\r\\n        \\\"context-variables\\\" : \\\"extraSettings.contextVariables\\\",\\r\\n        \\\"tooltip\\\" : \\\"extraSettings.tooltip\\\",\\r\\n        \\\"editable\\\" : \\\"editable\\\",\\r\\n        \\\"editable-run\\\" : \\\"editable\\\",\\r\\n        \\\"required\\\" : \\\"isRequired\\\",\\r\\n        \\\"label\\\" : \\\"label\\\",\\r\\n        \\\"default-value\\\" : \\\"defaultValue\\\",\\r\\n        \\\"value\\\" : \\\"value\\\",\\r\\n        \\\"work-item-type\\\" : \\\"extraSettings.workItemType\\\",\\r\\n        \\\"work-item-type-run\\\" : \\\"extraSettings.workItemType\\\",\\r\\n        \\\"work-item-model\\\" : \\\"extraSettings.workItemModel\\\",\\r\\n        \\\"work-item-model-run\\\" : \\\"extraSettings.workItemModel\\\",\\r\\n        \\\"link-button-show-as-button\\\" : \\\"extraSettings.showAsButton\\\",\\r\\n        \\\"hide-selectors\\\" : \\\"extraSettings.hideSelectors\\\",\\r\\n        \\\"hide-selectors-run\\\" : \\\"extraSettings.hideSelectors\\\",\\r\\n        \\\"link-button-type\\\" : \\\"extraSettings.type\\\"\\r\\n      },\\r\\n      \\\"stencil\\\" : {\\r\\n        \\\"id\\\" : \\\"Button\\\"\\r\\n      },\\r\\n      \\\"childShapes\\\" : [ ],\\r\\n      \\\"outgoing\\\" : [ ],\\r\\n      \\\"bounds\\\" : {\\r\\n        \\\"lowerRight\\\" : {\\r\\n          \\\"x\\\" : 984,\\r\\n          \\\"y\\\" : 124\\r\\n        },\\r\\n        \\\"upperLeft\\\" : {\\r\\n          \\\"x\\\" : 835,\\r\\n          \\\"y\\\" : 98\\r\\n        }\\r\\n      },\\r\\n      \\\"dockers\\\" : [ ],\\r\\n      \\\"outputmappingproperties\\\" : {\\r\\n        \\\"context-variables\\\" : {\\r\\n          \\\"type\\\" : \\\"complex\\\",\\r\\n          \\\"placeholders\\\" : [ ]\\r\\n        }\\r\\n      },\\r\\n      \\\"labels\\\" : [ {\\r\\n        \\\"styles\\\" : {\\r\\n          \\\"fill\\\" : \\\"#000000\\\",\\r\\n          \\\"size\\\" : \\\"12\\\",\\r\\n          \\\"italic\\\" : false,\\r\\n          \\\"bold\\\" : false\\r\\n        },\\r\\n        \\\"ref\\\" : \\\"label_text\\\"\\r\\n      }, {\\r\\n        \\\"styles\\\" : {\\r\\n          \\\"fill\\\" : \\\"#000000\\\",\\r\\n          \\\"size\\\" : \\\"12\\\",\\r\\n          \\\"italic\\\" : false,\\r\\n          \\\"bold\\\" : false\\r\\n        },\\r\\n        \\\"ref\\\" : \\\"input_text\\\"\\r\\n      }, {\\r\\n        \\\"styles\\\" : {\\r\\n          \\\"fill\\\" : \\\"#000000\\\",\\r\\n          \\\"size\\\" : \\\"12\\\",\\r\\n          \\\"italic\\\" : false,\\r\\n          \\\"bold\\\" : false\\r\\n        },\\r\\n        \\\"ref\\\" : \\\"desc_text\\\"\\r\\n      } ]\\r\\n    }, {\\r\\n      \\\"resourceId\\\" : \\\"cloud-output1\\\",\\r\\n      \\\"properties\\\" : {\\r\\n        \\\"row-span\\\" : 1,\\r\\n        \\\"stencilsuperids\\\" : [ \\\"Component\\\" ],\\r\\n        \\\"stencilsuperid\\\" : \\\"Output\\\",\\r\\n        \\\"stencilid\\\" : \\\"cloud-output\\\",\\r\\n        \\\"customstencil\\\" : true,\\r\\n        \\\"xmlTag\\\" : \\\"textarea\\\",\\r\\n        \\\"id\\\" : \\\"cloud-output1\\\",\\r\\n        \\\"width\\\" : \\\"200\\\",\\r\\n        \\\"col\\\" : 1,\\r\\n        \\\"col-align\\\" : \\\"fill\\\",\\r\\n        \\\"col-weight\\\" : \\\"\\\",\\r\\n        \\\"row\\\" : 1,\\r\\n        \\\"row-align\\\" : \\\"top\\\",\\r\\n        \\\"row-weight\\\" : \\\"\\\",\\r\\n        \\\"enabled\\\" : true,\\r\\n        \\\"enabled-run\\\" : \\\"\\\",\\r\\n        \\\"size\\\" : 12,\\r\\n        \\\"label-align\\\" : \\\"top-left\\\",\\r\\n        \\\"description-position\\\" : \\\"bottom\\\",\\r\\n        \\\"description-align\\\" : \\\"left\\\",\\r\\n        \\\"label-position\\\" : \\\"left\\\",\\r\\n        \\\"description\\\" : \\\"\\\",\\r\\n        \\\"documentation\\\" : \\\"\\\",\\r\\n        \\\"col-span\\\" : \\\"1\\\",\\r\\n        \\\"visible\\\" : true,\\r\\n        \\\"visible-run\\\" : \\\"\\\",\\r\\n        \\\"style-class\\\" : \\\"\\\",\\r\\n        \\\"bordercolor\\\" : \\\"#000000\\\",\\r\\n        \\\"node-type\\\" : \\\"textarea\\\",\\r\\n        \\\"height\\\" : \\\"\\\",\\r\\n        \\\"label\\\" : \\\"\\\",\\r\\n        \\\"default-value\\\" : \\\"false\\\",\\r\\n        \\\"max-length\\\" : \\\"\\\",\\r\\n        \\\"rich-text\\\" : true,\\r\\n        \\\"editable\\\" : false,\\r\\n        \\\"required\\\" : false,\\r\\n        \\\"customstencilid\\\" : \\\"cloud-output\\\",\\r\\n        \\\"customnamespace\\\" : \\\"http://b3mn.org/stencilset/default.form.palette.xml#\\\"\\r\\n      },\\r\\n      \\\"xmlProperties\\\" : [ ],\\r\\n      \\\"pathProperties\\\" : {\\r\\n        \\\"id\\\" : \\\"id\\\",\\r\\n        \\\"description-position\\\" : \\\"helpMessage.position\\\",\\r\\n        \\\"label-position\\\" : \\\"labelAlign\\\",\\r\\n        \\\"description\\\" : \\\"helpMessage.text\\\",\\r\\n        \\\"col-span\\\" : \\\"size\\\",\\r\\n        \\\"visible\\\" : \\\"isVisible\\\",\\r\\n        \\\"visible-run\\\" : \\\"isVisible\\\",\\r\\n        \\\"style-class\\\" : \\\"styleClass\\\",\\r\\n        \\\"node-type\\\" : \\\"type\\\",\\r\\n        \\\"height\\\" : \\\"height\\\",\\r\\n        \\\"label\\\" : \\\"label\\\",\\r\\n        \\\"value\\\" : \\\"value\\\",\\r\\n        \\\"default-value\\\" : \\\"defaultValue\\\",\\r\\n        \\\"rich-text\\\" : \\\"extraSettings.richEditorDisplay\\\",\\r\\n        \\\"editable\\\" : \\\"editable\\\",\\r\\n        \\\"required\\\" : \\\"isRequired\\\"\\r\\n      },\\r\\n      \\\"stencil\\\" : {\\r\\n        \\\"id\\\" : \\\"Output\\\"\\r\\n      },\\r\\n      \\\"childShapes\\\" : [ ],\\r\\n      \\\"outgoing\\\" : [ ],\\r\\n      \\\"bounds\\\" : {\\r\\n        \\\"lowerRight\\\" : {\\r\\n          \\\"x\\\" : 984,\\r\\n          \\\"y\\\" : 75\\r\\n        },\\r\\n        \\\"upperLeft\\\" : {\\r\\n          \\\"x\\\" : 15,\\r\\n          \\\"y\\\" : 25\\r\\n        }\\r\\n      },\\r\\n      \\\"dockers\\\" : [ ],\\r\\n      \\\"formats\\\" : {\\r\\n        \\\"value\\\" : [ {\\r\\n          \\\"from\\\" : 0,\\r\\n          \\\"to\\\" : 13,\\r\\n          \\\"tag\\\" : \\\"h1\\\"\\r\\n        }, {\\r\\n          \\\"from\\\" : 13,\\r\\n          \\\"to\\\" : 14,\\r\\n          \\\"tag\\\" : \\\"p\\\"\\r\\n        } ]\\r\\n      },\\r\\n      \\\"labels\\\" : [ {\\r\\n        \\\"styles\\\" : {\\r\\n          \\\"fill\\\" : \\\"#000000\\\",\\r\\n          \\\"size\\\" : \\\"12\\\",\\r\\n          \\\"italic\\\" : false,\\r\\n          \\\"bold\\\" : false\\r\\n        },\\r\\n        \\\"ref\\\" : \\\"label_text\\\"\\r\\n      }, {\\r\\n        \\\"styles\\\" : {\\r\\n          \\\"fill\\\" : \\\"#000000\\\",\\r\\n          \\\"size\\\" : \\\"12\\\",\\r\\n          \\\"italic\\\" : false,\\r\\n          \\\"bold\\\" : false\\r\\n        },\\r\\n        \\\"ref\\\" : \\\"input_text\\\"\\r\\n      }, {\\r\\n        \\\"styles\\\" : {\\r\\n          \\\"fill\\\" : \\\"#000000\\\",\\r\\n          \\\"size\\\" : \\\"12\\\",\\r\\n          \\\"italic\\\" : false,\\r\\n          \\\"bold\\\" : false\\r\\n        },\\r\\n        \\\"ref\\\" : \\\"desc_text\\\"\\r\\n      } ]\\r\\n    }, {\\r\\n      \\\"resourceId\\\" : \\\"cloud-one-list1\\\",\\r\\n      \\\"properties\\\" : {\\r\\n        \\\"row-span\\\" : 1,\\r\\n        \\\"stencilsuperids\\\" : [ \\\"Component\\\" ],\\r\\n        \\\"stencilsuperid\\\" : \\\"Component\\\",\\r\\n        \\\"stencilid\\\" : \\\"cloud-one-list\\\",\\r\\n        \\\"customstencil\\\" : true,\\r\\n        \\\"xmlTag\\\" : \\\"itemsList\\\",\\r\\n        \\\"id\\\" : \\\"cloud-one-list1\\\",\\r\\n        \\\"width\\\" : \\\"200\\\",\\r\\n        \\\"height\\\" : \\\"\\\",\\r\\n        \\\"col\\\" : 1,\\r\\n        \\\"col-align\\\" : \\\"fill\\\",\\r\\n        \\\"col-weight\\\" : \\\"\\\",\\r\\n        \\\"row\\\" : 3,\\r\\n        \\\"row-align\\\" : \\\"top\\\",\\r\\n        \\\"row-weight\\\" : \\\"\\\",\\r\\n        \\\"enabled\\\" : true,\\r\\n        \\\"enabled-run\\\" : \\\"\\\",\\r\\n        \\\"size\\\" : 12,\\r\\n        \\\"label-align\\\" : \\\"top-left\\\",\\r\\n        \\\"description-position\\\" : \\\"bottom\\\",\\r\\n        \\\"description-align\\\" : \\\"left\\\",\\r\\n        \\\"node-type\\\" : \\\"\\\",\\r\\n        \\\"label\\\" : \\\"Open Requests\\\",\\r\\n        \\\"label-position\\\" : \\\"top\\\",\\r\\n        \\\"description\\\" : \\\"\\\",\\r\\n        \\\"documentation\\\" : \\\"\\\",\\r\\n        \\\"col-span\\\" : \\\"1\\\",\\r\\n        \\\"visible\\\" : true,\\r\\n        \\\"visible-run\\\" : \\\"\\\",\\r\\n        \\\"style-class\\\" : \\\"\\\",\\r\\n        \\\"bordercolor\\\" : \\\"#000000\\\",\\r\\n        \\\"default-value\\\" : \\\"\\\",\\r\\n        \\\"options\\\" : \\\"\\\",\\r\\n        \\\"editable\\\" : false,\\r\\n        \\\"editable-run\\\" : \\\"\\\",\\r\\n        \\\"required\\\" : false,\\r\\n        \\\"value\\\" : \\\"\\\",\\r\\n        \\\"query\\\" : \\\"type:CAS state:open model:\\u0027Registration Case\\u0027 sort:creation:desc {{search}}\\\",\\r\\n        \\\"items-min-size\\\" : \\\"\\\",\\r\\n        \\\"items-max-size\\\" : 20,\\r\\n        \\\"format-item\\\" : \\\"{{item.name}}\\\",\\r\\n        \\\"link-item\\\" : \\\"\\\",\\r\\n        \\\"link-target-view\\\" : \\\"browse\\\",\\r\\n        \\\"title\\\" : \\\"\\\",\\r\\n        \\\"list-type\\\" : \\\"ONE\\\",\\r\\n        \\\"collapsible\\\" : false,\\r\\n        \\\"customstencilid\\\" : \\\"cloud-one-list\\\",\\r\\n        \\\"customnamespace\\\" : \\\"http://b3mn.org/stencilset/default.form.palette.xml#\\\"\\r\\n      },\\r\\n      \\\"xmlProperties\\\" : [ \\\"query\\\", \\\"format-item\\\", \\\"link-item\\\", \\\"list-type\\\" ],\\r\\n      \\\"pathProperties\\\" : {\\r\\n        \\\"id\\\" : \\\"id\\\",\\r\\n        \\\"description-position\\\" : \\\"helpMessage.position\\\",\\r\\n        \\\"label\\\" : \\\"label\\\",\\r\\n        \\\"label-position\\\" : \\\"labelAlign\\\",\\r\\n        \\\"description\\\" : \\\"helpMessage.text\\\",\\r\\n        \\\"col-span\\\" : \\\"size\\\",\\r\\n        \\\"visible\\\" : \\\"isVisible\\\",\\r\\n        \\\"visible-run\\\" : \\\"isVisible\\\",\\r\\n        \\\"style-class\\\" : \\\"styleClass\\\",\\r\\n        \\\"default-value\\\" : \\\"defaultValue\\\",\\r\\n        \\\"editable\\\" : \\\"editable\\\",\\r\\n        \\\"editable-run\\\" : \\\"editable\\\",\\r\\n        \\\"required\\\" : \\\"isRequired\\\",\\r\\n        \\\"value\\\" : \\\"value\\\",\\r\\n        \\\"query\\\" : \\\"extraSettings.queryUrl\\\",\\r\\n        \\\"items-min-size\\\" : \\\"extraSettings.itemsMinSize\\\",\\r\\n        \\\"items-max-size\\\" : \\\"extraSettings.itemsMaxSize\\\",\\r\\n        \\\"format-item\\\" : \\\"extraSettings.formatItem\\\",\\r\\n        \\\"link-item\\\" : \\\"extraSettings.linkItem\\\",\\r\\n        \\\"link-target-view\\\" : \\\"extraSettings.linkTargetView\\\",\\r\\n        \\\"title\\\" : \\\"extraSettings.title\\\",\\r\\n        \\\"list-type\\\" : \\\"extraSettings.type\\\",\\r\\n        \\\"collapsible\\\" : \\\"extraSettings.collapsible\\\"\\r\\n      },\\r\\n      \\\"stencil\\\" : {\\r\\n        \\\"id\\\" : \\\"Component\\\"\\r\\n      },\\r\\n      \\\"childShapes\\\" : [ ],\\r\\n      \\\"outgoing\\\" : [ ],\\r\\n      \\\"bounds\\\" : {\\r\\n        \\\"lowerRight\\\" : {\\r\\n          \\\"x\\\" : 984,\\r\\n          \\\"y\\\" : 223\\r\\n        },\\r\\n        \\\"upperLeft\\\" : {\\r\\n          \\\"x\\\" : 15,\\r\\n          \\\"y\\\" : 147\\r\\n        }\\r\\n      },\\r\\n      \\\"dockers\\\" : [ ],\\r\\n      \\\"labels\\\" : [ {\\r\\n        \\\"styles\\\" : {\\r\\n          \\\"fill\\\" : \\\"#000000\\\",\\r\\n          \\\"size\\\" : \\\"12\\\",\\r\\n          \\\"italic\\\" : false,\\r\\n          \\\"bold\\\" : false\\r\\n        },\\r\\n        \\\"ref\\\" : \\\"label_text\\\"\\r\\n      }, {\\r\\n        \\\"styles\\\" : {\\r\\n          \\\"fill\\\" : \\\"#000000\\\",\\r\\n          \\\"size\\\" : \\\"12\\\",\\r\\n          \\\"italic\\\" : false,\\r\\n          \\\"bold\\\" : false\\r\\n        },\\r\\n        \\\"ref\\\" : \\\"input_text\\\"\\r\\n      }, {\\r\\n        \\\"styles\\\" : {\\r\\n          \\\"fill\\\" : \\\"#000000\\\",\\r\\n          \\\"size\\\" : \\\"12\\\",\\r\\n          \\\"italic\\\" : false,\\r\\n          \\\"bold\\\" : false\\r\\n        },\\r\\n        \\\"ref\\\" : \\\"input_dependent_textitemlist_0\\\"\\r\\n      }, {\\r\\n        \\\"styles\\\" : {\\r\\n          \\\"fill\\\" : \\\"#000000\\\",\\r\\n          \\\"size\\\" : \\\"12\\\",\\r\\n          \\\"italic\\\" : false,\\r\\n          \\\"bold\\\" : false\\r\\n        },\\r\\n        \\\"ref\\\" : \\\"input_dependent_textitemlist_1\\\"\\r\\n      }, {\\r\\n        \\\"styles\\\" : {\\r\\n          \\\"fill\\\" : \\\"#000000\\\",\\r\\n          \\\"size\\\" : \\\"12\\\",\\r\\n          \\\"italic\\\" : false,\\r\\n          \\\"bold\\\" : false\\r\\n        },\\r\\n        \\\"ref\\\" : \\\"desc_text\\\"\\r\\n      } ]\\r\\n    }, {\\r\\n      \\\"resourceId\\\" : \\\"self-name1\\\",\\r\\n      \\\"properties\\\" : {\\r\\n        \\\"row-span\\\" : 1,\\r\\n        \\\"stencilsuperids\\\" : [ \\\"Component\\\" ],\\r\\n        \\\"stencilsuperid\\\" : \\\"Component\\\",\\r\\n        \\\"stencilid\\\" : \\\"self-name\\\",\\r\\n        \\\"customstencil\\\" : true,\\r\\n        \\\"xmlTag\\\" : \\\"text\\\",\\r\\n        \\\"id\\\" : \\\"self-name1\\\",\\r\\n        \\\"width\\\" : \\\"200\\\",\\r\\n        \\\"height\\\" : \\\"\\\",\\r\\n        \\\"col\\\" : 1,\\r\\n        \\\"col-align\\\" : \\\"fill\\\",\\r\\n        \\\"col-weight\\\" : \\\"\\\",\\r\\n        \\\"row\\\" : 2,\\r\\n        \\\"row-align\\\" : \\\"top\\\",\\r\\n        \\\"row-weight\\\" : \\\"\\\",\\r\\n        \\\"enabled\\\" : true,\\r\\n        \\\"enabled-run\\\" : \\\"\\\",\\r\\n        \\\"size\\\" : 10,\\r\\n        \\\"label-align\\\" : \\\"top-left\\\",\\r\\n        \\\"description-position\\\" : \\\"bottom\\\",\\r\\n        \\\"description-align\\\" : \\\"left\\\",\\r\\n        \\\"node-type\\\" : \\\"\\\",\\r\\n        \\\"label-position\\\" : \\\"left\\\",\\r\\n        \\\"default-value\\\" : \\\"\\\",\\r\\n        \\\"description\\\" : \\\"\\\",\\r\\n        \\\"documentation\\\" : \\\"\\\",\\r\\n        \\\"col-span\\\" : \\\"1\\\",\\r\\n        \\\"visible\\\" : true,\\r\\n        \\\"visible-run\\\" : \\\"\\\",\\r\\n        \\\"editable\\\" : true,\\r\\n        \\\"editable-run\\\" : \\\"\\\",\\r\\n        \\\"style-class\\\" : \\\"\\\",\\r\\n        \\\"min-length\\\" : \\\"\\\",\\r\\n        \\\"min-length-error-msg\\\" : \\\"\\\",\\r\\n        \\\"max-length\\\" : \\\"\\\",\\r\\n        \\\"max-length-error-msg\\\" : \\\"\\\",\\r\\n        \\\"bordercolor\\\" : \\\"#000000\\\",\\r\\n        \\\"validation-regexp\\\" : \\\"\\\",\\r\\n        \\\"validation-regexp-error-msg\\\" : \\\"\\\",\\r\\n        \\\"validation-mask\\\" : \\\"\\\",\\r\\n        \\\"validation-mask-error-msg\\\" : \\\"\\\",\\r\\n        \\\"required\\\" : false,\\r\\n        \\\"label\\\" : \\\"Search\\\",\\r\\n        \\\"value\\\" : \\\"{{search}}\\\",\\r\\n        \\\"customstencilid\\\" : \\\"self-name\\\",\\r\\n        \\\"customnamespace\\\" : \\\"http://b3mn.org/stencilset/default.form.palette.xml#\\\"\\r\\n      },\\r\\n      \\\"xmlProperties\\\" : [ \\\"min-length\\\", \\\"min-length-error-msg\\\", \\\"validation-regexp\\\", \\\"validation-regexp-error-msg\\\", \\\"validation-mask\\\", \\\"validation-mask-error-msg\\\" ],\\r\\n      \\\"pathProperties\\\" : {\\r\\n        \\\"id\\\" : \\\"id\\\",\\r\\n        \\\"description-position\\\" : \\\"helpMessage.position\\\",\\r\\n        \\\"label-position\\\" : \\\"labelAlign\\\",\\r\\n        \\\"default-value\\\" : \\\"defaultValue\\\",\\r\\n        \\\"description\\\" : \\\"helpMessage.text\\\",\\r\\n        \\\"col-span\\\" : \\\"size\\\",\\r\\n        \\\"visible\\\" : \\\"isVisible\\\",\\r\\n        \\\"visible-run\\\" : \\\"isVisible\\\",\\r\\n        \\\"editable\\\" : \\\"editable\\\",\\r\\n        \\\"editable-run\\\" : \\\"editable\\\",\\r\\n        \\\"style-class\\\" : \\\"styleClass\\\",\\r\\n        \\\"min-length\\\" : \\\"minLength\\\",\\r\\n        \\\"min-length-error-msg\\\" : \\\"validationMinLengthErrorMessage\\\",\\r\\n        \\\"max-length\\\" : \\\"maxLength\\\",\\r\\n        \\\"max-length-error-msg\\\" : \\\"validationMaxLengthErrorMessage\\\",\\r\\n        \\\"validation-regexp\\\" : \\\"validationRegExp\\\",\\r\\n        \\\"validation-regexp-error-msg\\\" : \\\"validationRegExpErrorMessage\\\",\\r\\n        \\\"validation-mask\\\" : \\\"validationMask\\\",\\r\\n        \\\"validation-mask-error-msg\\\" : \\\"validationMaskErrorMessage\\\",\\r\\n        \\\"required\\\" : \\\"isRequired\\\",\\r\\n        \\\"label\\\" : \\\"label\\\",\\r\\n        \\\"value\\\" : \\\"value\\\"\\r\\n      },\\r\\n      \\\"stencil\\\" : {\\r\\n        \\\"id\\\" : \\\"Component\\\"\\r\\n      },\\r\\n      \\\"childShapes\\\" : [ ],\\r\\n      \\\"outgoing\\\" : [ ],\\r\\n      \\\"bounds\\\" : {\\r\\n        \\\"lowerRight\\\" : {\\r\\n          \\\"x\\\" : 820,\\r\\n          \\\"y\\\" : 124\\r\\n        },\\r\\n        \\\"upperLeft\\\" : {\\r\\n          \\\"x\\\" : 15,\\r\\n          \\\"y\\\" : 98\\r\\n        }\\r\\n      },\\r\\n      \\\"dockers\\\" : [ ],\\r\\n      \\\"labels\\\" : [ {\\r\\n        \\\"styles\\\" : {\\r\\n          \\\"fill\\\" : \\\"#000000\\\",\\r\\n          \\\"size\\\" : \\\"12\\\",\\r\\n          \\\"italic\\\" : false,\\r\\n          \\\"bold\\\" : false\\r\\n        },\\r\\n        \\\"ref\\\" : \\\"label_text\\\"\\r\\n      }, {\\r\\n        \\\"styles\\\" : {\\r\\n          \\\"fill\\\" : \\\"#000000\\\",\\r\\n          \\\"size\\\" : \\\"12\\\",\\r\\n          \\\"italic\\\" : false,\\r\\n          \\\"bold\\\" : false\\r\\n        },\\r\\n        \\\"ref\\\" : \\\"input_text\\\"\\r\\n      }, {\\r\\n        \\\"styles\\\" : {\\r\\n          \\\"fill\\\" : \\\"#000000\\\",\\r\\n          \\\"size\\\" : \\\"12\\\",\\r\\n          \\\"italic\\\" : false,\\r\\n          \\\"bold\\\" : false\\r\\n        },\\r\\n        \\\"ref\\\" : \\\"desc_text\\\"\\r\\n      } ]\\r\\n    } ],\\r\\n    \\\"outgoing\\\" : [ ],\\r\\n    \\\"bounds\\\" : {\\r\\n      \\\"lowerRight\\\" : {\\r\\n        \\\"x\\\" : 1049,\\r\\n        \\\"y\\\" : 298\\r\\n      },\\r\\n      \\\"upperLeft\\\" : {\\r\\n        \\\"x\\\" : 50,\\r\\n        \\\"y\\\" : 50\\r\\n      }\\r\\n    },\\r\\n    \\\"dockers\\\" : [ ],\\r\\n    \\\"oldResourceId\\\" : \\\"sid-8D9FC954-EB33-4C05-ADF0-5706EF50E974\\\"\\r\\n  } ],\\r\\n  \\\"bounds\\\" : {\\r\\n    \\\"lowerRight\\\" : {\\r\\n      \\\"x\\\" : 2351,\\r\\n      \\\"y\\\" : 1082\\r\\n    },\\r\\n    \\\"upperLeft\\\" : {\\r\\n      \\\"x\\\" : 0,\\r\\n      \\\"y\\\" : 0\\r\\n    }\\r\\n  },\\r\\n  \\\"stencilset\\\" : {\\r\\n    \\\"url\\\" : \\\"/acme/vis/editor/stencilsets//edorasForms/edorasForms.json\\\",\\r\\n    \\\"namespace\\\" : \\\"http://b3mn.org/stencilset/xforms#\\\"\\r\\n  },\\r\\n  \\\"ssextensions\\\" : [ \\\"http://b3mn.org/stencilset/default.form.palette.xml#\\\", \\\"http://b3mn.org/stencilset/demo.form.palette.xml#\\\" ]\\r\\n}\",\"modelXml\":\"\",\"modelSvg\":\"\\u003csvg xmlns\\u003d\\\"http://www.w3.org/2000/svg\\\" xmlns:oryx\\u003d\\\"http://oryx-editor.org\\\" id\\u003d\\\"sid-49B9CE14-EBD2-4A26-B4EE-82ACB126F819\\\" width\\u003d\\\"1049\\\" height\\u003d\\\"298\\\" xmlns:xlink\\u003d\\\"http://www.w3.org/1999/xlink\\\" xmlns:svg\\u003d\\\"http://www.w3.org/2000/svg\\\"\\u003e\\u003cdefs/\\u003e\\u003cg stroke\\u003d\\\"black\\\" font-family\\u003d\\\"Verdana, sans-serif\\\" font-size-adjust\\u003d\\\"none\\\" font-style\\u003d\\\"normal\\\" font-variant\\u003d\\\"normal\\\" font-weight\\u003d\\\"normal\\\" line-heigth\\u003d\\\"normal\\\" font-size\\u003d\\\"12\\\"\\u003e\\u003cg class\\u003d\\\"stencils\\\" transform\\u003d\\\"translate(-25, -25)\\\"\\u003e\\u003cg class\\u003d\\\"me\\\"/\\u003e\\u003cg class\\u003d\\\"children\\\"\\u003e\\u003cg id\\u003d\\\"svg-slotPanel1\\\"\\u003e\\u003cg class\\u003d\\\"stencils\\\" transform\\u003d\\\"translate(50, 50)\\\"\\u003e\\u003cg class\\u003d\\\"me\\\"\\u003e\\u003cg oryx:minimumSize\\u003d\\\"40 34\\\" id\\u003d\\\"sid-95DF2424-C18A-4066-B065-4F0ECFDB25EC\\\" title\\u003d\\\"Slot panel\\\"\\u003e     \\u003crect id\\u003d\\\"sid-95DF2424-C18A-4066-B065-4F0ECFDB25ECinput\\\" oryx:anchors\\u003d\\\"left top\\\" oryx:resize\\u003d\\\"vertical horizontal\\\" x\\u003d\\\"0\\\" y\\u003d\\\"0\\\" width\\u003d\\\"999.0000000000001\\\" height\\u003d\\\"248\\\" stroke\\u003d\\\"#777777\\\" stroke-width\\u003d\\\"1\\\" fill\\u003d\\\"#e6e8f6\\\"/\\u003e   \\u003c/g\\u003e\\u003c/g\\u003e\\u003cg class\\u003d\\\"background\\\"\\u003e\\u003cg class\\u003d\\\"cellBg\\\" display\\u003d\\\"inherit\\\" transform\\u003d\\\"translate(11, 143)\\\"\\u003e\\u003crect x\\u003d\\\"0\\\" y\\u003d\\\"0\\\" stroke-width\\u003d\\\"2\\\" stroke\\u003d\\\"none\\\" fill\\u003d\\\"#f2f4fd\\\" pointer-events\\u003d\\\"all\\\" width\\u003d\\\"977\\\" height\\u003d\\\"84\\\"/\\u003e\\u003c/g\\u003e\\u003cg class\\u003d\\\"cellBg\\\" display\\u003d\\\"inherit\\\" transform\\u003d\\\"translate(11, 143)\\\"\\u003e\\u003crect x\\u003d\\\"0\\\" y\\u003d\\\"0\\\" stroke-width\\u003d\\\"2\\\" stroke\\u003d\\\"none\\\" fill\\u003d\\\"#f2f4fd\\\" pointer-events\\u003d\\\"all\\\" width\\u003d\\\"977\\\" height\\u003d\\\"84\\\"/\\u003e\\u003c/g\\u003e\\u003cg class\\u003d\\\"cellBg\\\" display\\u003d\\\"inherit\\\" transform\\u003d\\\"translate(11, 143)\\\"\\u003e\\u003crect x\\u003d\\\"0\\\" y\\u003d\\\"0\\\" stroke-width\\u003d\\\"2\\\" stroke\\u003d\\\"none\\\" fill\\u003d\\\"#f2f4fd\\\" pointer-events\\u003d\\\"all\\\" width\\u003d\\\"977\\\" height\\u003d\\\"84\\\"/\\u003e\\u003c/g\\u003e\\u003cg class\\u003d\\\"cellBg\\\" display\\u003d\\\"inherit\\\" transform\\u003d\\\"translate(11, 143)\\\"\\u003e\\u003crect x\\u003d\\\"0\\\" y\\u003d\\\"0\\\" stroke-width\\u003d\\\"2\\\" stroke\\u003d\\\"none\\\" fill\\u003d\\\"#f2f4fd\\\" pointer-events\\u003d\\\"all\\\" width\\u003d\\\"977\\\" height\\u003d\\\"84\\\"/\\u003e\\u003c/g\\u003e\\u003cg class\\u003d\\\"cellBg\\\" display\\u003d\\\"inherit\\\" transform\\u003d\\\"translate(11, 143)\\\"\\u003e\\u003crect x\\u003d\\\"0\\\" y\\u003d\\\"0\\\" stroke-width\\u003d\\\"2\\\" stroke\\u003d\\\"none\\\" fill\\u003d\\\"#f2f4fd\\\" pointer-events\\u003d\\\"all\\\" width\\u003d\\\"977\\\" height\\u003d\\\"84\\\"/\\u003e\\u003c/g\\u003e\\u003cg class\\u003d\\\"cellBg\\\" display\\u003d\\\"inherit\\\" transform\\u003d\\\"translate(11, 143)\\\"\\u003e\\u003crect x\\u003d\\\"0\\\" y\\u003d\\\"0\\\" stroke-width\\u003d\\\"2\\\" stroke\\u003d\\\"none\\\" fill\\u003d\\\"#f2f4fd\\\" pointer-events\\u003d\\\"all\\\" width\\u003d\\\"977\\\" height\\u003d\\\"84\\\"/\\u003e\\u003c/g\\u003e\\u003cg class\\u003d\\\"cellBg\\\" display\\u003d\\\"inherit\\\" transform\\u003d\\\"translate(831, 94)\\\"\\u003e\\u003crect x\\u003d\\\"0\\\" y\\u003d\\\"0\\\" stroke-width\\u003d\\\"2\\\" stroke\\u003d\\\"none\\\" fill\\u003d\\\"#f2f4fd\\\" pointer-events\\u003d\\\"all\\\" width\\u003d\\\"157\\\" height\\u003d\\\"34\\\"/\\u003e\\u003c/g\\u003e\\u003cg class\\u003d\\\"cellBg\\\" display\\u003d\\\"inherit\\\" transform\\u003d\\\"translate(11, 94)\\\"\\u003e\\u003crect x\\u003d\\\"0\\\" y\\u003d\\\"0\\\" stroke-width\\u003d\\\"2\\\" stroke\\u003d\\\"none\\\" fill\\u003d\\\"#f2f4fd\\\" pointer-events\\u003d\\\"all\\\" width\\u003d\\\"813\\\" height\\u003d\\\"34\\\"/\\u003e\\u003c/g\\u003e\\u003cg class\\u003d\\\"cellBg\\\" display\\u003d\\\"inherit\\\" transform\\u003d\\\"translate(11, 94)\\\"\\u003e\\u003crect x\\u003d\\\"0\\\" y\\u003d\\\"0\\\" stroke-width\\u003d\\\"2\\\" stroke\\u003d\\\"none\\\" fill\\u003d\\\"#f2f4fd\\\" pointer-events\\u003d\\\"all\\\" width\\u003d\\\"813\\\" height\\u003d\\\"34\\\"/\\u003e\\u003c/g\\u003e\\u003cg class\\u003d\\\"cellBg\\\" display\\u003d\\\"inherit\\\" transform\\u003d\\\"translate(11, 94)\\\"\\u003e\\u003crect x\\u003d\\\"0\\\" y\\u003d\\\"0\\\" stroke-width\\u003d\\\"2\\\" stroke\\u003d\\\"none\\\" fill\\u003d\\\"#f2f4fd\\\" pointer-events\\u003d\\\"all\\\" width\\u003d\\\"813\\\" height\\u003d\\\"34\\\"/\\u003e\\u003c/g\\u003e\\u003cg class\\u003d\\\"cellBg\\\" display\\u003d\\\"inherit\\\" transform\\u003d\\\"translate(11, 94)\\\"\\u003e\\u003crect x\\u003d\\\"0\\\" y\\u003d\\\"0\\\" stroke-width\\u003d\\\"2\\\" stroke\\u003d\\\"none\\\" fill\\u003d\\\"#f2f4fd\\\" pointer-events\\u003d\\\"all\\\" width\\u003d\\\"813\\\" height\\u003d\\\"34\\\"/\\u003e\\u003c/g\\u003e\\u003cg class\\u003d\\\"cellBg\\\" display\\u003d\\\"inherit\\\" transform\\u003d\\\"translate(11, 94)\\\"\\u003e\\u003crect x\\u003d\\\"0\\\" y\\u003d\\\"0\\\" stroke-width\\u003d\\\"2\\\" stroke\\u003d\\\"none\\\" fill\\u003d\\\"#f2f4fd\\\" pointer-events\\u003d\\\"all\\\" width\\u003d\\\"813\\\" height\\u003d\\\"34\\\"/\\u003e\\u003c/g\\u003e\\u003cg class\\u003d\\\"cellBg\\\" display\\u003d\\\"inherit\\\" transform\\u003d\\\"translate(11, 21)\\\"\\u003e\\u003crect x\\u003d\\\"0\\\" y\\u003d\\\"0\\\" stroke-width\\u003d\\\"2\\\" stroke\\u003d\\\"none\\\" fill\\u003d\\\"#f2f4fd\\\" pointer-events\\u003d\\\"all\\\" width\\u003d\\\"977\\\" height\\u003d\\\"58\\\"/\\u003e\\u003c/g\\u003e\\u003cg class\\u003d\\\"cellBg\\\" display\\u003d\\\"inherit\\\" transform\\u003d\\\"translate(11, 21)\\\"\\u003e\\u003crect x\\u003d\\\"0\\\" y\\u003d\\\"0\\\" stroke-width\\u003d\\\"2\\\" stroke\\u003d\\\"none\\\" fill\\u003d\\\"#f2f4fd\\\" pointer-events\\u003d\\\"all\\\" width\\u003d\\\"977\\\" height\\u003d\\\"58\\\"/\\u003e\\u003c/g\\u003e\\u003cg class\\u003d\\\"cellBg\\\" display\\u003d\\\"inherit\\\" transform\\u003d\\\"translate(11, 21)\\\"\\u003e\\u003crect x\\u003d\\\"0\\\" y\\u003d\\\"0\\\" stroke-width\\u003d\\\"2\\\" stroke\\u003d\\\"none\\\" fill\\u003d\\\"#f2f4fd\\\" pointer-events\\u003d\\\"all\\\" width\\u003d\\\"977\\\" height\\u003d\\\"58\\\"/\\u003e\\u003c/g\\u003e\\u003cg class\\u003d\\\"cellBg\\\" display\\u003d\\\"inherit\\\" transform\\u003d\\\"translate(11, 21)\\\"\\u003e\\u003crect x\\u003d\\\"0\\\" y\\u003d\\\"0\\\" stroke-width\\u003d\\\"2\\\" stroke\\u003d\\\"none\\\" fill\\u003d\\\"#f2f4fd\\\" pointer-events\\u003d\\\"all\\\" width\\u003d\\\"977\\\" height\\u003d\\\"58\\\"/\\u003e\\u003c/g\\u003e\\u003cg class\\u003d\\\"cellBg\\\" display\\u003d\\\"inherit\\\" transform\\u003d\\\"translate(11, 21)\\\"\\u003e\\u003crect x\\u003d\\\"0\\\" y\\u003d\\\"0\\\" stroke-width\\u003d\\\"2\\\" stroke\\u003d\\\"none\\\" fill\\u003d\\\"#f2f4fd\\\" pointer-events\\u003d\\\"all\\\" width\\u003d\\\"977\\\" height\\u003d\\\"58\\\"/\\u003e\\u003c/g\\u003e\\u003cg class\\u003d\\\"cellBg\\\" display\\u003d\\\"inherit\\\" transform\\u003d\\\"translate(11, 21)\\\"\\u003e\\u003crect x\\u003d\\\"0\\\" y\\u003d\\\"0\\\" stroke-width\\u003d\\\"2\\\" stroke\\u003d\\\"none\\\" fill\\u003d\\\"#f2f4fd\\\" pointer-events\\u003d\\\"all\\\" width\\u003d\\\"977\\\" height\\u003d\\\"58\\\"/\\u003e\\u003c/g\\u003e\\u003cg class\\u003d\\\"cellBg\\\" display\\u003d\\\"inherit\\\" transform\\u003d\\\"translate(11, 21)\\\"\\u003e\\u003crect x\\u003d\\\"0\\\" y\\u003d\\\"0\\\" stroke-width\\u003d\\\"2\\\" stroke\\u003d\\\"none\\\" fill\\u003d\\\"#f2f4fd\\\" pointer-events\\u003d\\\"all\\\" width\\u003d\\\"977\\\" height\\u003d\\\"58\\\"/\\u003e\\u003c/g\\u003e\\u003cg class\\u003d\\\"cellBg\\\" display\\u003d\\\"inherit\\\" transform\\u003d\\\"translate(11, 21)\\\"\\u003e\\u003crect x\\u003d\\\"0\\\" y\\u003d\\\"0\\\" stroke-width\\u003d\\\"2\\\" stroke\\u003d\\\"none\\\" fill\\u003d\\\"#f2f4fd\\\" pointer-events\\u003d\\\"all\\\" width\\u003d\\\"977\\\" height\\u003d\\\"58\\\"/\\u003e\\u003c/g\\u003e\\u003cg class\\u003d\\\"cellBg\\\" display\\u003d\\\"inherit\\\" transform\\u003d\\\"translate(11, 21)\\\"\\u003e\\u003crect x\\u003d\\\"0\\\" y\\u003d\\\"0\\\" stroke-width\\u003d\\\"2\\\" stroke\\u003d\\\"none\\\" fill\\u003d\\\"#f2f4fd\\\" pointer-events\\u003d\\\"all\\\" width\\u003d\\\"977\\\" height\\u003d\\\"58\\\"/\\u003e\\u003c/g\\u003e\\u003cg class\\u003d\\\"cellBg\\\" display\\u003d\\\"inherit\\\" transform\\u003d\\\"translate(11, 21)\\\"\\u003e\\u003crect x\\u003d\\\"0\\\" y\\u003d\\\"0\\\" stroke-width\\u003d\\\"2\\\" stroke\\u003d\\\"none\\\" fill\\u003d\\\"#f2f4fd\\\" pointer-events\\u003d\\\"all\\\" width\\u003d\\\"977\\\" height\\u003d\\\"58\\\"/\\u003e\\u003c/g\\u003e\\u003cg class\\u003d\\\"cellBg\\\" display\\u003d\\\"inherit\\\" transform\\u003d\\\"translate(11, 21)\\\"\\u003e\\u003crect x\\u003d\\\"0\\\" y\\u003d\\\"0\\\" stroke-width\\u003d\\\"2\\\" stroke\\u003d\\\"none\\\" fill\\u003d\\\"#f2f4fd\\\" pointer-events\\u003d\\\"all\\\" width\\u003d\\\"977\\\" height\\u003d\\\"58\\\"/\\u003e\\u003c/g\\u003e\\u003cg class\\u003d\\\"cellBg\\\" display\\u003d\\\"inherit\\\" transform\\u003d\\\"translate(11, 21)\\\"\\u003e\\u003crect x\\u003d\\\"0\\\" y\\u003d\\\"0\\\" stroke-width\\u003d\\\"2\\\" stroke\\u003d\\\"none\\\" fill\\u003d\\\"#f2f4fd\\\" pointer-events\\u003d\\\"all\\\" width\\u003d\\\"977\\\" height\\u003d\\\"58\\\" id\\u003d\\\"ext-gen1998\\\"/\\u003e\\u003c/g\\u003e\\u003cg class\\u003d\\\"cellBg\\\" display\\u003d\\\"inherit\\\" transform\\u003d\\\"translate(11, 94)\\\"\\u003e\\u003crect x\\u003d\\\"0\\\" y\\u003d\\\"0\\\" stroke-width\\u003d\\\"2\\\" stroke\\u003d\\\"none\\\" fill\\u003d\\\"#f2f4fd\\\" pointer-events\\u003d\\\"all\\\" width\\u003d\\\"813\\\" height\\u003d\\\"34\\\"/\\u003e\\u003c/g\\u003e\\u003cg class\\u003d\\\"cellBg\\\" display\\u003d\\\"inherit\\\" transform\\u003d\\\"translate(11, 94)\\\"\\u003e\\u003crect x\\u003d\\\"0\\\" y\\u003d\\\"0\\\" stroke-width\\u003d\\\"2\\\" stroke\\u003d\\\"none\\\" fill\\u003d\\\"#f2f4fd\\\" pointer-events\\u003d\\\"all\\\" width\\u003d\\\"813\\\" height\\u003d\\\"34\\\"/\\u003e\\u003c/g\\u003e\\u003cg class\\u003d\\\"cellBg\\\" display\\u003d\\\"inherit\\\" transform\\u003d\\\"translate(11, 94)\\\"\\u003e\\u003crect x\\u003d\\\"0\\\" y\\u003d\\\"0\\\" stroke-width\\u003d\\\"2\\\" stroke\\u003d\\\"none\\\" fill\\u003d\\\"#f2f4fd\\\" pointer-events\\u003d\\\"all\\\" width\\u003d\\\"813\\\" height\\u003d\\\"34\\\"/\\u003e\\u003c/g\\u003e\\u003cg class\\u003d\\\"cellBg\\\" display\\u003d\\\"inherit\\\" transform\\u003d\\\"translate(11, 94)\\\"\\u003e\\u003crect x\\u003d\\\"0\\\" y\\u003d\\\"0\\\" stroke-width\\u003d\\\"2\\\" stroke\\u003d\\\"none\\\" fill\\u003d\\\"#f2f4fd\\\" pointer-events\\u003d\\\"all\\\" width\\u003d\\\"813\\\" height\\u003d\\\"34\\\"/\\u003e\\u003c/g\\u003e\\u003cg class\\u003d\\\"cellBg\\\" display\\u003d\\\"inherit\\\" transform\\u003d\\\"translate(11, 94)\\\"\\u003e\\u003crect x\\u003d\\\"0\\\" y\\u003d\\\"0\\\" stroke-width\\u003d\\\"2\\\" stroke\\u003d\\\"none\\\" fill\\u003d\\\"#f2f4fd\\\" pointer-events\\u003d\\\"all\\\" width\\u003d\\\"813\\\" height\\u003d\\\"34\\\" id\\u003d\\\"ext-gen2125\\\"/\\u003e\\u003c/g\\u003e\\u003cg class\\u003d\\\"cellBg\\\" display\\u003d\\\"inherit\\\" transform\\u003d\\\"translate(831, 94)\\\"\\u003e\\u003crect x\\u003d\\\"0\\\" y\\u003d\\\"0\\\" stroke-width\\u003d\\\"2\\\" stroke\\u003d\\\"none\\\" fill\\u003d\\\"#f2f4fd\\\" pointer-events\\u003d\\\"all\\\" width\\u003d\\\"157\\\" height\\u003d\\\"34\\\" id\\u003d\\\"ext-gen1999\\\"/\\u003e\\u003c/g\\u003e\\u003cg class\\u003d\\\"cellBg\\\" display\\u003d\\\"inherit\\\" transform\\u003d\\\"translate(11, 143)\\\"\\u003e\\u003crect x\\u003d\\\"0\\\" y\\u003d\\\"0\\\" stroke-width\\u003d\\\"2\\\" stroke\\u003d\\\"none\\\" fill\\u003d\\\"#f2f4fd\\\" pointer-events\\u003d\\\"all\\\" width\\u003d\\\"977\\\" height\\u003d\\\"84\\\"/\\u003e\\u003c/g\\u003e\\u003cg class\\u003d\\\"cellBg\\\" display\\u003d\\\"inherit\\\" transform\\u003d\\\"translate(11, 143)\\\"\\u003e\\u003crect x\\u003d\\\"0\\\" y\\u003d\\\"0\\\" stroke-width\\u003d\\\"2\\\" stroke\\u003d\\\"none\\\" fill\\u003d\\\"#f2f4fd\\\" pointer-events\\u003d\\\"all\\\" width\\u003d\\\"977\\\" height\\u003d\\\"84\\\"/\\u003e\\u003c/g\\u003e\\u003cg class\\u003d\\\"cellBg\\\" display\\u003d\\\"inherit\\\" transform\\u003d\\\"translate(11, 143)\\\"\\u003e\\u003crect x\\u003d\\\"0\\\" y\\u003d\\\"0\\\" stroke-width\\u003d\\\"2\\\" stroke\\u003d\\\"none\\\" fill\\u003d\\\"#f2f4fd\\\" pointer-events\\u003d\\\"all\\\" width\\u003d\\\"977\\\" height\\u003d\\\"84\\\"/\\u003e\\u003c/g\\u003e\\u003cg class\\u003d\\\"cellBg\\\" display\\u003d\\\"inherit\\\" transform\\u003d\\\"translate(11, 143)\\\"\\u003e\\u003crect x\\u003d\\\"0\\\" y\\u003d\\\"0\\\" stroke-width\\u003d\\\"2\\\" stroke\\u003d\\\"none\\\" fill\\u003d\\\"#f2f4fd\\\" pointer-events\\u003d\\\"all\\\" width\\u003d\\\"977\\\" height\\u003d\\\"84\\\"/\\u003e\\u003c/g\\u003e\\u003cg class\\u003d\\\"cellBg\\\" display\\u003d\\\"inherit\\\" transform\\u003d\\\"translate(11, 143)\\\"\\u003e\\u003crect x\\u003d\\\"0\\\" y\\u003d\\\"0\\\" stroke-width\\u003d\\\"2\\\" stroke\\u003d\\\"none\\\" fill\\u003d\\\"#f2f4fd\\\" pointer-events\\u003d\\\"all\\\" width\\u003d\\\"977\\\" height\\u003d\\\"84\\\"/\\u003e\\u003c/g\\u003e\\u003cg class\\u003d\\\"cellBg\\\" display\\u003d\\\"inherit\\\" transform\\u003d\\\"translate(11, 143)\\\"\\u003e\\u003crect x\\u003d\\\"0\\\" y\\u003d\\\"0\\\" stroke-width\\u003d\\\"2\\\" stroke\\u003d\\\"none\\\" fill\\u003d\\\"#f2f4fd\\\" pointer-events\\u003d\\\"all\\\" width\\u003d\\\"977\\\" height\\u003d\\\"84\\\" id\\u003d\\\"ext-gen1747\\\"/\\u003e\\u003c/g\\u003e\\u003cg class\\u003d\\\"columnBackground split\\\" display\\u003d\\\"none\\\"\\u003e\\u003crect x\\u003d\\\"0\\\" y\\u003d\\\"0\\\" stroke\\u003d\\\"none\\\" fill\\u003d\\\"#e6e8f6\\\" pointer-events\\u003d\\\"none\\\"/\\u003e\\u003c/g\\u003e\\u003c/g\\u003e\\u003cg class\\u003d\\\"gridline\\\"\\u003e\\u003cg class\\u003d\\\"panelgridline\\\" display\\u003d\\\"inherit\\\"\\u003e\\u003cpath stroke-width\\u003d\\\"1\\\" stroke\\u003d\\\"silver\\\" fill\\u003d\\\"none\\\" stroke-dasharray\\u003d\\\"4,2\\\" pointer-events\\u003d\\\"none\\\" d\\u003d\\\"M 0 21 L 999 21\\\"/\\u003e\\u003c/g\\u003e\\u003cg class\\u003d\\\"panelgridline\\\" display\\u003d\\\"inherit\\\"\\u003e\\u003cpath stroke-width\\u003d\\\"1\\\" stroke\\u003d\\\"silver\\\" fill\\u003d\\\"none\\\" stroke-dasharray\\u003d\\\"4,2\\\" pointer-events\\u003d\\\"none\\\" d\\u003d\\\"M 0 79 L 999 79\\\"/\\u003e\\u003c/g\\u003e\\u003cg class\\u003d\\\"panelgridline\\\" display\\u003d\\\"inherit\\\"\\u003e\\u003cpath stroke-width\\u003d\\\"1\\\" stroke\\u003d\\\"silver\\\" fill\\u003d\\\"none\\\" stroke-dasharray\\u003d\\\"4,2\\\" pointer-events\\u003d\\\"none\\\" d\\u003d\\\"M 0 94 L 999 94\\\"/\\u003e\\u003c/g\\u003e\\u003cg class\\u003d\\\"panelgridline\\\" display\\u003d\\\"inherit\\\"\\u003e\\u003cpath stroke-width\\u003d\\\"1\\\" stroke\\u003d\\\"silver\\\" fill\\u003d\\\"none\\\" stroke-dasharray\\u003d\\\"4,2\\\" pointer-events\\u003d\\\"none\\\" d\\u003d\\\"M 0 128 L 999 128\\\"/\\u003e\\u003c/g\\u003e\\u003cg class\\u003d\\\"panelgridline\\\" display\\u003d\\\"inherit\\\"\\u003e\\u003cpath stroke-width\\u003d\\\"1\\\" stroke\\u003d\\\"silver\\\" fill\\u003d\\\"none\\\" stroke-dasharray\\u003d\\\"4,2\\\" pointer-events\\u003d\\\"none\\\" d\\u003d\\\"M 0 143 L 999 143\\\"/\\u003e\\u003c/g\\u003e\\u003cg class\\u003d\\\"panelgridline\\\" display\\u003d\\\"inherit\\\"\\u003e\\u003cpath stroke-width\\u003d\\\"1\\\" stroke\\u003d\\\"silver\\\" fill\\u003d\\\"none\\\" stroke-dasharray\\u003d\\\"4,2\\\" pointer-events\\u003d\\\"none\\\" d\\u003d\\\"M 0 227 L 999 227\\\"/\\u003e\\u003c/g\\u003e\\u003cg class\\u003d\\\"panelgridline\\\" display\\u003d\\\"inherit\\\"\\u003e\\u003cpath stroke-width\\u003d\\\"1\\\" stroke\\u003d\\\"silver\\\" fill\\u003d\\\"none\\\" stroke-dasharray\\u003d\\\"4,2\\\" pointer-events\\u003d\\\"none\\\" d\\u003d\\\"M11 0 L 11 248\\\"/\\u003e\\u003c/g\\u003e\\u003cg class\\u003d\\\"panelgridline\\\" display\\u003d\\\"inherit\\\"\\u003e\\u003cpath stroke-width\\u003d\\\"1\\\" stroke\\u003d\\\"silver\\\" fill\\u003d\\\"none\\\" stroke-dasharray\\u003d\\\"4,2\\\" pointer-events\\u003d\\\"none\\\" d\\u003d\\\"M86 0 L 86 248\\\"/\\u003e\\u003c/g\\u003e\\u003cg class\\u003d\\\"panelgridline\\\" display\\u003d\\\"inherit\\\"\\u003e\\u003cpath stroke-width\\u003d\\\"1\\\" stroke\\u003d\\\"silver\\\" fill\\u003d\\\"none\\\" stroke-dasharray\\u003d\\\"4,2\\\" pointer-events\\u003d\\\"none\\\" d\\u003d\\\"M93 0 L 93 248\\\"/\\u003e\\u003c/g\\u003e\\u003cg class\\u003d\\\"panelgridline\\\" display\\u003d\\\"inherit\\\"\\u003e\\u003cpath stroke-width\\u003d\\\"1\\\" stroke\\u003d\\\"silver\\\" fill\\u003d\\\"none\\\" stroke-dasharray\\u003d\\\"4,2\\\" pointer-events\\u003d\\\"none\\\" d\\u003d\\\"M168 0 L 168 248\\\"/\\u003e\\u003c/g\\u003e\\u003cg class\\u003d\\\"panelgridline\\\" display\\u003d\\\"inherit\\\"\\u003e\\u003cpath stroke-width\\u003d\\\"1\\\" stroke\\u003d\\\"silver\\\" fill\\u003d\\\"none\\\" stroke-dasharray\\u003d\\\"4,2\\\" pointer-events\\u003d\\\"none\\\" d\\u003d\\\"M175 0 L 175 248\\\"/\\u003e\\u003c/g\\u003e\\u003cg class\\u003d\\\"panelgridline\\\" display\\u003d\\\"inherit\\\"\\u003e\\u003cpath stroke-width\\u003d\\\"1\\\" stroke\\u003d\\\"silver\\\" fill\\u003d\\\"none\\\" stroke-dasharray\\u003d\\\"4,2\\\" pointer-events\\u003d\\\"none\\\" d\\u003d\\\"M250 0 L 250 248\\\"/\\u003e\\u003c/g\\u003e\\u003cg class\\u003d\\\"panelgridline\\\" display\\u003d\\\"inherit\\\"\\u003e\\u003cpath stroke-width\\u003d\\\"1\\\" stroke\\u003d\\\"silver\\\" fill\\u003d\\\"none\\\" stroke-dasharray\\u003d\\\"4,2\\\" pointer-events\\u003d\\\"none\\\" d\\u003d\\\"M257 0 L 257 248\\\"/\\u003e\\u003c/g\\u003e\\u003cg class\\u003d\\\"panelgridline\\\" display\\u003d\\\"inherit\\\"\\u003e\\u003cpath stroke-width\\u003d\\\"1\\\" stroke\\u003d\\\"silver\\\" fill\\u003d\\\"none\\\" stroke-dasharray\\u003d\\\"4,2\\\" pointer-events\\u003d\\\"none\\\" d\\u003d\\\"M332 0 L 332 248\\\"/\\u003e\\u003c/g\\u003e\\u003cg class\\u003d\\\"panelgridline\\\" display\\u003d\\\"inherit\\\"\\u003e\\u003cpath stroke-width\\u003d\\\"1\\\" stroke\\u003d\\\"silver\\\" fill\\u003d\\\"none\\\" stroke-dasharray\\u003d\\\"4,2\\\" pointer-events\\u003d\\\"none\\\" d\\u003d\\\"M339 0 L 339 248\\\"/\\u003e\\u003c/g\\u003e\\u003cg class\\u003d\\\"panelgridline\\\" display\\u003d\\\"inherit\\\"\\u003e\\u003cpath stroke-width\\u003d\\\"1\\\" stroke\\u003d\\\"silver\\\" fill\\u003d\\\"none\\\" stroke-dasharray\\u003d\\\"4,2\\\" pointer-events\\u003d\\\"none\\\" d\\u003d\\\"M414 0 L 414 248\\\"/\\u003e\\u003c/g\\u003e\\u003cg class\\u003d\\\"panelgridline\\\" display\\u003d\\\"inherit\\\"\\u003e\\u003cpath stroke-width\\u003d\\\"1\\\" stroke\\u003d\\\"silver\\\" fill\\u003d\\\"none\\\" stroke-dasharray\\u003d\\\"4,2\\\" pointer-events\\u003d\\\"none\\\" d\\u003d\\\"M421 0 L 421 248\\\"/\\u003e\\u003c/g\\u003e\\u003cg class\\u003d\\\"panelgridline\\\" display\\u003d\\\"inherit\\\"\\u003e\\u003cpath stroke-width\\u003d\\\"1\\\" stroke\\u003d\\\"silver\\\" fill\\u003d\\\"none\\\" stroke-dasharray\\u003d\\\"4,2\\\" pointer-events\\u003d\\\"none\\\" d\\u003d\\\"M496 0 L 496 248\\\"/\\u003e\\u003c/g\\u003e\\u003cg class\\u003d\\\"panelgridline\\\" display\\u003d\\\"inherit\\\"\\u003e\\u003cpath stroke-width\\u003d\\\"1\\\" stroke\\u003d\\\"silver\\\" fill\\u003d\\\"none\\\" stroke-dasharray\\u003d\\\"4,2\\\" pointer-events\\u003d\\\"none\\\" d\\u003d\\\"M503 0 L 503 248\\\"/\\u003e\\u003c/g\\u003e\\u003cg class\\u003d\\\"panelgridline\\\" display\\u003d\\\"inherit\\\"\\u003e\\u003cpath stroke-width\\u003d\\\"1\\\" stroke\\u003d\\\"silver\\\" fill\\u003d\\\"none\\\" stroke-dasharray\\u003d\\\"4,2\\\" pointer-events\\u003d\\\"none\\\" d\\u003d\\\"M578 0 L 578 248\\\"/\\u003e\\u003c/g\\u003e\\u003cg class\\u003d\\\"panelgridline\\\" display\\u003d\\\"inherit\\\"\\u003e\\u003cpath stroke-width\\u003d\\\"1\\\" stroke\\u003d\\\"silver\\\" fill\\u003d\\\"none\\\" stroke-dasharray\\u003d\\\"4,2\\\" pointer-events\\u003d\\\"none\\\" d\\u003d\\\"M585 0 L 585 248\\\"/\\u003e\\u003c/g\\u003e\\u003cg class\\u003d\\\"panelgridline\\\" display\\u003d\\\"inherit\\\"\\u003e\\u003cpath stroke-width\\u003d\\\"1\\\" stroke\\u003d\\\"silver\\\" fill\\u003d\\\"none\\\" stroke-dasharray\\u003d\\\"4,2\\\" pointer-events\\u003d\\\"none\\\" d\\u003d\\\"M660 0 L 660 248\\\"/\\u003e\\u003c/g\\u003e\\u003cg class\\u003d\\\"panelgridline\\\" display\\u003d\\\"inherit\\\"\\u003e\\u003cpath stroke-width\\u003d\\\"1\\\" stroke\\u003d\\\"silver\\\" fill\\u003d\\\"none\\\" stroke-dasharray\\u003d\\\"4,2\\\" pointer-events\\u003d\\\"none\\\" d\\u003d\\\"M667 0 L 667 248\\\"/\\u003e\\u003c/g\\u003e\\u003cg class\\u003d\\\"panelgridline\\\" display\\u003d\\\"inherit\\\"\\u003e\\u003cpath stroke-width\\u003d\\\"1\\\" stroke\\u003d\\\"silver\\\" fill\\u003d\\\"none\\\" stroke-dasharray\\u003d\\\"4,2\\\" pointer-events\\u003d\\\"none\\\" d\\u003d\\\"M742 0 L 742 248\\\"/\\u003e\\u003c/g\\u003e\\u003cg class\\u003d\\\"panelgridline\\\" display\\u003d\\\"inherit\\\"\\u003e\\u003cpath stroke-width\\u003d\\\"1\\\" stroke\\u003d\\\"silver\\\" fill\\u003d\\\"none\\\" stroke-dasharray\\u003d\\\"4,2\\\" pointer-events\\u003d\\\"none\\\" d\\u003d\\\"M749 0 L 749 248\\\"/\\u003e\\u003c/g\\u003e\\u003cg class\\u003d\\\"panelgridline\\\" display\\u003d\\\"inherit\\\"\\u003e\\u003cpath stroke-width\\u003d\\\"1\\\" stroke\\u003d\\\"silver\\\" fill\\u003d\\\"none\\\" stroke-dasharray\\u003d\\\"4,2\\\" pointer-events\\u003d\\\"none\\\" d\\u003d\\\"M824 0 L 824 248\\\"/\\u003e\\u003c/g\\u003e\\u003cg class\\u003d\\\"panelgridline\\\" display\\u003d\\\"inherit\\\"\\u003e\\u003cpath stroke-width\\u003d\\\"1\\\" stroke\\u003d\\\"silver\\\" fill\\u003d\\\"none\\\" stroke-dasharray\\u003d\\\"4,2\\\" pointer-events\\u003d\\\"none\\\" d\\u003d\\\"M831 0 L 831 248\\\"/\\u003e\\u003c/g\\u003e\\u003cg class\\u003d\\\"panelgridline\\\" display\\u003d\\\"inherit\\\"\\u003e\\u003cpath stroke-width\\u003d\\\"1\\\" stroke\\u003d\\\"silver\\\" fill\\u003d\\\"none\\\" stroke-dasharray\\u003d\\\"4,2\\\" pointer-events\\u003d\\\"none\\\" d\\u003d\\\"M906 0 L 906 248\\\"/\\u003e\\u003c/g\\u003e\\u003cg class\\u003d\\\"panelgridline\\\" display\\u003d\\\"inherit\\\"\\u003e\\u003cpath stroke-width\\u003d\\\"1\\\" stroke\\u003d\\\"silver\\\" fill\\u003d\\\"none\\\" stroke-dasharray\\u003d\\\"4,2\\\" pointer-events\\u003d\\\"none\\\" d\\u003d\\\"M913 0 L 913 248\\\"/\\u003e\\u003c/g\\u003e\\u003cg class\\u003d\\\"panelgridline\\\" display\\u003d\\\"inherit\\\"\\u003e\\u003cpath stroke-width\\u003d\\\"1\\\" stroke\\u003d\\\"silver\\\" fill\\u003d\\\"none\\\" stroke-dasharray\\u003d\\\"4,2\\\" pointer-events\\u003d\\\"none\\\" d\\u003d\\\"M988 0 L 988 248\\\"/\\u003e\\u003c/g\\u003e\\u003cg class\\u003d\\\"panelgridline\\\" display\\u003d\\\"none\\\"\\u003e\\u003cpath stroke-width\\u003d\\\"1\\\" stroke\\u003d\\\"silver\\\" fill\\u003d\\\"none\\\" stroke-dasharray\\u003d\\\"4,2\\\" pointer-events\\u003d\\\"none\\\"/\\u003e\\u003c/g\\u003e\\u003cg class\\u003d\\\"panelgridline\\\" display\\u003d\\\"none\\\"\\u003e\\u003cpath stroke-width\\u003d\\\"1\\\" stroke\\u003d\\\"silver\\\" fill\\u003d\\\"none\\\" stroke-dasharray\\u003d\\\"4,2\\\" pointer-events\\u003d\\\"none\\\"/\\u003e\\u003c/g\\u003e\\u003c/g\\u003e\\u003cg class\\u003d\\\"children\\\" style\\u003d\\\"overflow:hidden\\\"\\u003e\\u003cg id\\u003d\\\"svg-cloud-link-button-create2\\\"\\u003e\\u003cg class\\u003d\\\"stencils\\\" transform\\u003d\\\"translate(835, 98)\\\"\\u003e\\u003cg class\\u003d\\\"me\\\"\\u003e\\u003cg oryx:minimumSize\\u003d\\\"20 26\\\" id\\u003d\\\"sid-46363097-83D7-47C4-B197-01F9AEAB2336\\\" title\\u003d\\\"Create button\\\"\\u003e    \\u003cdefs id\\u003d\\\"sid-46363097-83D7-47C4-B197-01F9AEAB2336_sid-46363097-83D7-47C4-B197-01F9AEAB2336_2\\\"\\u003e       \\u003cradialGradient id\\u003d\\\"sid-46363097-83D7-47C4-B197-01F9AEAB2336transparent\\\" cx\\u003d\\\"10%\\\" cy\\u003d\\\"10%\\\" r\\u003d\\\"100%\\\" fx\\u003d\\\"10%\\\" fy\\u003d\\\"10%\\\"\\u003e      \\u003cstop offset\\u003d\\\"0%\\\" stop-color\\u003d\\\"#ffffff\\\" stop-opacity\\u003d\\\"0\\\" id\\u003d\\\"sid-46363097-83D7-47C4-B197-01F9AEAB2336_sid-46363097-83D7-47C4-B197-01F9AEAB2336_3\\\"/\\u003e      \\u003cstop offset\\u003d\\\"100%\\\" stop-color\\u003d\\\"#ffffff\\\" stop-opacity\\u003d\\\"0\\\" id\\u003d\\\"sid-46363097-83D7-47C4-B197-01F9AEAB2336_sid-46363097-83D7-47C4-B197-01F9AEAB2336_4\\\"/\\u003e       \\u003c/radialGradient\\u003e      \\u003c/defs\\u003e      \\u003crect id\\u003d\\\"sid-46363097-83D7-47C4-B197-01F9AEAB2336bg_frame\\\" oryx:anchors\\u003d\\\"left top\\\" x\\u003d\\\"0\\\" y\\u003d\\\"0\\\" width\\u003d\\\"149\\\" height\\u003d\\\"24\\\" stroke\\u003d\\\"none\\\" fill\\u003d\\\"url(#sid-46363097-83D7-47C4-B197-01F9AEAB2336transparent)\\\"/\\u003e      \\u003cg id\\u003d\\\"sid-46363097-83D7-47C4-B197-01F9AEAB2336a\\\"\\u003e                \\u003crect id\\u003d\\\"sid-46363097-83D7-47C4-B197-01F9AEAB2336label\\\" oryx:anchors\\u003d\\\"left top\\\" x\\u003d\\\"0\\\" y\\u003d\\\"0\\\" width\\u003d\\\"0\\\" height\\u003d\\\"24\\\" stroke\\u003d\\\"none\\\" fill\\u003d\\\"url(#sid-46363097-83D7-47C4-B197-01F9AEAB2336transparent)\\\" display\\u003d\\\"none\\\"/\\u003e                \\u003ctext id\\u003d\\\"sid-46363097-83D7-47C4-B197-01F9AEAB2336label_text\\\" oryx:anchors\\u003d\\\"left top\\\" font-size\\u003d\\\"11\\\" x\\u003d\\\"0\\\" y\\u003d\\\"12\\\" oryx:align\\u003d\\\"middle left\\\" stroke\\u003d\\\"black\\\" stroke-width\\u003d\\\"0pt\\\" letter-spacing\\u003d\\\"-0.01px\\\" oryx:fontSize\\u003d\\\"11\\\" display\\u003d\\\"none\\\" transform\\u003d\\\"rotate(0 0 12)\\\" text-anchor\\u003d\\\"start\\\"/\\u003e            \\u003c/g\\u003e    \\u003cg id\\u003d\\\"sid-46363097-83D7-47C4-B197-01F9AEAB2336b\\\" stroke\\u003d\\\"#000000\\\"\\u003e     \\u003crect id\\u003d\\\"sid-46363097-83D7-47C4-B197-01F9AEAB2336input\\\" oryx:anchors\\u003d\\\"left top\\\" stroke-width\\u003d\\\"1\\\" fill\\u003d\\\"#dedede\\\" x\\u003d\\\"0\\\" rx\\u003d\\\"5\\\" y\\u003d\\\"0\\\" height\\u003d\\\"24\\\" width\\u003d\\\"149\\\"/\\u003e     \\u003ctext id\\u003d\\\"sid-46363097-83D7-47C4-B197-01F9AEAB2336input_text\\\" oryx:anchors\\u003d\\\"left top\\\" font-size\\u003d\\\"11\\\" x\\u003d\\\"63\\\" y\\u003d\\\"12\\\" oryx:align\\u003d\\\"middle left\\\" halign\\u003d\\\"center\\\" valign\\u003d\\\"middle\\\" stroke\\u003d\\\"black\\\" stroke-width\\u003d\\\"0pt\\\" letter-spacing\\u003d\\\"-0.01px\\\" oryx:fontSize\\u003d\\\"11\\\" transform\\u003d\\\"rotate(0 63 12)\\\" text-anchor\\u003d\\\"start\\\"\\u003e\\u003ctspan dy\\u003d\\\"4\\\" x\\u003d\\\"63\\\" y\\u003d\\\"12\\\"\\u003eNew\\u003c/tspan\\u003e\\u003c/text\\u003e    \\u003c/g\\u003e    \\u003cg id\\u003d\\\"sid-46363097-83D7-47C4-B197-01F9AEAB2336e\\\"\\u003e                \\u003crect id\\u003d\\\"sid-46363097-83D7-47C4-B197-01F9AEAB2336desc\\\" oryx:anchors\\u003d\\\"left top\\\" stroke\\u003d\\\"none\\\" fill\\u003d\\\"url(#sid-46363097-83D7-47C4-B197-01F9AEAB2336transparent)\\\" x\\u003d\\\"0\\\" y\\u003d\\\"0\\\" height\\u003d\\\"24\\\" width\\u003d\\\"149\\\" display\\u003d\\\"none\\\"/\\u003e                \\u003ctext id\\u003d\\\"sid-46363097-83D7-47C4-B197-01F9AEAB2336desc_text\\\" oryx:anchors\\u003d\\\"left top\\\" oryx:align\\u003d\\\"middle left\\\" font-size\\u003d\\\"11\\\" x\\u003d\\\"0\\\" y\\u003d\\\"12\\\" stroke\\u003d\\\"black\\\" fill\\u003d\\\"gray\\\" font-style\\u003d\\\"italic\\\" display\\u003d\\\"none\\\" stroke-width\\u003d\\\"0pt\\\" letter-spacing\\u003d\\\"-0.01px\\\" oryx:fontSize\\u003d\\\"11\\\" transform\\u003d\\\"rotate(0 0 12)\\\" text-anchor\\u003d\\\"start\\\"/\\u003e           \\u003c/g\\u003e   \\u003c/g\\u003e\\u003c/g\\u003e\\u003cg class\\u003d\\\"children\\\" style\\u003d\\\"overflow:hidden\\\"/\\u003e\\u003cg class\\u003d\\\"edge\\\"/\\u003e\\u003cpath id\\u003d\\\"warningId-sid-46363097-83D7-47C4-B197-01F9AEAB2336\\\" class\\u003d\\\"validationError\\\" title\\u003d\\\"\\\" stroke-width\\u003d\\\"1\\\" stroke\\u003d\\\"red\\\" fill\\u003d\\\"yellow\\\" d\\u003d\\\"M5,-5 L20,-5 L12,-20 z M12,-15 L12,-10 M12,-9 L12,-7\\\" line-captions\\u003d\\\"round\\\" style\\u003d\\\"cursor:pointer\\\" display\\u003d\\\"none\\\"/\\u003e\\u003c/g\\u003e\\u003cg class\\u003d\\\"controls\\\"\\u003e\\u003cg class\\u003d\\\"dockers\\\"/\\u003e\\u003cg class\\u003d\\\"magnets\\\" transform\\u003d\\\"translate(835, 98)\\\"\\u003e\\u003cg pointer-events\\u003d\\\"all\\\" display\\u003d\\\"none\\\" transform\\u003d\\\"translate(14.949929921562497, 11.39786281507201)\\\"\\u003e\\u003ccircle cx\\u003d\\\"8\\\" cy\\u003d\\\"8\\\" r\\u003d\\\"4\\\" stroke\\u003d\\\"none\\\" fill\\u003d\\\"red\\\" fill-opacity\\u003d\\\"0.3\\\"/\\u003e\\u003c/g\\u003e\\u003c/g\\u003e\\u003c/g\\u003e\\u003c/g\\u003e\\u003cg id\\u003d\\\"svg-cloud-output1\\\"\\u003e\\u003cg class\\u003d\\\"stencils\\\" transform\\u003d\\\"translate(15, 25)\\\"\\u003e\\u003cg class\\u003d\\\"me\\\"\\u003e\\u003cg oryx:minimumSize\\u003d\\\"28 50\\\" id\\u003d\\\"sid-F75408ED-F436-406F-A4AD-E3DC2B425618\\\" title\\u003d\\\"Output textarea\\\"\\u003e    \\u003cdefs id\\u003d\\\"sid-F75408ED-F436-406F-A4AD-E3DC2B425618_sid-F75408ED-F436-406F-A4AD-E3DC2B425618_2\\\"\\u003e        \\u003cradialGradient id\\u003d\\\"sid-F75408ED-F436-406F-A4AD-E3DC2B425618transparent\\\" cx\\u003d\\\"10%\\\" cy\\u003d\\\"10%\\\" r\\u003d\\\"100%\\\" fx\\u003d\\\"10%\\\" fy\\u003d\\\"10%\\\"\\u003e      \\u003cstop offset\\u003d\\\"0%\\\" stop-color\\u003d\\\"#ffffff\\\" stop-opacity\\u003d\\\"0\\\" id\\u003d\\\"sid-F75408ED-F436-406F-A4AD-E3DC2B425618_sid-F75408ED-F436-406F-A4AD-E3DC2B425618_3\\\"/\\u003e      \\u003cstop offset\\u003d\\\"100%\\\" stop-color\\u003d\\\"#ffffff\\\" stop-opacity\\u003d\\\"0\\\" id\\u003d\\\"sid-F75408ED-F436-406F-A4AD-E3DC2B425618_sid-F75408ED-F436-406F-A4AD-E3DC2B425618_4\\\"/\\u003e        \\u003c/radialGradient\\u003e    \\u003c/defs\\u003e        \\u003crect id\\u003d\\\"sid-F75408ED-F436-406F-A4AD-E3DC2B425618bg_frame\\\" oryx:anchors\\u003d\\\"left top\\\" x\\u003d\\\"0\\\" y\\u003d\\\"0\\\" width\\u003d\\\"969\\\" height\\u003d\\\"48\\\" stroke\\u003d\\\"none\\\" fill\\u003d\\\"url(#sid-F75408ED-F436-406F-A4AD-E3DC2B425618transparent)\\\"/\\u003e        \\u003cg id\\u003d\\\"sid-F75408ED-F436-406F-A4AD-E3DC2B425618a\\\"\\u003e     \\u003crect id\\u003d\\\"sid-F75408ED-F436-406F-A4AD-E3DC2B425618label\\\" oryx:anchors\\u003d\\\"left top\\\" x\\u003d\\\"0\\\" y\\u003d\\\"0\\\" width\\u003d\\\"0\\\" height\\u003d\\\"24\\\" stroke\\u003d\\\"none\\\" fill\\u003d\\\"url(#sid-F75408ED-F436-406F-A4AD-E3DC2B425618transparent)\\\" display\\u003d\\\"none\\\"/\\u003e      \\u003ctext id\\u003d\\\"sid-F75408ED-F436-406F-A4AD-E3DC2B425618label_text\\\" oryx:anchors\\u003d\\\"left top\\\" oryx:align\\u003d\\\"middle left\\\" font-size\\u003d\\\"11\\\" x\\u003d\\\"0\\\" y\\u003d\\\"12\\\" stroke\\u003d\\\"black\\\" stroke-width\\u003d\\\"0pt\\\" letter-spacing\\u003d\\\"-0.01px\\\" oryx:fontSize\\u003d\\\"11\\\" display\\u003d\\\"none\\\" transform\\u003d\\\"rotate(0 0 12)\\\" text-anchor\\u003d\\\"start\\\"/\\u003e    \\u003c/g\\u003e       \\u003cg id\\u003d\\\"sid-F75408ED-F436-406F-A4AD-E3DC2B425618b\\\" stroke\\u003d\\\"#000000\\\"\\u003e      \\u003crect id\\u003d\\\"sid-F75408ED-F436-406F-A4AD-E3DC2B425618input\\\" oryx:anchors\\u003d\\\"left top\\\" fill\\u003d\\\"#F5F5F5\\\" stroke-dasharray\\u003d\\\"10,2\\\" x\\u003d\\\"0\\\" y\\u003d\\\"0\\\" height\\u003d\\\"48\\\" width\\u003d\\\"969\\\"/\\u003e      \\u003cpath id\\u003d\\\"sid-F75408ED-F436-406F-A4AD-E3DC2B425618input_dependent\\\" oryx:anchors\\u003d\\\"left top\\\" d\\u003d\\\" M5 5  L23 5  L23 23  L5 23  L5 5  M8 9  L15 9  M11.5 9  L11.5 14  M15 13  L19.5 13  z M7.5 16  L20.5 16  M8 19  L20 19  z\\\" stroke\\u003d\\\"black\\\" fill\\u003d\\\"none\\\" display\\u003d\\\"inherit\\\"/\\u003e         \\u003ctext id\\u003d\\\"sid-F75408ED-F436-406F-A4AD-E3DC2B425618input_text\\\" oryx:anchors\\u003d\\\"left top\\\" oryx:align\\u003d\\\"top left\\\" font-size\\u003d\\\"11\\\" x\\u003d\\\"5\\\" y\\u003d\\\"12\\\" refX\\u003d\\\"25\\\" refY\\u003d\\\"6\\\" stroke\\u003d\\\"black\\\" fill\\u003d\\\"gray\\\" font-style\\u003d\\\"italic\\\" stroke-width\\u003d\\\"0pt\\\" letter-spacing\\u003d\\\"-0.01px\\\" oryx:fontSize\\u003d\\\"11\\\" transform\\u003d\\\"rotate(0 5 12)\\\" text-anchor\\u003d\\\"start\\\"\\u003e\\u003ctspan dy\\u003d\\\"11\\\" x\\u003d\\\"5\\\" y\\u003d\\\"12\\\"\\u003ePending Tasks...\\u003c/tspan\\u003e\\u003c/text\\u003e    \\u003c/g\\u003e        \\u003cg id\\u003d\\\"sid-F75408ED-F436-406F-A4AD-E3DC2B425618c\\\" transform\\u003d\\\"translate(1,8)\\\"\\u003e     \\u003cpath id\\u003d\\\"sid-F75408ED-F436-406F-A4AD-E3DC2B425618mandatory_Indicator\\\" oryx:anchors\\u003d\\\"middle left\\\" d\\u003d\\\"m14.30275,11.94655l-2.49912,0l-0.77223,2.37422l-0.77227,-2.37422l-2.49912,0l2.02183,-1.46721l-0.77229,-2.37417l2.02184,1.46732l2.02183,-1.46732l-0.77232,2.37417l2.02184,1.46721z\\\" stroke\\u003d\\\"#ff0000\\\" fill\\u003d\\\"#ff0000\\\" display\\u003d\\\"none\\\" style\\u003d\\\"cursor:pointer\\\"/\\u003e    \\u003c/g\\u003e       \\u003cg id\\u003d\\\"sid-F75408ED-F436-406F-A4AD-E3DC2B425618d\\\"\\u003e     \\u003cpath id\\u003d\\\"sid-F75408ED-F436-406F-A4AD-E3DC2B425618feedback_Indicator\\\" oryx:anchors\\u003d\\\"left top\\\" d\\u003d\\\"M300,15 320,15 310,0 Z M310 4 L310 10 Z M310 11 L310 13 Z\\\" stroke\\u003d\\\"black\\\" fill\\u003d\\\"#ff0000\\\" display\\u003d\\\"none\\\"/\\u003e    \\u003c/g\\u003e        \\u003cg id\\u003d\\\"sid-F75408ED-F436-406F-A4AD-E3DC2B425618e\\\"\\u003e     \\u003crect id\\u003d\\\"sid-F75408ED-F436-406F-A4AD-E3DC2B425618desc\\\" oryx:anchors\\u003d\\\"left top\\\" stroke\\u003d\\\"none\\\" fill\\u003d\\\"url(#sid-F75408ED-F436-406F-A4AD-E3DC2B425618transparent)\\\" x\\u003d\\\"0\\\" y\\u003d\\\"0\\\" height\\u003d\\\"24\\\" width\\u003d\\\"969\\\" display\\u003d\\\"none\\\"/\\u003e     \\u003ctext id\\u003d\\\"sid-F75408ED-F436-406F-A4AD-E3DC2B425618desc_text\\\" oryx:anchors\\u003d\\\"left top\\\" oryx:align\\u003d\\\"middle left\\\" font-size\\u003d\\\"11\\\" x\\u003d\\\"0\\\" y\\u003d\\\"24\\\" stroke\\u003d\\\"black\\\" fill\\u003d\\\"gray\\\" font-style\\u003d\\\"italic\\\" display\\u003d\\\"none\\\" stroke-width\\u003d\\\"0pt\\\" letter-spacing\\u003d\\\"-0.01px\\\" oryx:fontSize\\u003d\\\"11\\\" transform\\u003d\\\"rotate(0 0 24)\\\" text-anchor\\u003d\\\"start\\\"/\\u003e    \\u003c/g\\u003e   \\u003c/g\\u003e\\u003c/g\\u003e\\u003cg class\\u003d\\\"children\\\" style\\u003d\\\"overflow:hidden\\\"/\\u003e\\u003cg class\\u003d\\\"edge\\\"/\\u003e\\u003cpath id\\u003d\\\"warningId-sid-F75408ED-F436-406F-A4AD-E3DC2B425618\\\" class\\u003d\\\"validationError\\\" title\\u003d\\\"\\\" stroke-width\\u003d\\\"1\\\" stroke\\u003d\\\"red\\\" fill\\u003d\\\"yellow\\\" d\\u003d\\\"M5,-5 L20,-5 L12,-20 z M12,-15 L12,-10 M12,-9 L12,-7\\\" line-captions\\u003d\\\"round\\\" style\\u003d\\\"cursor:pointer\\\" display\\u003d\\\"none\\\"/\\u003e\\u003c/g\\u003e\\u003cg class\\u003d\\\"controls\\\"\\u003e\\u003cg class\\u003d\\\"dockers\\\"/\\u003e\\u003cg class\\u003d\\\"magnets\\\" transform\\u003d\\\"translate(15, 25)\\\"\\u003e\\u003cg pointer-events\\u003d\\\"all\\\" display\\u003d\\\"none\\\" transform\\u003d\\\"translate(266965.9621799527, 22.66082550174416)\\\"\\u003e\\u003ccircle cx\\u003d\\\"8\\\" cy\\u003d\\\"8\\\" r\\u003d\\\"4\\\" stroke\\u003d\\\"none\\\" fill\\u003d\\\"red\\\" fill-opacity\\u003d\\\"0.3\\\"/\\u003e\\u003c/g\\u003e\\u003c/g\\u003e\\u003c/g\\u003e\\u003c/g\\u003e\\u003cg id\\u003d\\\"svg-cloud-one-list1\\\"\\u003e\\u003cg class\\u003d\\\"stencils\\\" transform\\u003d\\\"translate(15, 147)\\\"\\u003e\\u003cg class\\u003d\\\"me\\\"\\u003e\\u003cg oryx:minimumSize\\u003d\\\"24 26\\\" id\\u003d\\\"sid-BD914747-B68A-4748-90B1-460F0E296DA9\\\" title\\u003d\\\"List\\\"\\u003e    \\u003cdefs id\\u003d\\\"sid-BD914747-B68A-4748-90B1-460F0E296DA9_sid-BD914747-B68A-4748-90B1-460F0E296DA9_2\\\"\\u003e          \\u003cradialGradient id\\u003d\\\"sid-BD914747-B68A-4748-90B1-460F0E296DA9transparent\\\" cx\\u003d\\\"10%\\\" cy\\u003d\\\"10%\\\" r\\u003d\\\"100%\\\" fx\\u003d\\\"10%\\\" fy\\u003d\\\"10%\\\"\\u003e      \\u003cstop offset\\u003d\\\"0%\\\" stop-color\\u003d\\\"#ffffff\\\" stop-opacity\\u003d\\\"0\\\" id\\u003d\\\"sid-BD914747-B68A-4748-90B1-460F0E296DA9_sid-BD914747-B68A-4748-90B1-460F0E296DA9_3\\\"/\\u003e      \\u003cstop offset\\u003d\\\"100%\\\" stop-color\\u003d\\\"#ffffff\\\" stop-opacity\\u003d\\\"0\\\" id\\u003d\\\"sid-BD914747-B68A-4748-90B1-460F0E296DA9_sid-BD914747-B68A-4748-90B1-460F0E296DA9_4\\\"/\\u003e       \\u003c/radialGradient\\u003e         \\u003cmarker id\\u003d\\\"sid-BD914747-B68A-4748-90B1-460F0E296DA9itemlist_marker\\\" markerWidth\\u003d\\\"12\\\" markerHeight\\u003d\\\"12\\\" orient\\u003d\\\"auto\\\"\\u003e      \\u003ccircle cx\\u003d\\\"5\\\" cy\\u003d\\\"6\\\" r\\u003d\\\"2\\\" oryx:anchors\\u003d\\\"left top\\\" stroke\\u003d\\\"black\\\" fill\\u003d\\\"black\\\" id\\u003d\\\"sid-BD914747-B68A-4748-90B1-460F0E296DA9_sid-BD914747-B68A-4748-90B1-460F0E296DA9_5\\\"/\\u003e     \\u003c/marker\\u003e      \\u003c/defs\\u003e      \\u003crect id\\u003d\\\"sid-BD914747-B68A-4748-90B1-460F0E296DA9bg_frame\\\" oryx:anchors\\u003d\\\"left top\\\" x\\u003d\\\"0\\\" y\\u003d\\\"0\\\" width\\u003d\\\"969\\\" height\\u003d\\\"76\\\" stroke\\u003d\\\"none\\\" fill\\u003d\\\"url(#sid-BD914747-B68A-4748-90B1-460F0E296DA9transparent)\\\"/\\u003e      \\u003cg id\\u003d\\\"sid-BD914747-B68A-4748-90B1-460F0E296DA9a\\\"\\u003e     \\u003crect id\\u003d\\\"sid-BD914747-B68A-4748-90B1-460F0E296DA9label\\\" oryx:anchors\\u003d\\\"left top\\\" x\\u003d\\\"0\\\" y\\u003d\\\"0\\\" width\\u003d\\\"964\\\" height\\u003d\\\"24\\\" stroke\\u003d\\\"none\\\" fill\\u003d\\\"url(#sid-BD914747-B68A-4748-90B1-460F0E296DA9transparent)\\\"/\\u003e     \\u003ctext id\\u003d\\\"sid-BD914747-B68A-4748-90B1-460F0E296DA9label_text\\\" oryx:anchors\\u003d\\\"left top\\\" font-size\\u003d\\\"11\\\" x\\u003d\\\"0\\\" y\\u003d\\\"12\\\" oryx:align\\u003d\\\"middle left\\\" stroke\\u003d\\\"black\\\" stroke-width\\u003d\\\"0pt\\\" letter-spacing\\u003d\\\"-0.01px\\\" oryx:fontSize\\u003d\\\"11\\\" transform\\u003d\\\"rotate(0 0 12)\\\" text-anchor\\u003d\\\"start\\\"\\u003e\\u003ctspan dy\\u003d\\\"4\\\" x\\u003d\\\"0\\\" y\\u003d\\\"12\\\"\\u003eOpen Requests\\u003c/tspan\\u003e\\u003c/text\\u003e    \\u003c/g\\u003e        \\u003cg id\\u003d\\\"sid-BD914747-B68A-4748-90B1-460F0E296DA9b\\\" stroke\\u003d\\\"#000000\\\"\\u003e           \\u003crect id\\u003d\\\"sid-BD914747-B68A-4748-90B1-460F0E296DA9input\\\" oryx:anchors\\u003d\\\"left top\\\" fill\\u003d\\\"#F5F5F5\\\" x\\u003d\\\"0\\\" y\\u003d\\\"24\\\" height\\u003d\\\"52\\\" width\\u003d\\\"969\\\"/\\u003e     \\u003ctext id\\u003d\\\"sid-BD914747-B68A-4748-90B1-460F0E296DA9input_text\\\" oryx:anchors\\u003d\\\"left top\\\" oryx:align\\u003d\\\"middle left\\\" font-size\\u003d\\\"11\\\" x\\u003d\\\"5\\\" y\\u003d\\\"69\\\" refX\\u003d\\\"0\\\" refY\\u003d\\\"33\\\" stroke\\u003d\\\"black\\\" fill\\u003d\\\"gray\\\" font-style\\u003d\\\"italic\\\" stroke-width\\u003d\\\"0pt\\\" letter-spacing\\u003d\\\"-0.01px\\\" oryx:fontSize\\u003d\\\"11\\\" transform\\u003d\\\"rotate(0 5 69)\\\" text-anchor\\u003d\\\"start\\\"/\\u003e     \\u003cpath id\\u003d\\\"sid-BD914747-B68A-4748-90B1-460F0E296DA9input_dependentitemlist_0\\\" d\\u003d\\\" M5 29  L17 29 \\\" stroke\\u003d\\\"none\\\" fill\\u003d\\\"#ffffff\\\" marker-start\\u003d\\\"url(#sid-BD914747-B68A-4748-90B1-460F0E296DA9itemlist_marker)\\\" refX\\u003d\\\"5\\\" refY\\u003d\\\"5\\\" oryx:anchors\\u003d\\\"left top\\\" style\\u003d\\\"opacity:0.9999;\\\"/\\u003e     \\u003ctext id\\u003d\\\"sid-BD914747-B68A-4748-90B1-460F0E296DA9input_dependent_textitemlist_0\\\" width\\u003d\\\"48\\\" height\\u003d\\\"24\\\" x\\u003d\\\"22\\\" y\\u003d\\\"34\\\" font-size\\u003d\\\"12px\\\" stroke-width\\u003d\\\"0pt\\\" stroke\\u003d\\\"black\\\" refX\\u003d\\\"22\\\" refY\\u003d\\\"10\\\" oryx:anchors\\u003d\\\"left top\\\" oryx:align\\u003d\\\"middle left\\\" letter-spacing\\u003d\\\"-0.01px\\\" transform\\u003d\\\"rotate(0 22 34)\\\" oryx:fontSize\\u003d\\\"12\\\" text-anchor\\u003d\\\"start\\\"\\u003e\\u003ctspan dy\\u003d\\\"5\\\" x\\u003d\\\"22\\\" y\\u003d\\\"34\\\"\\u003eItem 1\\u003c/tspan\\u003e\\u003c/text\\u003e     \\u003cpath id\\u003d\\\"sid-BD914747-B68A-4748-90B1-460F0E296DA9input_dependentitemlist_1\\\" d\\u003d\\\" M5 52  L17 52 \\\" stroke\\u003d\\\"none\\\" fill\\u003d\\\"#ffffff\\\" marker-start\\u003d\\\"url(#sid-BD914747-B68A-4748-90B1-460F0E296DA9itemlist_marker)\\\" refX\\u003d\\\"5\\\" refY\\u003d\\\"28\\\" oryx:anchors\\u003d\\\"left top\\\" style\\u003d\\\"opacity:0.9999;\\\"/\\u003e     \\u003ctext id\\u003d\\\"sid-BD914747-B68A-4748-90B1-460F0E296DA9input_dependent_textitemlist_1\\\" width\\u003d\\\"48\\\" height\\u003d\\\"24\\\" x\\u003d\\\"22\\\" y\\u003d\\\"57\\\" font-size\\u003d\\\"12px\\\" stroke-width\\u003d\\\"0pt\\\" stroke\\u003d\\\"black\\\" refX\\u003d\\\"22\\\" refY\\u003d\\\"33\\\" oryx:anchors\\u003d\\\"left top\\\" oryx:align\\u003d\\\"middle left\\\" letter-spacing\\u003d\\\"-0.01px\\\" transform\\u003d\\\"rotate(0 22 57)\\\" oryx:fontSize\\u003d\\\"12\\\" text-anchor\\u003d\\\"start\\\"\\u003e\\u003ctspan dy\\u003d\\\"5\\\" x\\u003d\\\"22\\\" y\\u003d\\\"57\\\"\\u003eItem 2\\u003c/tspan\\u003e\\u003c/text\\u003e    \\u003c/g\\u003e          \\u003cg id\\u003d\\\"sid-BD914747-B68A-4748-90B1-460F0E296DA9c\\\" transform\\u003d\\\"translate(1,8)\\\"\\u003e     \\u003cpath id\\u003d\\\"sid-BD914747-B68A-4748-90B1-460F0E296DA9mandatory_Indicator\\\" oryx:anchors\\u003d\\\"middle left\\\" d\\u003d\\\" m14.30275 14.137590114942528  l-2.49912 0  l-0.77223 2.37422  l-0.77227 -2.37422  l-2.49912 0  l2.02183 -1.46721  l-0.77229 -2.37417  l2.02184 1.46732  l2.02183 -1.46732  l-0.77232 2.37417  l2.02184 1.46721  z\\\" stroke\\u003d\\\"#ff0000\\\" fill\\u003d\\\"#ff0000\\\" display\\u003d\\\"none\\\" style\\u003d\\\"cursor:pointer\\\"/\\u003e    \\u003c/g\\u003e      \\u003cg id\\u003d\\\"sid-BD914747-B68A-4748-90B1-460F0E296DA9d\\\"\\u003e     \\u003cpath id\\u003d\\\"sid-BD914747-B68A-4748-90B1-460F0E296DA9feedback_Indicator\\\" oryx:anchors\\u003d\\\"left top\\\" d\\u003d\\\"M300,15 320,15 310,0 Z M310 4 L310 10 Z M310 11 L310 13 Z\\\" stroke\\u003d\\\"black\\\" fill\\u003d\\\"#ff0000\\\" display\\u003d\\\"none\\\"/\\u003e    \\u003c/g\\u003e        \\u003cg id\\u003d\\\"sid-BD914747-B68A-4748-90B1-460F0E296DA9e\\\"\\u003e     \\u003crect id\\u003d\\\"sid-BD914747-B68A-4748-90B1-460F0E296DA9desc\\\" oryx:anchors\\u003d\\\"left top\\\" stroke\\u003d\\\"none\\\" fill\\u003d\\\"url(#sid-BD914747-B68A-4748-90B1-460F0E296DA9transparent)\\\" x\\u003d\\\"0\\\" y\\u003d\\\"0\\\" height\\u003d\\\"24\\\" width\\u003d\\\"969\\\" display\\u003d\\\"none\\\"/\\u003e     \\u003ctext id\\u003d\\\"sid-BD914747-B68A-4748-90B1-460F0E296DA9desc_text\\\" oryx:anchors\\u003d\\\"left top\\\" oryx:align\\u003d\\\"middle left\\\" font-size\\u003d\\\"11\\\" x\\u003d\\\"0\\\" y\\u003d\\\"26\\\" stroke\\u003d\\\"black\\\" fill\\u003d\\\"gray\\\" font-style\\u003d\\\"italic\\\" display\\u003d\\\"none\\\" stroke-width\\u003d\\\"0pt\\\" letter-spacing\\u003d\\\"-0.01px\\\" oryx:fontSize\\u003d\\\"11\\\" transform\\u003d\\\"rotate(0 0 26)\\\" text-anchor\\u003d\\\"start\\\"/\\u003e    \\u003c/g\\u003e       \\u003c/g\\u003e\\u003c/g\\u003e\\u003cg class\\u003d\\\"children\\\" style\\u003d\\\"overflow:hidden\\\"/\\u003e\\u003cg class\\u003d\\\"edge\\\"/\\u003e\\u003cpath id\\u003d\\\"warningId-sid-BD914747-B68A-4748-90B1-460F0E296DA9\\\" class\\u003d\\\"validationError\\\" title\\u003d\\\"\\\" stroke-width\\u003d\\\"1\\\" stroke\\u003d\\\"red\\\" fill\\u003d\\\"yellow\\\" d\\u003d\\\"M5,-5 L20,-5 L12,-20 z M12,-15 L12,-10 M12,-9 L12,-7\\\" line-captions\\u003d\\\"round\\\" style\\u003d\\\"cursor:pointer\\\" display\\u003d\\\"none\\\"/\\u003e\\u003c/g\\u003e\\u003cg class\\u003d\\\"controls\\\"\\u003e\\u003cg class\\u003d\\\"dockers\\\"/\\u003e\\u003cg class\\u003d\\\"magnets\\\" transform\\u003d\\\"translate(15, 147)\\\"\\u003e\\u003cg pointer-events\\u003d\\\"all\\\" display\\u003d\\\"none\\\" transform\\u003d\\\"translate(266965.9621799527, 44.00000000000001)\\\"\\u003e\\u003ccircle cx\\u003d\\\"8\\\" cy\\u003d\\\"8\\\" r\\u003d\\\"4\\\" stroke\\u003d\\\"none\\\" fill\\u003d\\\"red\\\" fill-opacity\\u003d\\\"0.3\\\"/\\u003e\\u003c/g\\u003e\\u003c/g\\u003e\\u003c/g\\u003e\\u003c/g\\u003e\\u003cg id\\u003d\\\"svg-self-name1\\\"\\u003e\\u003cg class\\u003d\\\"stencils\\\" transform\\u003d\\\"translate(15, 98)\\\"\\u003e\\u003cg class\\u003d\\\"me\\\"\\u003e\\u003cg oryx:minimumSize\\u003d\\\"20 26\\\" id\\u003d\\\"sid-83392D5C-3D59-487D-9148-3491E204EA22\\\" title\\u003d\\\"Name\\\"\\u003e   \\u003cdefs id\\u003d\\\"sid-83392D5C-3D59-487D-9148-3491E204EA22_sid-83392D5C-3D59-487D-9148-3491E204EA22_2\\\"\\u003e           \\u003cradialGradient id\\u003d\\\"sid-83392D5C-3D59-487D-9148-3491E204EA22transparent\\\" cx\\u003d\\\"10%\\\" cy\\u003d\\\"10%\\\" r\\u003d\\\"100%\\\" fx\\u003d\\\"10%\\\" fy\\u003d\\\"10%\\\"\\u003e     \\u003cstop offset\\u003d\\\"0%\\\" stop-color\\u003d\\\"#ffffff\\\" stop-opacity\\u003d\\\"0\\\" id\\u003d\\\"sid-83392D5C-3D59-487D-9148-3491E204EA22_sid-83392D5C-3D59-487D-9148-3491E204EA22_3\\\"/\\u003e     \\u003cstop offset\\u003d\\\"100%\\\" stop-color\\u003d\\\"#ffffff\\\" stop-opacity\\u003d\\\"0\\\" id\\u003d\\\"sid-83392D5C-3D59-487D-9148-3491E204EA22_sid-83392D5C-3D59-487D-9148-3491E204EA22_4\\\"/\\u003e      \\u003c/radialGradient\\u003e     \\u003c/defs\\u003e     \\u003crect id\\u003d\\\"sid-83392D5C-3D59-487D-9148-3491E204EA22bg_frame\\\" oryx:anchors\\u003d\\\"left top\\\" x\\u003d\\\"0\\\" y\\u003d\\\"0\\\" width\\u003d\\\"805\\\" height\\u003d\\\"24\\\" stroke\\u003d\\\"none\\\" fill\\u003d\\\"url(#sid-83392D5C-3D59-487D-9148-3491E204EA22transparent)\\\"/\\u003e    \\u003cg id\\u003d\\\"sid-83392D5C-3D59-487D-9148-3491E204EA22a\\\"\\u003e    \\u003crect id\\u003d\\\"sid-83392D5C-3D59-487D-9148-3491E204EA22label\\\" oryx:anchors\\u003d\\\"left top\\\" x\\u003d\\\"0\\\" y\\u003d\\\"0\\\" width\\u003d\\\"40\\\" height\\u003d\\\"24\\\" stroke\\u003d\\\"none\\\" fill\\u003d\\\"url(#sid-83392D5C-3D59-487D-9148-3491E204EA22transparent)\\\"/\\u003e    \\u003ctext id\\u003d\\\"sid-83392D5C-3D59-487D-9148-3491E204EA22label_text\\\" oryx:anchors\\u003d\\\"left top\\\" font-size\\u003d\\\"11\\\" x\\u003d\\\"0\\\" y\\u003d\\\"12\\\" oryx:align\\u003d\\\"middle left\\\" stroke\\u003d\\\"black\\\" stroke-width\\u003d\\\"0pt\\\" letter-spacing\\u003d\\\"-0.01px\\\" oryx:fontSize\\u003d\\\"11\\\" transform\\u003d\\\"rotate(0 0 12)\\\" text-anchor\\u003d\\\"start\\\"\\u003e\\u003ctspan dy\\u003d\\\"4\\\" x\\u003d\\\"0\\\" y\\u003d\\\"12\\\"\\u003eSearch\\u003c/tspan\\u003e\\u003c/text\\u003e   \\u003c/g\\u003e      \\u003cg id\\u003d\\\"sid-83392D5C-3D59-487D-9148-3491E204EA22b\\\" stroke\\u003d\\\"#000000\\\"\\u003e    \\u003crect id\\u003d\\\"sid-83392D5C-3D59-487D-9148-3491E204EA22input\\\" oryx:anchors\\u003d\\\"left top\\\" style\\u003d\\\"fill:white;\\\" x\\u003d\\\"50\\\" y\\u003d\\\"0\\\" height\\u003d\\\"24\\\" width\\u003d\\\"755\\\"/\\u003e    \\u003ctext id\\u003d\\\"sid-83392D5C-3D59-487D-9148-3491E204EA22input_text\\\" oryx:anchors\\u003d\\\"left top\\\" oryx:align\\u003d\\\"middle left\\\" font-size\\u003d\\\"11\\\" x\\u003d\\\"55\\\" y\\u003d\\\"12\\\" stroke\\u003d\\\"black\\\" fill\\u003d\\\"gray\\\" font-style\\u003d\\\"italic\\\" stroke-width\\u003d\\\"0pt\\\" letter-spacing\\u003d\\\"-0.01px\\\" oryx:fontSize\\u003d\\\"11\\\" transform\\u003d\\\"rotate(0 55 12)\\\" text-anchor\\u003d\\\"start\\\"\\u003e\\u003ctspan dy\\u003d\\\"4\\\" x\\u003d\\\"55\\\" y\\u003d\\\"12\\\"\\u003e{{search}}\\u003c/tspan\\u003e\\u003c/text\\u003e   \\u003c/g\\u003e        \\u003cg id\\u003d\\\"sid-83392D5C-3D59-487D-9148-3491E204EA22c\\\" transform\\u003d\\\"translate(1,8)\\\"\\u003e    \\u003cpath id\\u003d\\\"sid-83392D5C-3D59-487D-9148-3491E204EA22mandatory_Indicator\\\" oryx:anchors\\u003d\\\"middle left\\\" d\\u003d\\\"m14.30275,11.94655l-2.49912,0l-0.77223,2.37422l-0.77227,-2.37422l-2.49912,0l2.02183,-1.46721l-0.77229,-2.37417l2.02184,1.46732l2.02183,-1.46732l-0.77232,2.37417l2.02184,1.46721z\\\" stroke\\u003d\\\"#ff0000\\\" fill\\u003d\\\"#ff0000\\\" display\\u003d\\\"none\\\" style\\u003d\\\"cursor:pointer\\\"/\\u003e   \\u003c/g\\u003e    \\u003cg id\\u003d\\\"sid-83392D5C-3D59-487D-9148-3491E204EA22d\\\"\\u003e    \\u003cpath id\\u003d\\\"sid-83392D5C-3D59-487D-9148-3491E204EA22feedback_Indicator\\\" oryx:anchors\\u003d\\\"left top\\\" d\\u003d\\\"M300,15 320,15 310,0 Z M310 4 L310 10 Z M310 11 L310 13 Z\\\" stroke\\u003d\\\"black\\\" fill\\u003d\\\"#ff0000\\\" display\\u003d\\\"none\\\"/\\u003e   \\u003c/g\\u003e      \\u003cg id\\u003d\\\"sid-83392D5C-3D59-487D-9148-3491E204EA22e\\\"\\u003e    \\u003crect id\\u003d\\\"sid-83392D5C-3D59-487D-9148-3491E204EA22desc\\\" oryx:anchors\\u003d\\\"left top\\\" stroke\\u003d\\\"none\\\" fill\\u003d\\\"url(#sid-83392D5C-3D59-487D-9148-3491E204EA22transparent)\\\" x\\u003d\\\"50\\\" y\\u003d\\\"0\\\" height\\u003d\\\"24\\\" width\\u003d\\\"755\\\" display\\u003d\\\"none\\\"/\\u003e    \\u003ctext id\\u003d\\\"sid-83392D5C-3D59-487D-9148-3491E204EA22desc_text\\\" oryx:anchors\\u003d\\\"left top\\\" oryx:align\\u003d\\\"middle left\\\" font-size\\u003d\\\"11\\\" x\\u003d\\\"50\\\" y\\u003d\\\"12\\\" stroke\\u003d\\\"black\\\" fill\\u003d\\\"gray\\\" font-style\\u003d\\\"italic\\\" display\\u003d\\\"none\\\" stroke-width\\u003d\\\"0pt\\\" letter-spacing\\u003d\\\"-0.01px\\\" oryx:fontSize\\u003d\\\"11\\\" transform\\u003d\\\"rotate(0 50 12)\\\" text-anchor\\u003d\\\"start\\\"/\\u003e   \\u003c/g\\u003e     \\u003c/g\\u003e\\u003c/g\\u003e\\u003cg class\\u003d\\\"children\\\" style\\u003d\\\"overflow:hidden\\\"/\\u003e\\u003cg class\\u003d\\\"edge\\\"/\\u003e\\u003cpath id\\u003d\\\"warningId-sid-83392D5C-3D59-487D-9148-3491E204EA22\\\" class\\u003d\\\"validationError\\\" title\\u003d\\\"\\\" stroke-width\\u003d\\\"1\\\" stroke\\u003d\\\"red\\\" fill\\u003d\\\"yellow\\\" d\\u003d\\\"M5,-5 L20,-5 L12,-20 z M12,-15 L12,-10 M12,-9 L12,-7\\\" line-captions\\u003d\\\"round\\\" style\\u003d\\\"cursor:pointer\\\" display\\u003d\\\"none\\\"/\\u003e\\u003c/g\\u003e\\u003cg class\\u003d\\\"controls\\\"\\u003e\\u003cg class\\u003d\\\"dockers\\\"/\\u003e\\u003cg class\\u003d\\\"magnets\\\" transform\\u003d\\\"translate(15, 98)\\\"\\u003e\\u003cg pointer-events\\u003d\\\"all\\\" display\\u003d\\\"none\\\" transform\\u003d\\\"translate(42619.23255915394, 11.39786281507201)\\\"\\u003e\\u003ccircle cx\\u003d\\\"8\\\" cy\\u003d\\\"8\\\" r\\u003d\\\"4\\\" stroke\\u003d\\\"none\\\" fill\\u003d\\\"red\\\" fill-opacity\\u003d\\\"0.3\\\"/\\u003e\\u003c/g\\u003e\\u003c/g\\u003e\\u003c/g\\u003e\\u003c/g\\u003e\\u003c/g\\u003e\\u003cg class\\u003d\\\"edge\\\"/\\u003e\\u003cpath id\\u003d\\\"warningId-sid-95DF2424-C18A-4066-B065-4F0ECFDB25EC\\\" class\\u003d\\\"validationError\\\" title\\u003d\\\"\\\" stroke-width\\u003d\\\"1\\\" stroke\\u003d\\\"red\\\" fill\\u003d\\\"yellow\\\" d\\u003d\\\"M5,-5 L20,-5 L12,-20 z M12,-15 L12,-10 M12,-9 L12,-7\\\" line-captions\\u003d\\\"round\\\" style\\u003d\\\"cursor:pointer\\\" display\\u003d\\\"none\\\"/\\u003e\\u003cg class\\u003d\\\"panelcell\\\" display\\u003d\\\"none\\\"\\u003e\\u003crect x\\u003d\\\"0\\\" y\\u003d\\\"0\\\" stroke-width\\u003d\\\"2\\\" stroke\\u003d\\\"#00ff00\\\" fill\\u003d\\\"none\\\" pointer-events\\u003d\\\"none\\\"/\\u003e\\u003c/g\\u003e\\u003c/g\\u003e\\u003cg class\\u003d\\\"controls\\\"\\u003e\\u003cg class\\u003d\\\"dockers\\\"/\\u003e\\u003cg class\\u003d\\\"magnets\\\" transform\\u003d\\\"translate(50, 50)\\\"\\u003e\\u003cg pointer-events\\u003d\\\"all\\\" display\\u003d\\\"none\\\" transform\\u003d\\\"translate(491.50000000000034, 116)\\\"\\u003e\\u003ccircle cx\\u003d\\\"8\\\" cy\\u003d\\\"8\\\" r\\u003d\\\"4\\\" stroke\\u003d\\\"none\\\" fill\\u003d\\\"red\\\" fill-opacity\\u003d\\\"0.3\\\"/\\u003e\\u003c/g\\u003e\\u003c/g\\u003e\\u003c/g\\u003e\\u003c/g\\u003e\\u003c/g\\u003e\\u003cg class\\u003d\\\"edge\\\"/\\u003e\\u003c/g\\u003e\\u003c/g\\u003e\\u003c/svg\\u003e\",\"modelRuntimeJson\":\"{\\\"rows\\\":[{\\\"cols\\\":[{\\\"isRequired\\\":false,\\\"size\\\":12,\\\"extraSettings\\\":{\\\"richEditorDisplay\\\":true},\\\"labelAlign\\\":\\\"left\\\",\\\"defaultValue\\\":false,\\\"editable\\\":false,\\\"isVisible\\\":true,\\\"id\\\":\\\"cloud-output1\\\",\\\"type\\\":\\\"textarea\\\",\\\"helpMessage\\\":{\\\"position\\\":\\\"bottom\\\"}}]},{\\\"cols\\\":[{\\\"isRequired\\\":false,\\\"size\\\":10,\\\"labelAlign\\\":\\\"left\\\",\\\"editable\\\":true,\\\"isVisible\\\":true,\\\"label\\\":\\\"Search\\\",\\\"id\\\":\\\"self-name1\\\",\\\"type\\\":\\\"text\\\",\\\"value\\\":\\\"{{search}}\\\",\\\"helpMessage\\\":{\\\"position\\\":\\\"bottom\\\"}},{\\\"isRequired\\\":false,\\\"extraSettings\\\":{\\\"iconAlignment\\\":\\\"right\\\",\\\"hideSelectors\\\":true,\\\"tooltip\\\":\\\"Start a new Registration Case\\\",\\\"workItemType\\\":\\\"CAS\\\",\\\"type\\\":\\\"create\\\",\\\"alignment\\\":\\\"left\\\",\\\"showAsButton\\\":true,\\\"workItemModel\\\":\\\"dc26a1cb-8797-4029-a97d-b66d8b37535c\\\",\\\"target\\\":\\\"_self\\\"},\\\"size\\\":2,\\\"labelAlign\\\":\\\"left\\\",\\\"editable\\\":false,\\\"id\\\":\\\"cloud-link-button-create2\\\",\\\"isVisible\\\":true,\\\"type\\\":\\\"linkButton\\\",\\\"value\\\":\\\"New\\\",\\\"helpMessage\\\":{\\\"position\\\":\\\"bottom\\\"}}]},{\\\"cols\\\":[{\\\"isRequired\\\":false,\\\"extraSettings\\\":{\\\"queryUrl\\\":\\\"type:CAS state:open model:\\u0027Registration Case\\u0027 sort:creation:desc {{search}}\\\",\\\"formatItem\\\":\\\"{{item.name}}\\\",\\\"type\\\":\\\"ONE\\\",\\\"collapsible\\\":false,\\\"linkTargetView\\\":\\\"browse\\\",\\\"itemsMaxSize\\\":20},\\\"size\\\":12,\\\"labelAlign\\\":\\\"top\\\",\\\"editable\\\":false,\\\"isVisible\\\":true,\\\"label\\\":\\\"Open Requests\\\",\\\"id\\\":\\\"cloud-one-list1\\\",\\\"type\\\":\\\"itemsList\\\",\\\"helpMessage\\\":{\\\"position\\\":\\\"bottom\\\"}}]}]}\",\"modelRevisionTime\":\"1473750395724\",\"comment\":\"\"}"
  }, {
    "name" : "_revisions",
    "type" : "java.lang.String",
    "value" : "{\"1473680993638\":\"c4871cbe-eebe-48e9-a091-9f805d787fcf\",\"1473681280268\":\"d09f692f-9996-42ca-87ed-117c346b4c1c\",\"1473682456612\":\"feaf3505-2d14-407e-a64c-7a493d8af385\",\"1473682533183\":\"ed935f15-3962-4f02-8ba8-6dd515687fbe\",\"1473682584944\":\"4f2dd587-4710-4216-8e39-4ef8583b9a1f\",\"1473682972730\":\"5eae23f6-02f0-43ec-ba31-c8a4aed89d03\",\"1473683030731\":\"ee7ef02d-1e4e-4028-b637-1a581d4efec5\",\"1473683175177\":\"6337055f-6c0d-4e8d-b02b-9fd1a718b015\",\"1473683225320\":\"403ccf37-9891-48fc-851b-08e910318de0\",\"1473683358885\":\"b8595c7c-0fd6-436c-b079-49769c995d4f\",\"1473683447605\":\"a165d8cb-531c-4f3c-81e9-5ed5d43d6c45\",\"1473683523332\":\"64b7273f-2860-4742-b470-f364d295b45c\",\"1473684090393\":\"322c28b3-f66a-436a-a3cf-9f41f52f61d2\",\"1473684143615\":\"55529417-c789-44fc-95a0-cadab65d386a\",\"1473684217514\":\"e314b06d-a2b0-4ec0-a7b2-47114cd0527f\",\"1473750367233\":\"109b5ebd-d48a-4607-9301-6aa05a307ee2\"}"
  }, {
    "name" : "description",
    "type" : null,
    "value" : null
  }, {
    "name" : "guid",
    "type" : "java.lang.String",
    "value" : "c2956a7a-58d0-45a9-b135-a12f0ec21d37"
  }, {
    "name" : "key",
    "type" : "java.lang.String",
    "value" : "edoras-a12f0ec21d37"
  } ],
  "stateUpdateTime" : null,
  "subStateUpdateTime" : "2016-09-13T07:13:58.448Z",
  "ownerId" : "GEAR-16720586-e205-40d1-a4b6-f25d5df185a4",
  "assigneeId" : "GEAR-16720586-e205-40d1-a4b6-f25d5df185a4",
  "initialAssigneeId" : "GEAR-16720586-e205-40d1-a4b6-f25d5df185a4",
  "previousAssigneeId" : null,
  "assignedGroupId" : null,
  "initialAssignedGroupId" : null,
  "previousAssignedGroupId" : null,
  "candidateUserIds" : [ ],
  "candidateGroupIds" : [ "GEAR-486911b3-223a-463a-aab3-05cd153ea3d6" ],
  "priority" : null,
  "resubmissionTime" : null,
  "dueTime" : null,
  "assigneeIdUpdateTime" : null,
  "assignedGroupIdUpdateTime" : null,
  "path" : [ "WRK(GEAR-f636140a-4a59-4e5d-b823-7171150d31cf)", "WRK(GEAR-873188f6-96aa-46fb-b4d3-bffcd54ae506)" ]
}