{
  "resourceId" : "canvas",
  "properties" : {
    "stencilsuperids" : [ "XForm" ],
    "stencilid" : "XForm",
    "xmlTag" : "XForm",
    "customstencil" : true,
    "name" : "Extra Info Addition",
    "stencilsuperid" : "XForm",
    "id" : "edoras-c73d58067521",
    "guid" : "GEAR-3a0146e5-12e7-4be5-b34d-b103d07361b2",
    "stylesheet" : ""
  },
  "xmlProperties" : [ ],
  "pathProperties" : {
    "id" : "id"
  },
  "stencil" : {
    "id" : "XForm"
  },
  "childShapes" : [ {
    "resourceId" : "panel1",
    "properties" : {
      "col" : 1,
      "enabled-run" : "",
      "visible-run" : "",
      "row-span" : 1,
      "title" : "",
      "collapsible" : "false",
      "enabled" : "true",
      "stencilsuperids" : [ "SlotPanel" ],
      "expanded" : "false",
      "col-span" : 1,
      "stencilsuperid" : "SlotPanel",
      "row" : 1,
      "row-weight" : "0",
      "height" : "",
      "stencilid" : "SlotPanel",
      "visible" : "true",
      "customstencil" : true,
      "row-align" : "top",
      "oldresourceid" : "sid-8D9FC954-EB33-4C05-ADF0-5706EF50E974",
      "xmlTag" : "panel",
      "col-align" : "fill",
      "title-run" : "",
      "style-class" : "",
      "col-weight" : "0",
      "id" : "panel1",
      "width" : "300",
      "size" : 1
    },
    "xmlProperties" : [ ],
    "pathProperties" : {
      "id" : "id"
    },
    "stencil" : {
      "id" : "SlotPanel"
    },
    "childShapes" : [ {
      "resourceId" : "self-name2",
      "properties" : {
        "row-span" : 1,
        "stencilid" : "self-name",
        "customstencil" : true,
        "stencilsuperids" : [ "Component" ],
        "stencilsuperid" : "Component",
        "xmlTag" : "text",
        "id" : "self-name2",
        "width" : "200",
        "height" : "",
        "col" : 1,
        "col-align" : "fill",
        "col-weight" : "",
        "row" : 1,
        "row-align" : "top",
        "row-weight" : "",
        "enabled" : true,
        "enabled-run" : "",
        "size" : 12,
        "label-align" : "top-left",
        "description-position" : "bottom",
        "description-align" : "left",
        "node-type" : "",
        "label-position" : "left",
        "default-value" : "",
        "description" : "",
        "description_fr_fr" : "",
        "documentation" : "",
        "col-span" : "1",
        "visible" : true,
        "visible-run" : "{{root.extra1}}",
        "editable" : true,
        "editable-run" : "",
        "style-class" : "",
        "min-length" : "",
        "min-length-error-msg" : "",
        "min-length-error-msg_fr_fr" : "",
        "max-length" : "",
        "max-length-error-msg" : "",
        "max-length-error-msg_fr_fr" : "",
        "bordercolor" : "#000000",
        "validation-regexp" : "",
        "validation-regexp-error-msg" : "",
        "validation-regexp-error-msg_fr_fr" : "",
        "validation-mask" : "",
        "validation-mask-error-msg" : "",
        "validation-mask-error-msg_fr_fr" : "",
        "required" : false,
        "label" : "Extra Info 1",
        "label_fr_fr" : "Extra Info 1",
        "value" : "{{root.info1}}",
        "customstencilid" : "self-name",
        "customnamespace" : "http://b3mn.org/stencilset/default.form.palette.xml#"
      },
      "xmlProperties" : [ "min-length", "min-length-error-msg", "min-length-error-msg_fr_fr", "validation-regexp", "validation-regexp-error-msg", "validation-regexp-error-msg_fr_fr", "validation-mask", "validation-mask-error-msg", "validation-mask-error-msg_fr_fr" ],
      "pathProperties" : {
        "id" : "id",
        "description-position" : "helpMessage.position",
        "label-position" : "labelAlign",
        "default-value" : "defaultValue",
        "description" : "helpMessage.text",
        "description_fr_fr" : "i18n.fr.helpMessage.text",
        "col-span" : "size",
        "visible" : "isVisible",
        "visible-run" : "isVisible",
        "editable" : "editable",
        "editable-run" : "editable",
        "style-class" : "styleClass",
        "min-length" : "minLength",
        "min-length-error-msg" : "validationMinLengthErrorMessage",
        "min-length-error-msg_fr_fr" : "i18n.fr.validationMinLengthErrorMessage",
        "max-length" : "maxLength",
        "max-length-error-msg" : "validationMaxLengthErrorMessage",
        "max-length-error-msg_fr_fr" : "i18n.fr.validationMaxLengthErrorMessage",
        "validation-regexp" : "validationRegExp",
        "validation-regexp-error-msg" : "validationRegExpErrorMessage",
        "validation-regexp-error-msg_fr_fr" : "i18n.fr.validationRegExpErrorMessage",
        "validation-mask" : "validationMask",
        "validation-mask-error-msg" : "validationMaskErrorMessage",
        "validation-mask-error-msg_fr_fr" : "i18n.fr.validationMaskErrorMessage",
        "required" : "isRequired",
        "label" : "label",
        "label_fr_fr" : "i18n.fr.label",
        "value" : "value"
      },
      "stencil" : {
        "id" : "Component"
      },
      "childShapes" : [ ],
      "outgoing" : [ ],
      "bounds" : {
        "lowerRight" : {
          "x" : 984,
          "y" : 51
        },
        "upperLeft" : {
          "x" : 15,
          "y" : 25
        }
      },
      "dockers" : [ ],
      "labels" : [ {
        "styles" : {
          "fill" : "#000000",
          "size" : "12",
          "italic" : false,
          "bold" : false
        },
        "ref" : "label_text"
      }, {
        "styles" : {
          "fill" : "#000000",
          "size" : "12",
          "italic" : false,
          "bold" : false
        },
        "ref" : "input_text"
      }, {
        "styles" : {
          "fill" : "#000000",
          "size" : "12",
          "italic" : false,
          "bold" : false
        },
        "ref" : "desc_text"
      } ]
    }, {
      "resourceId" : "self-name6",
      "properties" : {
        "row-span" : 1,
        "stencilid" : "self-name",
        "customstencil" : true,
        "stencilsuperids" : [ "Component" ],
        "stencilsuperid" : "Component",
        "xmlTag" : "text",
        "id" : "self-name6",
        "width" : "200",
        "height" : "",
        "col" : 1,
        "col-align" : "fill",
        "col-weight" : "",
        "row" : 2,
        "row-align" : "top",
        "row-weight" : "",
        "enabled" : true,
        "enabled-run" : "",
        "size" : 12,
        "label-align" : "top-left",
        "description-position" : "bottom",
        "description-align" : "left",
        "node-type" : "",
        "label-position" : "left",
        "default-value" : "",
        "description" : "",
        "description_fr_fr" : "",
        "documentation" : "",
        "col-span" : "1",
        "visible" : true,
        "visible-run" : "{{root.extra2}}",
        "editable" : true,
        "editable-run" : "",
        "style-class" : "",
        "min-length" : "",
        "min-length-error-msg" : "",
        "min-length-error-msg_fr_fr" : "",
        "max-length" : "",
        "max-length-error-msg" : "",
        "max-length-error-msg_fr_fr" : "",
        "bordercolor" : "#000000",
        "validation-regexp" : "",
        "validation-regexp-error-msg" : "",
        "validation-regexp-error-msg_fr_fr" : "",
        "validation-mask" : "",
        "validation-mask-error-msg" : "",
        "validation-mask-error-msg_fr_fr" : "",
        "required" : false,
        "label" : "Extra Info 2",
        "label_fr_fr" : "Extra Info 2",
        "value" : "{{root.info2}}",
        "customstencilid" : "self-name",
        "customnamespace" : "http://b3mn.org/stencilset/default.form.palette.xml#"
      },
      "xmlProperties" : [ "min-length", "min-length-error-msg", "min-length-error-msg_fr_fr", "validation-regexp", "validation-regexp-error-msg", "validation-regexp-error-msg_fr_fr", "validation-mask", "validation-mask-error-msg", "validation-mask-error-msg_fr_fr" ],
      "pathProperties" : {
        "id" : "id",
        "description-position" : "helpMessage.position",
        "label-position" : "labelAlign",
        "default-value" : "defaultValue",
        "description" : "helpMessage.text",
        "description_fr_fr" : "i18n.fr.helpMessage.text",
        "col-span" : "size",
        "visible" : "isVisible",
        "visible-run" : "isVisible",
        "editable" : "editable",
        "editable-run" : "editable",
        "style-class" : "styleClass",
        "min-length" : "minLength",
        "min-length-error-msg" : "validationMinLengthErrorMessage",
        "min-length-error-msg_fr_fr" : "i18n.fr.validationMinLengthErrorMessage",
        "max-length" : "maxLength",
        "max-length-error-msg" : "validationMaxLengthErrorMessage",
        "max-length-error-msg_fr_fr" : "i18n.fr.validationMaxLengthErrorMessage",
        "validation-regexp" : "validationRegExp",
        "validation-regexp-error-msg" : "validationRegExpErrorMessage",
        "validation-regexp-error-msg_fr_fr" : "i18n.fr.validationRegExpErrorMessage",
        "validation-mask" : "validationMask",
        "validation-mask-error-msg" : "validationMaskErrorMessage",
        "validation-mask-error-msg_fr_fr" : "i18n.fr.validationMaskErrorMessage",
        "required" : "isRequired",
        "label" : "label",
        "label_fr_fr" : "i18n.fr.label",
        "value" : "value"
      },
      "stencil" : {
        "id" : "Component"
      },
      "childShapes" : [ ],
      "outgoing" : [ ],
      "bounds" : {
        "lowerRight" : {
          "x" : 984,
          "y" : 100
        },
        "upperLeft" : {
          "x" : 15,
          "y" : 74
        }
      },
      "dockers" : [ ],
      "labels" : [ {
        "styles" : {
          "fill" : "#000000",
          "size" : "12",
          "italic" : false,
          "bold" : false
        },
        "ref" : "label_text"
      }, {
        "styles" : {
          "fill" : "#000000",
          "size" : "12",
          "italic" : false,
          "bold" : false
        },
        "ref" : "input_text"
      }, {
        "styles" : {
          "fill" : "#000000",
          "size" : "12",
          "italic" : false,
          "bold" : false
        },
        "ref" : "desc_text"
      } ]
    }, {
      "resourceId" : "self-name7",
      "properties" : {
        "row-span" : 1,
        "stencilid" : "self-name",
        "customstencil" : true,
        "stencilsuperids" : [ "Component" ],
        "stencilsuperid" : "Component",
        "xmlTag" : "text",
        "id" : "self-name7",
        "width" : "200",
        "height" : "",
        "col" : 1,
        "col-align" : "fill",
        "col-weight" : "",
        "row" : 3,
        "row-align" : "top",
        "row-weight" : "",
        "enabled" : true,
        "enabled-run" : "",
        "size" : 12,
        "label-align" : "top-left",
        "description-position" : "bottom",
        "description-align" : "left",
        "node-type" : "",
        "label-position" : "left",
        "default-value" : "",
        "description" : "",
        "description_fr_fr" : "",
        "documentation" : "",
        "col-span" : "1",
        "visible" : true,
        "visible-run" : "{{root.extra3}}",
        "editable" : true,
        "editable-run" : "",
        "style-class" : "",
        "min-length" : "",
        "min-length-error-msg" : "",
        "min-length-error-msg_fr_fr" : "",
        "max-length" : "",
        "max-length-error-msg" : "",
        "max-length-error-msg_fr_fr" : "",
        "bordercolor" : "#000000",
        "validation-regexp" : "",
        "validation-regexp-error-msg" : "",
        "validation-regexp-error-msg_fr_fr" : "",
        "validation-mask" : "",
        "validation-mask-error-msg" : "",
        "validation-mask-error-msg_fr_fr" : "",
        "required" : false,
        "label" : "Extra Info 3",
        "label_fr_fr" : "Extra Info 3",
        "value" : "{{root.info3}}",
        "customstencilid" : "self-name",
        "customnamespace" : "http://b3mn.org/stencilset/default.form.palette.xml#"
      },
      "xmlProperties" : [ "min-length", "min-length-error-msg", "min-length-error-msg_fr_fr", "validation-regexp", "validation-regexp-error-msg", "validation-regexp-error-msg_fr_fr", "validation-mask", "validation-mask-error-msg", "validation-mask-error-msg_fr_fr" ],
      "pathProperties" : {
        "id" : "id",
        "description-position" : "helpMessage.position",
        "label-position" : "labelAlign",
        "default-value" : "defaultValue",
        "description" : "helpMessage.text",
        "description_fr_fr" : "i18n.fr.helpMessage.text",
        "col-span" : "size",
        "visible" : "isVisible",
        "visible-run" : "isVisible",
        "editable" : "editable",
        "editable-run" : "editable",
        "style-class" : "styleClass",
        "min-length" : "minLength",
        "min-length-error-msg" : "validationMinLengthErrorMessage",
        "min-length-error-msg_fr_fr" : "i18n.fr.validationMinLengthErrorMessage",
        "max-length" : "maxLength",
        "max-length-error-msg" : "validationMaxLengthErrorMessage",
        "max-length-error-msg_fr_fr" : "i18n.fr.validationMaxLengthErrorMessage",
        "validation-regexp" : "validationRegExp",
        "validation-regexp-error-msg" : "validationRegExpErrorMessage",
        "validation-regexp-error-msg_fr_fr" : "i18n.fr.validationRegExpErrorMessage",
        "validation-mask" : "validationMask",
        "validation-mask-error-msg" : "validationMaskErrorMessage",
        "validation-mask-error-msg_fr_fr" : "i18n.fr.validationMaskErrorMessage",
        "required" : "isRequired",
        "label" : "label",
        "label_fr_fr" : "i18n.fr.label",
        "value" : "value"
      },
      "stencil" : {
        "id" : "Component"
      },
      "childShapes" : [ ],
      "outgoing" : [ ],
      "bounds" : {
        "lowerRight" : {
          "x" : 984,
          "y" : 149
        },
        "upperLeft" : {
          "x" : 15,
          "y" : 123
        }
      },
      "dockers" : [ ],
      "labels" : [ {
        "styles" : {
          "fill" : "#000000",
          "size" : "12",
          "italic" : false,
          "bold" : false
        },
        "ref" : "label_text"
      }, {
        "styles" : {
          "fill" : "#000000",
          "size" : "12",
          "italic" : false,
          "bold" : false
        },
        "ref" : "input_text"
      }, {
        "styles" : {
          "fill" : "#000000",
          "size" : "12",
          "italic" : false,
          "bold" : false
        },
        "ref" : "desc_text"
      } ]
    }, {
      "resourceId" : "cloud-rich-text1",
      "properties" : {
        "row-span" : 1,
        "stencilid" : "cloud-rich-text",
        "customstencil" : true,
        "stencilsuperids" : [ "Component" ],
        "stencilsuperid" : "Component",
        "xmlTag" : "textarea",
        "id" : "cloud-rich-text1",
        "width" : "200",
        "height" : "",
        "col" : 1,
        "col-align" : "fill",
        "col-weight" : "",
        "row" : 4,
        "row-align" : "top",
        "row-weight" : "",
        "enabled" : true,
        "enabled-run" : "",
        "size" : 12,
        "label-align" : "top-left",
        "description-position" : "bottom",
        "description-align" : "left",
        "label" : "Extra Info 4",
        "label_fr_fr" : "Extra Info 4",
        "label-position" : "left",
        "value" : "{{root.info4}}",
        "description" : "",
        "description_fr_fr" : "",
        "documentation" : "",
        "col-span" : "1",
        "visible" : true,
        "visible-run" : "{{root.extra4}}",
        "editable" : true,
        "editable-run" : "",
        "style-class" : "",
        "required" : false,
        "min-length" : "",
        "min-length-error-msg" : "",
        "min-length-error-msg_fr_fr" : "",
        "max-length" : "",
        "max-length-error-msg" : "",
        "max-length-error-msg_fr_fr" : "",
        "bordercolor" : "#000000",
        "node-type" : "textarea",
        "default-value" : "",
        "line-count" : "3",
        "rich-text" : true,
        "rich-text-type" : "inlineEdit",
        "customstencilid" : "cloud-rich-text",
        "customnamespace" : "http://b3mn.org/stencilset/default.form.palette.xml#"
      },
      "xmlProperties" : [ "min-length", "min-length-error-msg", "min-length-error-msg_fr_fr" ],
      "pathProperties" : {
        "id" : "id",
        "description-position" : "helpMessage.position",
        "label" : "label",
        "label_fr_fr" : "i18n.fr.label",
        "label-position" : "labelAlign",
        "value" : "value",
        "description" : "helpMessage.text",
        "description_fr_fr" : "i18n.fr.helpMessage.text",
        "col-span" : "size",
        "visible" : "isVisible",
        "visible-run" : "isVisible",
        "editable" : "editable",
        "editable-run" : "editable",
        "style-class" : "styleClass",
        "required" : "isRequired",
        "min-length" : "minLength",
        "min-length-error-msg" : "validationMinLengthErrorMessage",
        "min-length-error-msg_fr_fr" : "i18n.fr.validationMinLengthErrorMessage",
        "max-length" : "maxLength",
        "max-length-error-msg" : "validationMaxLengthErrorMessage",
        "max-length-error-msg_fr_fr" : "i18n.fr.validationMaxLengthErrorMessage",
        "node-type" : "type",
        "default-value" : "defaultValue",
        "rich-text" : "extraSettings.richEditorDisplay",
        "rich-text-type" : "extraSettings.type"
      },
      "stencil" : {
        "id" : "Component"
      },
      "childShapes" : [ ],
      "outgoing" : [ ],
      "bounds" : {
        "lowerRight" : {
          "x" : 984,
          "y" : 222
        },
        "upperLeft" : {
          "x" : 15,
          "y" : 172
        }
      },
      "dockers" : [ ],
      "labels" : [ {
        "styles" : {
          "fill" : "#000000",
          "size" : "12",
          "italic" : false,
          "bold" : false
        },
        "ref" : "label_text"
      }, {
        "styles" : {
          "fill" : "#000000",
          "size" : "12",
          "italic" : false,
          "bold" : false
        },
        "ref" : "input_text"
      }, {
        "styles" : {
          "fill" : "#000000",
          "size" : "12",
          "italic" : false,
          "bold" : false
        },
        "ref" : "desc_text"
      } ]
    }, {
      "resourceId" : "cloud-attachment1",
      "properties" : {
        "id" : "cloud-attachment1",
        "width" : "200",
        "height" : "",
        "col" : 1,
        "col-align" : "fill",
        "col-weight" : "",
        "row" : 5,
        "row-align" : "top",
        "row-weight" : "",
        "enabled" : true,
        "enabled-run" : "",
        "size" : 12,
        "label-align" : "top-left",
        "description-position" : "bottom",
        "description-align" : "left",
        "node-type" : "",
        "label" : "Attachments",
        "label_fr_fr" : "Attachments",
        "label-position" : "top",
        "value" : "{{root.attachments}}",
        "description" : "",
        "description_fr_fr" : "",
        "documentation" : "",
        "col-span" : "1",
        "visible" : true,
        "visible-run" : "",
        "editable" : true,
        "editable-run" : "",
        "style-class" : "",
        "bordercolor" : "#000000",
        "required" : false,
        "endpoint" : "",
        "default-value" : "",
        "upload-url" : "rest/file",
        "download-url" : "rest/file/{{id}}",
        "file-attachment-strategy" : "all-files-on-current-work-item",
        "min-files" : "",
        "min-files-error-msg" : "",
        "min-files-error-msg_fr_fr" : "",
        "max-files" : "",
        "max-files-error-msg" : "",
        "max-files-error-msg_fr_fr" : "",
        "preview" : "none",
        "thumbnail-max-height" : "",
        "select-file-msg" : "Please select file",
        "select-file-msg_fr_fr" : "Please select file",
        "customstencilid" : "cloud-attachment",
        "customnamespace" : "http://b3mn.org/stencilset/default.form.palette.xml#",
        "row-span" : 1,
        "stencilid" : "cloud-attachment",
        "stencilsuperid" : "Component",
        "stencilsuperids" : [ "Component" ],
        "customstencil" : true,
        "xmlTag" : "attachment"
      },
      "xmlProperties" : [ "min-files", "min-files-error-msg", "min-files-error-msg_fr_fr", "max-files", "max-files-error-msg", "max-files-error-msg_fr_fr", "thumbnail-max-height", "select-file-msg", "select-file-msg_fr_fr" ],
      "pathProperties" : {
        "id" : "id",
        "description-position" : "helpMessage.position",
        "label" : "label",
        "label_fr_fr" : "i18n.fr.label",
        "label-position" : "labelAlign",
        "value" : "value",
        "description" : "helpMessage.text",
        "description_fr_fr" : "i18n.fr.helpMessage.text",
        "col-span" : "size",
        "visible" : "isVisible",
        "visible-run" : "isVisible",
        "editable" : "editable",
        "editable-run" : "editable",
        "style-class" : "styleClass",
        "required" : "isRequired",
        "default-value" : "defaultValue",
        "upload-url" : "extraSettings.uploadUrl",
        "download-url" : "extraSettings.downloadUrl",
        "min-files" : "extraSettings.minFiles",
        "min-files-error-msg" : "extraSettings.minFilesErrorMsg",
        "min-files-error-msg_fr_fr" : "i18n.fr.extraSettings.minFilesErrorMsg",
        "max-files" : "extraSettings.maxFiles",
        "max-files-error-msg" : "extraSettings.maxFilesErrorMsg",
        "max-files-error-msg_fr_fr" : "i18n.fr.extraSettings.maxFilesErrorMsg",
        "preview" : "extraSettings.preview",
        "thumbnail-max-height" : "extraSettings.thumbnailMaxHeight",
        "select-file-msg" : "extraSettings.selectFileMsg",
        "select-file-msg_fr_fr" : "i18n.fr.extraSettings.selectFileMsg"
      },
      "stencil" : {
        "id" : "Component"
      },
      "childShapes" : [ ],
      "outgoing" : [ ],
      "bounds" : {
        "lowerRight" : {
          "x" : 984,
          "y" : 293
        },
        "upperLeft" : {
          "x" : 15,
          "y" : 245
        }
      },
      "dockers" : [ ],
      "labels" : [ {
        "styles" : {
          "fill" : "#000000",
          "size" : "12",
          "italic" : false,
          "bold" : false
        },
        "ref" : "label_text"
      }, {
        "styles" : {
          "fill" : "#000000",
          "size" : "12",
          "italic" : false,
          "bold" : false
        },
        "ref" : "input_text"
      }, {
        "styles" : {
          "fill" : "#000000",
          "size" : "12",
          "italic" : false,
          "bold" : false
        },
        "ref" : "desc_text"
      } ]
    } ],
    "outgoing" : [ ],
    "bounds" : {
      "lowerRight" : {
        "x" : 1049,
        "y" : 368
      },
      "upperLeft" : {
        "x" : 50,
        "y" : 50
      }
    },
    "dockers" : [ ],
    "oldResourceId" : "sid-8D9FC954-EB33-4C05-ADF0-5706EF50E974"
  } ],
  "bounds" : {
    "lowerRight" : {
      "x" : 1404,
      "y" : 962
    },
    "upperLeft" : {
      "x" : 0,
      "y" : 0
    }
  },
  "stencilset" : {
    "url" : "/acme/vis/editor/stencilsets//edorasForms/edorasForms.json",
    "namespace" : "http://b3mn.org/stencilset/xforms#"
  },
  "ssextensions" : [ "http://b3mn.org/stencilset/default.form.palette.xml#", "http://b3mn.org/stencilset/demo.form.palette.xml#" ]
}