{"rows":[{"cols":[{"isRequired":false,"size":12,"labelAlign":"left","editable":true,"id":"self-name2","isVisible":"{{root.extra1}}","label":"Extra Info 1","type":"text","value":"{{root.info1}}","helpMessage":{"position":"bottom"},"i18n":{"fr":{"label":"Extra Info 1"}}}]},{"cols":[{"isRequired":false,"size":12,"labelAlign":"left","editable":true,"id":"self-name6","isVisible":"{{root.extra2}}","label":"Extra Info 2","type":"text","value":"{{root.info2}}","helpMessage":{"position":"bottom"},"i18n":{"fr":{"label":"Extra Info 2"}}}]},{"cols":[{"isRequired":false,"size":12,"labelAlign":"left","editable":true,"id":"self-name7","isVisible":"{{root.extra3}}","label":"Extra Info 3","type":"text","value":"{{root.info3}}","helpMessage":{"position":"bottom"},"i18n":{"fr":{"label":"Extra Info 3"}}}]},{"cols":[{"isRequired":false,"extraSettings":{"type":"inlineEdit","richEditorDisplay":true},"size":12,"labelAlign":"left","editable":true,"id":"cloud-rich-text1","isVisible":"{{root.extra4}}","label":"Extra Info 4","type":"textarea","value":"{{root.info4}}","helpMessage":{"position":"bottom"},"i18n":{"fr":{"label":"Extra Info 4"}}}]},{"cols":[{"isRequired":false,"extraSettings":{"preview":"none","selectFileMsg":"Please select file","uploadUrl":"rest/file","downloadUrl":"rest/file/{{id}}"},"size":12,"labelAlign":"top","editable":true,"id":"cloud-attachment1","isVisible":true,"label":"Attachments","type":"attachment","value":"{{root.attachments}}","i18n":{"fr":{"extraSettings":{"selectFileMsg":"Please select file"},"label":"Attachments"}},"helpMessage":{"position":"bottom"}}]}]}