{
  "resourceId" : "canvas",
  "properties" : {
    "stencilsuperids" : [ "XForm" ],
    "stencilid" : "XForm",
    "xmlTag" : "XForm",
    "customstencil" : true,
    "name" : "Department 1 Dashboard",
    "stencilsuperid" : "XForm",
    "id" : "edoras-888a6e6e72f1",
    "guid" : "GEAR-4b5ad8d4-2b77-42f4-bd0a-2d4c26992f4e",
    "stylesheet" : ""
  },
  "xmlProperties" : [ ],
  "pathProperties" : {
    "id" : "id"
  },
  "stencil" : {
    "id" : "XForm"
  },
  "childShapes" : [ {
    "resourceId" : "panel1",
    "properties" : {
      "col" : "1",
      "enabled-run" : "",
      "visible-run" : "",
      "row-span" : "1",
      "title" : "",
      "collapsible" : "false",
      "enabled" : "true",
      "stencilsuperids" : [ "SlotPanel" ],
      "expanded" : "false",
      "col-span" : "1",
      "stencilsuperid" : "SlotPanel",
      "row" : "1",
      "row-weight" : "0",
      "height" : "",
      "stencilid" : "SlotPanel",
      "visible" : "true",
      "customstencil" : true,
      "row-align" : "top",
      "oldresourceid" : "sid-8D9FC954-EB33-4C05-ADF0-5706EF50E974",
      "xmlTag" : "panel",
      "col-align" : "fill",
      "title-run" : "",
      "style-class" : "",
      "col-weight" : "0",
      "id" : "panel1",
      "width" : "300"
    },
    "xmlProperties" : [ ],
    "pathProperties" : {
      "id" : "id"
    },
    "stencil" : {
      "id" : "SlotPanel"
    },
    "childShapes" : [ {
      "resourceId" : "cases-auto-complete1",
      "properties" : {
        "row-span" : 1,
        "stencilid" : "cases-auto-complete",
        "customstencil" : true,
        "stencilsuperids" : [ "Component" ],
        "stencilsuperid" : "Component",
        "xmlTag" : "autoComplete",
        "id" : "cases-auto-complete1",
        "width" : "200",
        "height" : "",
        "col" : 1,
        "col-align" : "fill",
        "col-weight" : "",
        "row" : 1,
        "row-align" : "top",
        "row-weight" : "",
        "enabled" : true,
        "enabled-run" : "",
        "size" : 9,
        "label-align" : "top-left",
        "description-position" : "bottom",
        "description-align" : "left",
        "label-position" : "left",
        "default-value" : "",
        "description" : "",
        "description_fr_fr" : "",
        "documentation" : "",
        "col-span" : "1",
        "visible" : true,
        "visible-run" : "",
        "editable" : true,
        "editable-run" : "",
        "style-class" : "",
        "required" : false,
        "bordercolor" : "#000000",
        "preselect-all" : false,
        "selection-error-msg" : "",
        "selection-error-msg_fr_fr" : "",
        "min-error-msg" : "",
        "min-error-msg_fr_fr" : "",
        "max-error-msg" : "",
        "max-error-msg_fr_fr" : "",
        "min-items" : "",
        "min-items-run" : "",
        "max-items" : "",
        "max-items-run" : "",
        "node-type" : "autoComplete",
        "options" : "",
        "options_fr_fr" : "",
        "options_fr_fr-run" : "",
        "options-run" : "",
        "lookup-url" : "",
        "format-item" : "",
        "serialize-item" : "",
        "link-target-view" : "browse",
        "target" : "_self",
        "label" : "Select Case",
        "label_fr_fr" : "Select Case",
        "value" : "{{selectedCaseId}}",
        "auto-complete-type" : "one",
        "query-url" : "type:CAS state:open sort:name",
        "tags-enabled" : false,
        "link-item" : "",
        "customstencilid" : "cases-auto-complete",
        "customnamespace" : "http://b3mn.org/stencilset/default.form.palette.xml#"
      },
      "xmlProperties" : [ "preselect-all", "lookup-url", "format-item", "serialize-item", "target", "auto-complete-type", "query-url", "tags-enabled", "link-item" ],
      "pathProperties" : {
        "id" : "id",
        "description-position" : "helpMessage.position",
        "label-position" : "labelAlign",
        "default-value" : "defaultValue",
        "description" : "helpMessage.text",
        "description_fr_fr" : "i18n.fr.helpMessage.text",
        "col-span" : "size",
        "visible" : "isVisible",
        "visible-run" : "isVisible",
        "editable" : "editable",
        "editable-run" : "editable",
        "style-class" : "styleClass",
        "required" : "isRequired",
        "preselect-all" : "extraSettings.preselectAll",
        "selection-error-msg" : "extraSettings.selectionErrorMsg",
        "selection-error-msg_fr_fr" : "i18n.fr.extraSettings.selectionErrorMsg",
        "min-error-msg" : "extraSettings.minErrorMsg",
        "min-error-msg_fr_fr" : "i18n.fr.extraSettings.minErrorMsg",
        "max-error-msg" : "extraSettings.maxErrorMsg",
        "max-error-msg_fr_fr" : "i18n.fr.extraSettings.maxErrorMsg",
        "min-items" : "extraSettings.min",
        "min-items-run" : "extraSettings.min",
        "max-items" : "extraSettings.max",
        "max-items-run" : "extraSettings.max",
        "options" : "extraSettings.options",
        "options_fr_fr" : "i18n.fr.extraSettings.options",
        "options_fr_fr-run" : "i18n.fr.extraSettings.options",
        "options-run" : "extraSettings.options",
        "lookup-url" : "extraSettings.lookupUrl",
        "format-item" : "extraSettings.formatItem",
        "serialize-item" : "extraSettings.serializeItem",
        "link-target-view" : "extraSettings.linkTargetView",
        "target" : "extraSettings.target",
        "label" : "label",
        "label_fr_fr" : "i18n.fr.label",
        "value" : "value",
        "auto-complete-type" : "extraSettings.type",
        "query-url" : "extraSettings.queryUrl",
        "tags-enabled" : "extraSettings.tagsEnabled",
        "link-item" : "extraSettings.linkItem"
      },
      "stencil" : {
        "id" : "Component"
      },
      "childShapes" : [ ],
      "outgoing" : [ ],
      "bounds" : {
        "lowerRight" : {
          "x" : 738,
          "y" : 51
        },
        "upperLeft" : {
          "x" : 15,
          "y" : 25
        }
      },
      "dockers" : [ ],
      "outputmappingproperties" : {
        "options" : {
          "type" : "complex",
          "placeholders" : [ ]
        },
        "options_fr_fr" : {
          "type" : "complex",
          "placeholders" : [ ]
        }
      },
      "labels" : [ {
        "styles" : {
          "fill" : "#000000",
          "size" : "12",
          "italic" : false,
          "bold" : false
        },
        "ref" : "label_text"
      }, {
        "styles" : {
          "fill" : "#000000",
          "size" : "12",
          "italic" : false,
          "bold" : false
        },
        "ref" : "input_text"
      }, {
        "styles" : {
          "fill" : "#000000",
          "size" : "12",
          "italic" : false,
          "bold" : false
        },
        "ref" : "desc_text"
      } ]
    }, {
      "resourceId" : "open-tasks-in-case-list1",
      "properties" : {
        "row-span" : 1,
        "stencilid" : "open-tasks-in-case-list",
        "customstencil" : true,
        "stencilsuperids" : [ "Component" ],
        "stencilsuperid" : "Component",
        "xmlTag" : "itemsList",
        "id" : "open-tasks-in-case-list1",
        "width" : "200",
        "height" : "",
        "col" : 1,
        "col-align" : "fill",
        "col-weight" : "",
        "row" : 2,
        "row-align" : "top",
        "row-weight" : "",
        "enabled" : true,
        "enabled-run" : "",
        "size" : 12,
        "label-align" : "top-left",
        "description-position" : "bottom",
        "description-align" : "left",
        "node-type" : "",
        "label-position" : "left",
        "description" : "",
        "description_fr_fr" : "",
        "documentation" : "",
        "col-span" : "1",
        "style-class" : "",
        "bordercolor" : "#000000",
        "default-value" : "",
        "options" : "",
        "editable" : false,
        "editable-run" : "",
        "required" : false,
        "value" : "",
        "items-min-size" : "",
        "items-max-size" : "",
        "format-item" : "item.name",
        "link-item" : "",
        "link-target-view" : "browse",
        "list-type" : "ONE",
        "collapsible" : false,
        "label" : "",
        "label_fr_fr" : "",
        "visible" : true,
        "visible-run" : "{{root.id}}",
        "query" : "type:TSK state:open parent:{{root.id}} sort:creation:asc",
        "title" : "Open Tasks",
        "title_fr_fr" : "Open Tasks",
        "customstencilid" : "open-tasks-in-case-list",
        "customnamespace" : "http://b3mn.org/stencilset/default.form.palette.xml#"
      },
      "xmlProperties" : [ "format-item", "link-item", "list-type", "query" ],
      "pathProperties" : {
        "id" : "id",
        "description-position" : "helpMessage.position",
        "label-position" : "labelAlign",
        "description" : "helpMessage.text",
        "description_fr_fr" : "i18n.fr.helpMessage.text",
        "col-span" : "size",
        "style-class" : "styleClass",
        "default-value" : "defaultValue",
        "editable" : "editable",
        "editable-run" : "editable",
        "required" : "isRequired",
        "value" : "value",
        "items-min-size" : "extraSettings.itemsMinSize",
        "items-max-size" : "extraSettings.itemsMaxSize",
        "format-item" : "extraSettings.formatItem",
        "link-item" : "extraSettings.linkItem",
        "link-target-view" : "extraSettings.linkTargetView",
        "list-type" : "extraSettings.type",
        "collapsible" : "extraSettings.collapsible",
        "label" : "label",
        "label_fr_fr" : "i18n.fr.label",
        "visible" : "isVisible",
        "visible-run" : "isVisible",
        "query" : "extraSettings.queryUrl",
        "title" : "extraSettings.title",
        "title_fr_fr" : "i18n.fr.extraSettings.title"
      },
      "stencil" : {
        "id" : "Component"
      },
      "childShapes" : [ ],
      "outgoing" : [ ],
      "bounds" : {
        "lowerRight" : {
          "x" : 984,
          "y" : 126
        },
        "upperLeft" : {
          "x" : 15,
          "y" : 74
        }
      },
      "dockers" : [ ],
      "labels" : [ {
        "styles" : {
          "fill" : "#000000",
          "size" : "12",
          "italic" : false,
          "bold" : false
        },
        "ref" : "label_text"
      }, {
        "styles" : {
          "fill" : "#000000",
          "size" : "12",
          "italic" : false,
          "bold" : false
        },
        "ref" : "input_text"
      }, {
        "styles" : {
          "fill" : "#000000",
          "size" : "12",
          "italic" : false,
          "bold" : false
        },
        "ref" : "input_dependent_textitemlist_0"
      }, {
        "styles" : {
          "fill" : "#000000",
          "size" : "12",
          "italic" : false,
          "bold" : false
        },
        "ref" : "input_dependent_textitemlist_1"
      }, {
        "styles" : {
          "fill" : "#000000",
          "size" : "12",
          "italic" : false,
          "bold" : false
        },
        "ref" : "desc_text"
      } ]
    }, {
      "resourceId" : "cloud-link-button-create1",
      "properties" : {
        "row-span" : 1,
        "stencilid" : "cloud-link-button-create",
        "customstencil" : true,
        "stencilsuperids" : [ "Component" ],
        "stencilsuperid" : "Button",
        "xmlTag" : "linkButton",
        "id" : "cloud-link-button-create1",
        "width" : "200",
        "height" : "",
        "col" : 11,
        "col-align" : "fill",
        "col-weight" : "",
        "row" : 1,
        "row-align" : "top",
        "row-weight" : "",
        "enabled" : true,
        "enabled-run" : "",
        "size" : 2,
        "label-align" : "top-left",
        "description-position" : "bottom",
        "description-align" : "left",
        "node-type" : "",
        "label-position" : "left",
        "description" : "",
        "description_fr_fr" : "",
        "documentation" : "",
        "col-span" : "1",
        "visible" : true,
        "visible-run" : "",
        "style-class" : "",
        "link-target" : "_self",
        "button-alignment" : "left",
        "button-alignment-run" : "",
        "button-icon-url" : "",
        "button-icon-alignment" : "right",
        "context-variables" : "",
        "context-variables_fr_fr" : "",
        "bordercolor" : "#000000",
        "tooltip" : "",
        "editable" : false,
        "editable-run" : "",
        "required" : false,
        "label" : "",
        "label_fr_fr" : "",
        "default-value" : "",
        "value" : "Registration",
        "value_fr_fr" : "Registration",
        "work-item-type" : "CAS",
        "work-item-type-run" : "",
        "work-item-model" : "dc26a1cb-8797-4029-a97d-b66d8b37535c",
        "work-item-model-run" : "",
        "link-button-show-as-button" : true,
        "hide-selectors" : false,
        "hide-selectors-run" : "",
        "link-button-type" : "create",
        "customstencilid" : "cloud-link-button-create",
        "customnamespace" : "http://b3mn.org/stencilset/default.form.palette.xml#"
      },
      "xmlProperties" : [ ],
      "pathProperties" : {
        "id" : "id",
        "description-position" : "helpMessage.position",
        "label-position" : "labelAlign",
        "description" : "helpMessage.text",
        "description_fr_fr" : "i18n.fr.helpMessage.text",
        "col-span" : "size",
        "visible" : "isVisible",
        "visible-run" : "isVisible",
        "style-class" : "styleClass",
        "link-target" : "extraSettings.target",
        "button-alignment" : "extraSettings.alignment",
        "button-alignment-run" : "extraSettings.alignment",
        "button-icon-url" : "extraSettings.iconUrl",
        "button-icon-alignment" : "extraSettings.iconAlignment",
        "context-variables" : "extraSettings.contextVariables",
        "context-variables_fr_fr" : "i18n.fr.extraSettings.contextVariables",
        "tooltip" : "extraSettings.tooltip",
        "editable" : "editable",
        "editable-run" : "editable",
        "required" : "isRequired",
        "label" : "label",
        "label_fr_fr" : "i18n.fr.label",
        "default-value" : "defaultValue",
        "value" : "value",
        "value_fr_fr" : "i18n.fr.value",
        "work-item-type" : "extraSettings.workItemType",
        "work-item-type-run" : "extraSettings.workItemType",
        "work-item-model" : "extraSettings.workItemModel",
        "work-item-model-run" : "extraSettings.workItemModel",
        "link-button-show-as-button" : "extraSettings.showAsButton",
        "hide-selectors" : "extraSettings.hideSelectors",
        "hide-selectors-run" : "extraSettings.hideSelectors",
        "link-button-type" : "extraSettings.type"
      },
      "stencil" : {
        "id" : "Button"
      },
      "childShapes" : [ ],
      "outgoing" : [ ],
      "bounds" : {
        "lowerRight" : {
          "x" : 984,
          "y" : 51
        },
        "upperLeft" : {
          "x" : 835,
          "y" : 25
        }
      },
      "dockers" : [ ],
      "outputmappingproperties" : {
        "context-variables" : {
          "type" : "complex",
          "placeholders" : [ ]
        },
        "context-variables_fr_fr" : {
          "type" : "complex",
          "placeholders" : [ ]
        }
      },
      "labels" : [ {
        "styles" : {
          "fill" : "#000000",
          "size" : "12",
          "italic" : false,
          "bold" : false
        },
        "ref" : "label_text"
      }, {
        "styles" : {
          "fill" : "#000000",
          "size" : "12",
          "italic" : false,
          "bold" : false
        },
        "ref" : "input_text"
      }, {
        "styles" : {
          "fill" : "#000000",
          "size" : "12",
          "italic" : false,
          "bold" : false
        },
        "ref" : "desc_text"
      } ]
    } ],
    "outgoing" : [ ],
    "bounds" : {
      "lowerRight" : {
        "x" : 1049,
        "y" : 201
      },
      "upperLeft" : {
        "x" : 50,
        "y" : 50
      }
    },
    "dockers" : [ ],
    "oldResourceId" : "sid-8D9FC954-EB33-4C05-ADF0-5706EF50E974"
  } ],
  "bounds" : {
    "lowerRight" : {
      "x" : 1884,
      "y" : 1382
    },
    "upperLeft" : {
      "x" : 0,
      "y" : 0
    }
  },
  "stencilset" : {
    "url" : "/acme/vis/editor/stencilsets//edorasForms/edorasForms.json",
    "namespace" : "http://b3mn.org/stencilset/xforms#"
  },
  "ssextensions" : [ "http://b3mn.org/stencilset/default.form.palette.xml#", "http://b3mn.org/stencilset/demo.form.palette.xml#" ]
}