{"rows":[{"cols":[{"isRequired":false,"extraSettings":{"queryUrl":"type:CAS state:open sort:name","preselectAll":false,"tagsEnabled":false,"type":"one","linkTargetView":"browse","target":"_self"},"size":9,"labelAlign":"left","editable":true,"id":"cases-auto-complete1","isVisible":true,"label":"Select Case","type":"autoComplete","value":"{{selectedCaseId}}","helpMessage":{"position":"bottom"},"i18n":{"fr":{"label":"Select Case"}}},{"size":1,"type":""},{"isRequired":false,"extraSettings":{"iconAlignment":"right","hideSelectors":false,"workItemType":"CAS","type":"create","alignment":"left","showAsButton":true,"workItemModel":"dc26a1cb-8797-4029-a97d-b66d8b37535c","target":"_self"},"size":2,"labelAlign":"left","editable":false,"id":"cloud-link-button-create1","isVisible":true,"type":"linkButton","value":"Registration","i18n":{"fr":{"value":"Registration"}},"helpMessage":{"position":"bottom"}}]},{"cols":[{"isRequired":false,"extraSettings":{"queryUrl":"type:TSK state:open parent:{{root.id}} sort:creation:asc","formatItem":"item.name","type":"ONE","title":"Open Tasks","collapsible":false,"linkTargetView":"browse"},"size":12,"labelAlign":"left","editable":false,"id":"open-tasks-in-case-list1","isVisible":"{{root.id}}","type":"itemsList","helpMessage":{"position":"bottom"},"i18n":{"fr":{"extraSettings":{"title":"Open Tasks"}}}}]}]}