{
  "_entityClassifier" : "WRK",
  "id" : "WRK(GEAR-4b5ad8d4-2b77-42f4-bd0a-2d4c26992f4e)",
  "globalId" : "FORM_MODEL-fe5a0898-e5a1-4dac-aff2-41e93e910f87",
  "externalId" : "WRK(7c4149b1-7dfa-459f-8842-2f026fab0ed1)",
  "providerId" : "com.edorasware.cloud.core.provider.model.FormModelProvider",
  "tenantId" : "48b5f668-46b3-428c-850b-f4e1a62cccc3",
  "name" : "Department 1 Dashboard",
  "creationTime" : "2016-09-12T11:29:25.923Z",
  "updateTime" : "2016-09-13T07:18:33.464Z",
  "type" : "FORM_MODEL",
  "modificationVersion" : 45,
  "modificationCreatorId" : "GEAR-16720586-e205-40d1-a4b6-f25d5df185a4",
  "modificationUpdaterId" : "GEAR-16720586-e205-40d1-a4b6-f25d5df185a4",
  "definitionId" : "GEAR-9421ba6f-fcde-48f7-b905-c1bc3716c495",
  "state" : "ACTIVE",
  "subState" : "ACTIVE",
  "variables" : [ {
    "name" : "_comment",
    "type" : "java.lang.String",
    "value" : "[{\"author\":\"Administrator\",\"authorId\":\"GEAR-16720586-e205-40d1-a4b6-f25d5df185a4\",\"date\":\"2016-09-12T11:29:26.084Z\",\"text\":\"Created\",\"deletable\":false,\"replies\":[]},{\"author\":\"Administrator\",\"authorId\":\"GEAR-16720586-e205-40d1-a4b6-f25d5df185a4\",\"date\":\"2016-09-12T11:32:21.133Z\",\"text\":\"Model edited\",\"deletable\":false,\"replies\":[]},{\"author\":\"Administrator\",\"authorId\":\"GEAR-16720586-e205-40d1-a4b6-f25d5df185a4\",\"date\":\"2016-09-12T11:36:57.403Z\",\"text\":\"Deployed\",\"deletable\":false,\"replies\":[]},{\"author\":\"Administrator\",\"authorId\":\"GEAR-16720586-e205-40d1-a4b6-f25d5df185a4\",\"date\":\"2016-09-12T11:38:58.412Z\",\"text\":\"Deployed\",\"deletable\":false,\"replies\":[]},{\"author\":\"Administrator\",\"authorId\":\"GEAR-16720586-e205-40d1-a4b6-f25d5df185a4\",\"date\":\"2016-09-12T11:56:17.281Z\",\"text\":\"Deactivated\",\"deletable\":false,\"replies\":[]},{\"author\":\"Administrator\",\"authorId\":\"GEAR-16720586-e205-40d1-a4b6-f25d5df185a4\",\"date\":\"2016-09-12T11:57:01.406Z\",\"text\":\"Deployed\",\"deletable\":false,\"replies\":[]},{\"author\":\"Administrator\",\"authorId\":\"GEAR-16720586-e205-40d1-a4b6-f25d5df185a4\",\"date\":\"2016-09-12T12:04:47.273Z\",\"text\":\"Deployed\",\"deletable\":false,\"replies\":[]},{\"author\":\"Administrator\",\"authorId\":\"GEAR-16720586-e205-40d1-a4b6-f25d5df185a4\",\"date\":\"2016-09-12T12:25:11.085Z\",\"text\":\"Model edited\",\"deletable\":false,\"replies\":[]},{\"author\":\"Administrator\",\"authorId\":\"GEAR-16720586-e205-40d1-a4b6-f25d5df185a4\",\"date\":\"2016-09-12T12:51:29.118Z\",\"text\":\"Deployed\",\"deletable\":false,\"replies\":[]},{\"author\":\"Administrator\",\"authorId\":\"GEAR-16720586-e205-40d1-a4b6-f25d5df185a4\",\"date\":\"2016-09-12T13:09:47.855Z\",\"text\":\"Deployed\",\"deletable\":false,\"replies\":[]},{\"author\":\"Administrator\",\"authorId\":\"GEAR-16720586-e205-40d1-a4b6-f25d5df185a4\",\"date\":\"2016-09-12T13:14:28.876Z\",\"text\":\"Deployed\",\"deletable\":false,\"replies\":[]},{\"author\":\"Administrator\",\"authorId\":\"GEAR-16720586-e205-40d1-a4b6-f25d5df185a4\",\"date\":\"2016-09-12T13:17:16.849Z\",\"text\":\"Deployed\",\"deletable\":false,\"replies\":[]},{\"author\":\"Administrator\",\"authorId\":\"GEAR-16720586-e205-40d1-a4b6-f25d5df185a4\",\"date\":\"2016-09-12T13:19:42.223Z\",\"text\":\"Deployed\",\"deletable\":false,\"replies\":[]},{\"author\":\"Administrator\",\"authorId\":\"GEAR-16720586-e205-40d1-a4b6-f25d5df185a4\",\"date\":\"2016-09-12T13:24:42.424Z\",\"text\":\"Deployed\",\"deletable\":false,\"replies\":[]},{\"author\":\"Administrator\",\"authorId\":\"GEAR-16720586-e205-40d1-a4b6-f25d5df185a4\",\"date\":\"2016-09-12T13:29:15.561Z\",\"text\":\"Deployed\",\"deletable\":false,\"replies\":[]},{\"author\":\"Administrator\",\"authorId\":\"GEAR-16720586-e205-40d1-a4b6-f25d5df185a4\",\"date\":\"2016-09-12T13:31:18.820Z\",\"text\":\"Deployed\",\"deletable\":false,\"replies\":[]},{\"author\":\"Administrator\",\"authorId\":\"GEAR-16720586-e205-40d1-a4b6-f25d5df185a4\",\"date\":\"2016-09-12T13:32:27.848Z\",\"text\":\"Deployed\",\"deletable\":false,\"replies\":[]},{\"author\":\"Administrator\",\"authorId\":\"GEAR-16720586-e205-40d1-a4b6-f25d5df185a4\",\"date\":\"2016-09-12T13:34:15.584Z\",\"text\":\"Deployed\",\"deletable\":false,\"replies\":[]},{\"author\":\"Administrator\",\"authorId\":\"GEAR-16720586-e205-40d1-a4b6-f25d5df185a4\",\"date\":\"2016-09-12T13:40:35.482Z\",\"text\":\"Deployed\",\"deletable\":false,\"replies\":[]},{\"author\":\"Administrator\",\"authorId\":\"GEAR-16720586-e205-40d1-a4b6-f25d5df185a4\",\"date\":\"2016-09-12T13:52:38.776Z\",\"text\":\"Deployed\",\"deletable\":false,\"replies\":[]},{\"author\":\"Administrator\",\"authorId\":\"GEAR-16720586-e205-40d1-a4b6-f25d5df185a4\",\"date\":\"2016-09-12T15:27:07.859Z\",\"text\":\"Deployed\",\"deletable\":false,\"replies\":[]},{\"author\":\"Administrator\",\"authorId\":\"GEAR-16720586-e205-40d1-a4b6-f25d5df185a4\",\"date\":\"2016-09-12T15:27:59.863Z\",\"text\":\"Deployed\",\"deletable\":false,\"replies\":[]},{\"author\":\"Administrator\",\"authorId\":\"GEAR-16720586-e205-40d1-a4b6-f25d5df185a4\",\"date\":\"2016-09-12T15:37:19.886Z\",\"text\":\"Deployed\",\"deletable\":false,\"replies\":[]},{\"author\":\"Administrator\",\"authorId\":\"GEAR-16720586-e205-40d1-a4b6-f25d5df185a4\",\"date\":\"2016-09-12T15:42:03.234Z\",\"text\":\"Deployed\",\"deletable\":false,\"replies\":[]},{\"author\":\"Administrator\",\"authorId\":\"GEAR-16720586-e205-40d1-a4b6-f25d5df185a4\",\"date\":\"2016-09-12T15:51:03.214Z\",\"text\":\"Deployed\",\"deletable\":false,\"replies\":[]},{\"author\":\"Administrator\",\"authorId\":\"GEAR-16720586-e205-40d1-a4b6-f25d5df185a4\",\"date\":\"2016-09-12T15:56:10.064Z\",\"text\":\"Deployed\",\"deletable\":false,\"replies\":[]},{\"author\":\"Administrator\",\"authorId\":\"GEAR-16720586-e205-40d1-a4b6-f25d5df185a4\",\"date\":\"2016-09-12T16:08:35.459Z\",\"text\":\"Deployed\",\"deletable\":false,\"replies\":[]},{\"author\":\"Administrator\",\"authorId\":\"GEAR-16720586-e205-40d1-a4b6-f25d5df185a4\",\"date\":\"2016-09-12T16:09:41.438Z\",\"text\":\"Deployed\",\"deletable\":false,\"replies\":[]},{\"author\":\"Administrator\",\"authorId\":\"GEAR-16720586-e205-40d1-a4b6-f25d5df185a4\",\"date\":\"2016-09-12T16:12:34.727Z\",\"text\":\"Deployed\",\"deletable\":false,\"replies\":[]},{\"author\":\"Administrator\",\"authorId\":\"GEAR-16720586-e205-40d1-a4b6-f25d5df185a4\",\"date\":\"2016-09-12T16:21:30.536Z\",\"text\":\"Deployed\",\"deletable\":false,\"replies\":[]},{\"author\":\"Administrator\",\"authorId\":\"GEAR-16720586-e205-40d1-a4b6-f25d5df185a4\",\"date\":\"2016-09-12T18:45:28.037Z\",\"text\":\"Deployed\",\"deletable\":false,\"replies\":[]},{\"author\":\"Administrator\",\"authorId\":\"GEAR-16720586-e205-40d1-a4b6-f25d5df185a4\",\"date\":\"2016-09-13T06:32:27.900Z\",\"text\":\"Deployed\",\"deletable\":false,\"replies\":[]},{\"author\":\"Administrator\",\"authorId\":\"GEAR-16720586-e205-40d1-a4b6-f25d5df185a4\",\"date\":\"2016-09-13T07:18:33.463Z\",\"text\":\"Deployed\",\"deletable\":false,\"replies\":[]}]"
  }, {
    "name" : "_latestModelRevision",
    "type" : "java.lang.String",
    "value" : "{\"revisionId\":\"b051e1dc-f5f9-48aa-b3e8-2c8c1d234ddc\",\"modelJson\":\"{\\r\\n  \\\"resourceId\\\" : \\\"canvas\\\",\\r\\n  \\\"properties\\\" : {\\r\\n    \\\"stencilsuperids\\\" : [ \\\"XForm\\\" ],\\r\\n    \\\"stencilid\\\" : \\\"XForm\\\",\\r\\n    \\\"xmlTag\\\" : \\\"XForm\\\",\\r\\n    \\\"customstencil\\\" : true,\\r\\n    \\\"name\\\" : \\\"Department 1 Dashboard\\\",\\r\\n    \\\"stencilsuperid\\\" : \\\"XForm\\\",\\r\\n    \\\"id\\\" : \\\"edoras-888a6e6e72f1\\\",\\r\\n    \\\"guid\\\" : \\\"GEAR-4b5ad8d4-2b77-42f4-bd0a-2d4c26992f4e\\\",\\r\\n    \\\"stylesheet\\\" : \\\"\\\"\\r\\n  },\\r\\n  \\\"xmlProperties\\\" : [ ],\\r\\n  \\\"pathProperties\\\" : {\\r\\n    \\\"id\\\" : \\\"id\\\"\\r\\n  },\\r\\n  \\\"stencil\\\" : {\\r\\n    \\\"id\\\" : \\\"XForm\\\"\\r\\n  },\\r\\n  \\\"childShapes\\\" : [ {\\r\\n    \\\"resourceId\\\" : \\\"panel1\\\",\\r\\n    \\\"properties\\\" : {\\r\\n      \\\"col\\\" : \\\"1\\\",\\r\\n      \\\"enabled-run\\\" : \\\"\\\",\\r\\n      \\\"visible-run\\\" : \\\"\\\",\\r\\n      \\\"row-span\\\" : \\\"1\\\",\\r\\n      \\\"title\\\" : \\\"\\\",\\r\\n      \\\"collapsible\\\" : \\\"false\\\",\\r\\n      \\\"enabled\\\" : \\\"true\\\",\\r\\n      \\\"stencilsuperids\\\" : [ \\\"SlotPanel\\\" ],\\r\\n      \\\"expanded\\\" : \\\"false\\\",\\r\\n      \\\"col-span\\\" : \\\"1\\\",\\r\\n      \\\"stencilsuperid\\\" : \\\"SlotPanel\\\",\\r\\n      \\\"row\\\" : \\\"1\\\",\\r\\n      \\\"row-weight\\\" : \\\"0\\\",\\r\\n      \\\"height\\\" : \\\"\\\",\\r\\n      \\\"stencilid\\\" : \\\"SlotPanel\\\",\\r\\n      \\\"visible\\\" : \\\"true\\\",\\r\\n      \\\"customstencil\\\" : true,\\r\\n      \\\"row-align\\\" : \\\"top\\\",\\r\\n      \\\"oldresourceid\\\" : \\\"sid-8D9FC954-EB33-4C05-ADF0-5706EF50E974\\\",\\r\\n      \\\"xmlTag\\\" : \\\"panel\\\",\\r\\n      \\\"col-align\\\" : \\\"fill\\\",\\r\\n      \\\"title-run\\\" : \\\"\\\",\\r\\n      \\\"style-class\\\" : \\\"\\\",\\r\\n      \\\"col-weight\\\" : \\\"0\\\",\\r\\n      \\\"id\\\" : \\\"panel1\\\",\\r\\n      \\\"width\\\" : \\\"300\\\"\\r\\n    },\\r\\n    \\\"xmlProperties\\\" : [ ],\\r\\n    \\\"pathProperties\\\" : {\\r\\n      \\\"id\\\" : \\\"id\\\"\\r\\n    },\\r\\n    \\\"stencil\\\" : {\\r\\n      \\\"id\\\" : \\\"SlotPanel\\\"\\r\\n    },\\r\\n    \\\"childShapes\\\" : [ {\\r\\n      \\\"resourceId\\\" : \\\"cases-auto-complete1\\\",\\r\\n      \\\"properties\\\" : {\\r\\n        \\\"row-span\\\" : 1,\\r\\n        \\\"stencilid\\\" : \\\"cases-auto-complete\\\",\\r\\n        \\\"customstencil\\\" : true,\\r\\n        \\\"stencilsuperids\\\" : [ \\\"Component\\\" ],\\r\\n        \\\"stencilsuperid\\\" : \\\"Component\\\",\\r\\n        \\\"xmlTag\\\" : \\\"autoComplete\\\",\\r\\n        \\\"id\\\" : \\\"cases-auto-complete1\\\",\\r\\n        \\\"width\\\" : \\\"200\\\",\\r\\n        \\\"height\\\" : \\\"\\\",\\r\\n        \\\"col\\\" : 1,\\r\\n        \\\"col-align\\\" : \\\"fill\\\",\\r\\n        \\\"col-weight\\\" : \\\"\\\",\\r\\n        \\\"row\\\" : 1,\\r\\n        \\\"row-align\\\" : \\\"top\\\",\\r\\n        \\\"row-weight\\\" : \\\"\\\",\\r\\n        \\\"enabled\\\" : true,\\r\\n        \\\"enabled-run\\\" : \\\"\\\",\\r\\n        \\\"size\\\" : 9,\\r\\n        \\\"label-align\\\" : \\\"top-left\\\",\\r\\n        \\\"description-position\\\" : \\\"bottom\\\",\\r\\n        \\\"description-align\\\" : \\\"left\\\",\\r\\n        \\\"label-position\\\" : \\\"left\\\",\\r\\n        \\\"default-value\\\" : \\\"\\\",\\r\\n        \\\"description\\\" : \\\"\\\",\\r\\n        \\\"description_fr_fr\\\" : \\\"\\\",\\r\\n        \\\"documentation\\\" : \\\"\\\",\\r\\n        \\\"col-span\\\" : \\\"1\\\",\\r\\n        \\\"visible\\\" : true,\\r\\n        \\\"visible-run\\\" : \\\"\\\",\\r\\n        \\\"editable\\\" : true,\\r\\n        \\\"editable-run\\\" : \\\"\\\",\\r\\n        \\\"style-class\\\" : \\\"\\\",\\r\\n        \\\"required\\\" : false,\\r\\n        \\\"bordercolor\\\" : \\\"#000000\\\",\\r\\n        \\\"preselect-all\\\" : false,\\r\\n        \\\"selection-error-msg\\\" : \\\"\\\",\\r\\n        \\\"selection-error-msg_fr_fr\\\" : \\\"\\\",\\r\\n        \\\"min-error-msg\\\" : \\\"\\\",\\r\\n        \\\"min-error-msg_fr_fr\\\" : \\\"\\\",\\r\\n        \\\"max-error-msg\\\" : \\\"\\\",\\r\\n        \\\"max-error-msg_fr_fr\\\" : \\\"\\\",\\r\\n        \\\"min-items\\\" : \\\"\\\",\\r\\n        \\\"min-items-run\\\" : \\\"\\\",\\r\\n        \\\"max-items\\\" : \\\"\\\",\\r\\n        \\\"max-items-run\\\" : \\\"\\\",\\r\\n        \\\"node-type\\\" : \\\"autoComplete\\\",\\r\\n        \\\"options\\\" : \\\"\\\",\\r\\n        \\\"options_fr_fr\\\" : \\\"\\\",\\r\\n        \\\"options_fr_fr-run\\\" : \\\"\\\",\\r\\n        \\\"options-run\\\" : \\\"\\\",\\r\\n        \\\"lookup-url\\\" : \\\"\\\",\\r\\n        \\\"format-item\\\" : \\\"\\\",\\r\\n        \\\"serialize-item\\\" : \\\"\\\",\\r\\n        \\\"link-target-view\\\" : \\\"browse\\\",\\r\\n        \\\"target\\\" : \\\"_self\\\",\\r\\n        \\\"label\\\" : \\\"Select Case\\\",\\r\\n        \\\"label_fr_fr\\\" : \\\"Select Case\\\",\\r\\n        \\\"value\\\" : \\\"{{selectedCaseId}}\\\",\\r\\n        \\\"auto-complete-type\\\" : \\\"one\\\",\\r\\n        \\\"query-url\\\" : \\\"type:CAS state:open sort:name\\\",\\r\\n        \\\"tags-enabled\\\" : false,\\r\\n        \\\"link-item\\\" : \\\"\\\",\\r\\n        \\\"customstencilid\\\" : \\\"cases-auto-complete\\\",\\r\\n        \\\"customnamespace\\\" : \\\"http://b3mn.org/stencilset/default.form.palette.xml#\\\"\\r\\n      },\\r\\n      \\\"xmlProperties\\\" : [ \\\"preselect-all\\\", \\\"lookup-url\\\", \\\"format-item\\\", \\\"serialize-item\\\", \\\"target\\\", \\\"auto-complete-type\\\", \\\"query-url\\\", \\\"tags-enabled\\\", \\\"link-item\\\" ],\\r\\n      \\\"pathProperties\\\" : {\\r\\n        \\\"id\\\" : \\\"id\\\",\\r\\n        \\\"description-position\\\" : \\\"helpMessage.position\\\",\\r\\n        \\\"label-position\\\" : \\\"labelAlign\\\",\\r\\n        \\\"default-value\\\" : \\\"defaultValue\\\",\\r\\n        \\\"description\\\" : \\\"helpMessage.text\\\",\\r\\n        \\\"description_fr_fr\\\" : \\\"i18n.fr.helpMessage.text\\\",\\r\\n        \\\"col-span\\\" : \\\"size\\\",\\r\\n        \\\"visible\\\" : \\\"isVisible\\\",\\r\\n        \\\"visible-run\\\" : \\\"isVisible\\\",\\r\\n        \\\"editable\\\" : \\\"editable\\\",\\r\\n        \\\"editable-run\\\" : \\\"editable\\\",\\r\\n        \\\"style-class\\\" : \\\"styleClass\\\",\\r\\n        \\\"required\\\" : \\\"isRequired\\\",\\r\\n        \\\"preselect-all\\\" : \\\"extraSettings.preselectAll\\\",\\r\\n        \\\"selection-error-msg\\\" : \\\"extraSettings.selectionErrorMsg\\\",\\r\\n        \\\"selection-error-msg_fr_fr\\\" : \\\"i18n.fr.extraSettings.selectionErrorMsg\\\",\\r\\n        \\\"min-error-msg\\\" : \\\"extraSettings.minErrorMsg\\\",\\r\\n        \\\"min-error-msg_fr_fr\\\" : \\\"i18n.fr.extraSettings.minErrorMsg\\\",\\r\\n        \\\"max-error-msg\\\" : \\\"extraSettings.maxErrorMsg\\\",\\r\\n        \\\"max-error-msg_fr_fr\\\" : \\\"i18n.fr.extraSettings.maxErrorMsg\\\",\\r\\n        \\\"min-items\\\" : \\\"extraSettings.min\\\",\\r\\n        \\\"min-items-run\\\" : \\\"extraSettings.min\\\",\\r\\n        \\\"max-items\\\" : \\\"extraSettings.max\\\",\\r\\n        \\\"max-items-run\\\" : \\\"extraSettings.max\\\",\\r\\n        \\\"options\\\" : \\\"extraSettings.options\\\",\\r\\n        \\\"options_fr_fr\\\" : \\\"i18n.fr.extraSettings.options\\\",\\r\\n        \\\"options_fr_fr-run\\\" : \\\"i18n.fr.extraSettings.options\\\",\\r\\n        \\\"options-run\\\" : \\\"extraSettings.options\\\",\\r\\n        \\\"lookup-url\\\" : \\\"extraSettings.lookupUrl\\\",\\r\\n        \\\"format-item\\\" : \\\"extraSettings.formatItem\\\",\\r\\n        \\\"serialize-item\\\" : \\\"extraSettings.serializeItem\\\",\\r\\n        \\\"link-target-view\\\" : \\\"extraSettings.linkTargetView\\\",\\r\\n        \\\"target\\\" : \\\"extraSettings.target\\\",\\r\\n        \\\"label\\\" : \\\"label\\\",\\r\\n        \\\"label_fr_fr\\\" : \\\"i18n.fr.label\\\",\\r\\n        \\\"value\\\" : \\\"value\\\",\\r\\n        \\\"auto-complete-type\\\" : \\\"extraSettings.type\\\",\\r\\n        \\\"query-url\\\" : \\\"extraSettings.queryUrl\\\",\\r\\n        \\\"tags-enabled\\\" : \\\"extraSettings.tagsEnabled\\\",\\r\\n        \\\"link-item\\\" : \\\"extraSettings.linkItem\\\"\\r\\n      },\\r\\n      \\\"stencil\\\" : {\\r\\n        \\\"id\\\" : \\\"Component\\\"\\r\\n      },\\r\\n      \\\"childShapes\\\" : [ ],\\r\\n      \\\"outgoing\\\" : [ ],\\r\\n      \\\"bounds\\\" : {\\r\\n        \\\"lowerRight\\\" : {\\r\\n          \\\"x\\\" : 738,\\r\\n          \\\"y\\\" : 51\\r\\n        },\\r\\n        \\\"upperLeft\\\" : {\\r\\n          \\\"x\\\" : 15,\\r\\n          \\\"y\\\" : 25\\r\\n        }\\r\\n      },\\r\\n      \\\"dockers\\\" : [ ],\\r\\n      \\\"outputmappingproperties\\\" : {\\r\\n        \\\"options\\\" : {\\r\\n          \\\"type\\\" : \\\"complex\\\",\\r\\n          \\\"placeholders\\\" : [ ]\\r\\n        },\\r\\n        \\\"options_fr_fr\\\" : {\\r\\n          \\\"type\\\" : \\\"complex\\\",\\r\\n          \\\"placeholders\\\" : [ ]\\r\\n        }\\r\\n      },\\r\\n      \\\"labels\\\" : [ {\\r\\n        \\\"styles\\\" : {\\r\\n          \\\"fill\\\" : \\\"#000000\\\",\\r\\n          \\\"size\\\" : \\\"12\\\",\\r\\n          \\\"italic\\\" : false,\\r\\n          \\\"bold\\\" : false\\r\\n        },\\r\\n        \\\"ref\\\" : \\\"label_text\\\"\\r\\n      }, {\\r\\n        \\\"styles\\\" : {\\r\\n          \\\"fill\\\" : \\\"#000000\\\",\\r\\n          \\\"size\\\" : \\\"12\\\",\\r\\n          \\\"italic\\\" : false,\\r\\n          \\\"bold\\\" : false\\r\\n        },\\r\\n        \\\"ref\\\" : \\\"input_text\\\"\\r\\n      }, {\\r\\n        \\\"styles\\\" : {\\r\\n          \\\"fill\\\" : \\\"#000000\\\",\\r\\n          \\\"size\\\" : \\\"12\\\",\\r\\n          \\\"italic\\\" : false,\\r\\n          \\\"bold\\\" : false\\r\\n        },\\r\\n        \\\"ref\\\" : \\\"desc_text\\\"\\r\\n      } ]\\r\\n    }, {\\r\\n      \\\"resourceId\\\" : \\\"open-tasks-in-case-list1\\\",\\r\\n      \\\"properties\\\" : {\\r\\n        \\\"row-span\\\" : 1,\\r\\n        \\\"stencilid\\\" : \\\"open-tasks-in-case-list\\\",\\r\\n        \\\"customstencil\\\" : true,\\r\\n        \\\"stencilsuperids\\\" : [ \\\"Component\\\" ],\\r\\n        \\\"stencilsuperid\\\" : \\\"Component\\\",\\r\\n        \\\"xmlTag\\\" : \\\"itemsList\\\",\\r\\n        \\\"id\\\" : \\\"open-tasks-in-case-list1\\\",\\r\\n        \\\"width\\\" : \\\"200\\\",\\r\\n        \\\"height\\\" : \\\"\\\",\\r\\n        \\\"col\\\" : 1,\\r\\n        \\\"col-align\\\" : \\\"fill\\\",\\r\\n        \\\"col-weight\\\" : \\\"\\\",\\r\\n        \\\"row\\\" : 2,\\r\\n        \\\"row-align\\\" : \\\"top\\\",\\r\\n        \\\"row-weight\\\" : \\\"\\\",\\r\\n        \\\"enabled\\\" : true,\\r\\n        \\\"enabled-run\\\" : \\\"\\\",\\r\\n        \\\"size\\\" : 12,\\r\\n        \\\"label-align\\\" : \\\"top-left\\\",\\r\\n        \\\"description-position\\\" : \\\"bottom\\\",\\r\\n        \\\"description-align\\\" : \\\"left\\\",\\r\\n        \\\"node-type\\\" : \\\"\\\",\\r\\n        \\\"label-position\\\" : \\\"left\\\",\\r\\n        \\\"description\\\" : \\\"\\\",\\r\\n        \\\"description_fr_fr\\\" : \\\"\\\",\\r\\n        \\\"documentation\\\" : \\\"\\\",\\r\\n        \\\"col-span\\\" : \\\"1\\\",\\r\\n        \\\"style-class\\\" : \\\"\\\",\\r\\n        \\\"bordercolor\\\" : \\\"#000000\\\",\\r\\n        \\\"default-value\\\" : \\\"\\\",\\r\\n        \\\"options\\\" : \\\"\\\",\\r\\n        \\\"editable\\\" : false,\\r\\n        \\\"editable-run\\\" : \\\"\\\",\\r\\n        \\\"required\\\" : false,\\r\\n        \\\"value\\\" : \\\"\\\",\\r\\n        \\\"items-min-size\\\" : \\\"\\\",\\r\\n        \\\"items-max-size\\\" : \\\"\\\",\\r\\n        \\\"format-item\\\" : \\\"item.name\\\",\\r\\n        \\\"link-item\\\" : \\\"\\\",\\r\\n        \\\"link-target-view\\\" : \\\"browse\\\",\\r\\n        \\\"list-type\\\" : \\\"ONE\\\",\\r\\n        \\\"collapsible\\\" : false,\\r\\n        \\\"label\\\" : \\\"\\\",\\r\\n        \\\"label_fr_fr\\\" : \\\"\\\",\\r\\n        \\\"visible\\\" : true,\\r\\n        \\\"visible-run\\\" : \\\"{{root.id}}\\\",\\r\\n        \\\"query\\\" : \\\"type:TSK state:open parent:{{root.id}} sort:creation:asc\\\",\\r\\n        \\\"title\\\" : \\\"Open Tasks\\\",\\r\\n        \\\"title_fr_fr\\\" : \\\"Open Tasks\\\",\\r\\n        \\\"customstencilid\\\" : \\\"open-tasks-in-case-list\\\",\\r\\n        \\\"customnamespace\\\" : \\\"http://b3mn.org/stencilset/default.form.palette.xml#\\\"\\r\\n      },\\r\\n      \\\"xmlProperties\\\" : [ \\\"format-item\\\", \\\"link-item\\\", \\\"list-type\\\", \\\"query\\\" ],\\r\\n      \\\"pathProperties\\\" : {\\r\\n        \\\"id\\\" : \\\"id\\\",\\r\\n        \\\"description-position\\\" : \\\"helpMessage.position\\\",\\r\\n        \\\"label-position\\\" : \\\"labelAlign\\\",\\r\\n        \\\"description\\\" : \\\"helpMessage.text\\\",\\r\\n        \\\"description_fr_fr\\\" : \\\"i18n.fr.helpMessage.text\\\",\\r\\n        \\\"col-span\\\" : \\\"size\\\",\\r\\n        \\\"style-class\\\" : \\\"styleClass\\\",\\r\\n        \\\"default-value\\\" : \\\"defaultValue\\\",\\r\\n        \\\"editable\\\" : \\\"editable\\\",\\r\\n        \\\"editable-run\\\" : \\\"editable\\\",\\r\\n        \\\"required\\\" : \\\"isRequired\\\",\\r\\n        \\\"value\\\" : \\\"value\\\",\\r\\n        \\\"items-min-size\\\" : \\\"extraSettings.itemsMinSize\\\",\\r\\n        \\\"items-max-size\\\" : \\\"extraSettings.itemsMaxSize\\\",\\r\\n        \\\"format-item\\\" : \\\"extraSettings.formatItem\\\",\\r\\n        \\\"link-item\\\" : \\\"extraSettings.linkItem\\\",\\r\\n        \\\"link-target-view\\\" : \\\"extraSettings.linkTargetView\\\",\\r\\n        \\\"list-type\\\" : \\\"extraSettings.type\\\",\\r\\n        \\\"collapsible\\\" : \\\"extraSettings.collapsible\\\",\\r\\n        \\\"label\\\" : \\\"label\\\",\\r\\n        \\\"label_fr_fr\\\" : \\\"i18n.fr.label\\\",\\r\\n        \\\"visible\\\" : \\\"isVisible\\\",\\r\\n        \\\"visible-run\\\" : \\\"isVisible\\\",\\r\\n        \\\"query\\\" : \\\"extraSettings.queryUrl\\\",\\r\\n        \\\"title\\\" : \\\"extraSettings.title\\\",\\r\\n        \\\"title_fr_fr\\\" : \\\"i18n.fr.extraSettings.title\\\"\\r\\n      },\\r\\n      \\\"stencil\\\" : {\\r\\n        \\\"id\\\" : \\\"Component\\\"\\r\\n      },\\r\\n      \\\"childShapes\\\" : [ ],\\r\\n      \\\"outgoing\\\" : [ ],\\r\\n      \\\"bounds\\\" : {\\r\\n        \\\"lowerRight\\\" : {\\r\\n          \\\"x\\\" : 984,\\r\\n          \\\"y\\\" : 126\\r\\n        },\\r\\n        \\\"upperLeft\\\" : {\\r\\n          \\\"x\\\" : 15,\\r\\n          \\\"y\\\" : 74\\r\\n        }\\r\\n      },\\r\\n      \\\"dockers\\\" : [ ],\\r\\n      \\\"labels\\\" : [ {\\r\\n        \\\"styles\\\" : {\\r\\n          \\\"fill\\\" : \\\"#000000\\\",\\r\\n          \\\"size\\\" : \\\"12\\\",\\r\\n          \\\"italic\\\" : false,\\r\\n          \\\"bold\\\" : false\\r\\n        },\\r\\n        \\\"ref\\\" : \\\"label_text\\\"\\r\\n      }, {\\r\\n        \\\"styles\\\" : {\\r\\n          \\\"fill\\\" : \\\"#000000\\\",\\r\\n          \\\"size\\\" : \\\"12\\\",\\r\\n          \\\"italic\\\" : false,\\r\\n          \\\"bold\\\" : false\\r\\n        },\\r\\n        \\\"ref\\\" : \\\"input_text\\\"\\r\\n      }, {\\r\\n        \\\"styles\\\" : {\\r\\n          \\\"fill\\\" : \\\"#000000\\\",\\r\\n          \\\"size\\\" : \\\"12\\\",\\r\\n          \\\"italic\\\" : false,\\r\\n          \\\"bold\\\" : false\\r\\n        },\\r\\n        \\\"ref\\\" : \\\"input_dependent_textitemlist_0\\\"\\r\\n      }, {\\r\\n        \\\"styles\\\" : {\\r\\n          \\\"fill\\\" : \\\"#000000\\\",\\r\\n          \\\"size\\\" : \\\"12\\\",\\r\\n          \\\"italic\\\" : false,\\r\\n          \\\"bold\\\" : false\\r\\n        },\\r\\n        \\\"ref\\\" : \\\"input_dependent_textitemlist_1\\\"\\r\\n      }, {\\r\\n        \\\"styles\\\" : {\\r\\n          \\\"fill\\\" : \\\"#000000\\\",\\r\\n          \\\"size\\\" : \\\"12\\\",\\r\\n          \\\"italic\\\" : false,\\r\\n          \\\"bold\\\" : false\\r\\n        },\\r\\n        \\\"ref\\\" : \\\"desc_text\\\"\\r\\n      } ]\\r\\n    }, {\\r\\n      \\\"resourceId\\\" : \\\"cloud-link-button-create1\\\",\\r\\n      \\\"properties\\\" : {\\r\\n        \\\"row-span\\\" : 1,\\r\\n        \\\"stencilid\\\" : \\\"cloud-link-button-create\\\",\\r\\n        \\\"customstencil\\\" : true,\\r\\n        \\\"stencilsuperids\\\" : [ \\\"Component\\\" ],\\r\\n        \\\"stencilsuperid\\\" : \\\"Button\\\",\\r\\n        \\\"xmlTag\\\" : \\\"linkButton\\\",\\r\\n        \\\"id\\\" : \\\"cloud-link-button-create1\\\",\\r\\n        \\\"width\\\" : \\\"200\\\",\\r\\n        \\\"height\\\" : \\\"\\\",\\r\\n        \\\"col\\\" : 11,\\r\\n        \\\"col-align\\\" : \\\"fill\\\",\\r\\n        \\\"col-weight\\\" : \\\"\\\",\\r\\n        \\\"row\\\" : 1,\\r\\n        \\\"row-align\\\" : \\\"top\\\",\\r\\n        \\\"row-weight\\\" : \\\"\\\",\\r\\n        \\\"enabled\\\" : true,\\r\\n        \\\"enabled-run\\\" : \\\"\\\",\\r\\n        \\\"size\\\" : 2,\\r\\n        \\\"label-align\\\" : \\\"top-left\\\",\\r\\n        \\\"description-position\\\" : \\\"bottom\\\",\\r\\n        \\\"description-align\\\" : \\\"left\\\",\\r\\n        \\\"node-type\\\" : \\\"\\\",\\r\\n        \\\"label-position\\\" : \\\"left\\\",\\r\\n        \\\"description\\\" : \\\"\\\",\\r\\n        \\\"description_fr_fr\\\" : \\\"\\\",\\r\\n        \\\"documentation\\\" : \\\"\\\",\\r\\n        \\\"col-span\\\" : \\\"1\\\",\\r\\n        \\\"visible\\\" : true,\\r\\n        \\\"visible-run\\\" : \\\"\\\",\\r\\n        \\\"style-class\\\" : \\\"\\\",\\r\\n        \\\"link-target\\\" : \\\"_self\\\",\\r\\n        \\\"button-alignment\\\" : \\\"left\\\",\\r\\n        \\\"button-alignment-run\\\" : \\\"\\\",\\r\\n        \\\"button-icon-url\\\" : \\\"\\\",\\r\\n        \\\"button-icon-alignment\\\" : \\\"right\\\",\\r\\n        \\\"context-variables\\\" : \\\"\\\",\\r\\n        \\\"context-variables_fr_fr\\\" : \\\"\\\",\\r\\n        \\\"bordercolor\\\" : \\\"#000000\\\",\\r\\n        \\\"tooltip\\\" : \\\"\\\",\\r\\n        \\\"editable\\\" : false,\\r\\n        \\\"editable-run\\\" : \\\"\\\",\\r\\n        \\\"required\\\" : false,\\r\\n        \\\"label\\\" : \\\"\\\",\\r\\n        \\\"label_fr_fr\\\" : \\\"\\\",\\r\\n        \\\"default-value\\\" : \\\"\\\",\\r\\n        \\\"value\\\" : \\\"Registration\\\",\\r\\n        \\\"value_fr_fr\\\" : \\\"Registration\\\",\\r\\n        \\\"work-item-type\\\" : \\\"CAS\\\",\\r\\n        \\\"work-item-type-run\\\" : \\\"\\\",\\r\\n        \\\"work-item-model\\\" : \\\"dc26a1cb-8797-4029-a97d-b66d8b37535c\\\",\\r\\n        \\\"work-item-model-run\\\" : \\\"\\\",\\r\\n        \\\"link-button-show-as-button\\\" : true,\\r\\n        \\\"hide-selectors\\\" : false,\\r\\n        \\\"hide-selectors-run\\\" : \\\"\\\",\\r\\n        \\\"link-button-type\\\" : \\\"create\\\",\\r\\n        \\\"customstencilid\\\" : \\\"cloud-link-button-create\\\",\\r\\n        \\\"customnamespace\\\" : \\\"http://b3mn.org/stencilset/default.form.palette.xml#\\\"\\r\\n      },\\r\\n      \\\"xmlProperties\\\" : [ ],\\r\\n      \\\"pathProperties\\\" : {\\r\\n        \\\"id\\\" : \\\"id\\\",\\r\\n        \\\"description-position\\\" : \\\"helpMessage.position\\\",\\r\\n        \\\"label-position\\\" : \\\"labelAlign\\\",\\r\\n        \\\"description\\\" : \\\"helpMessage.text\\\",\\r\\n        \\\"description_fr_fr\\\" : \\\"i18n.fr.helpMessage.text\\\",\\r\\n        \\\"col-span\\\" : \\\"size\\\",\\r\\n        \\\"visible\\\" : \\\"isVisible\\\",\\r\\n        \\\"visible-run\\\" : \\\"isVisible\\\",\\r\\n        \\\"style-class\\\" : \\\"styleClass\\\",\\r\\n        \\\"link-target\\\" : \\\"extraSettings.target\\\",\\r\\n        \\\"button-alignment\\\" : \\\"extraSettings.alignment\\\",\\r\\n        \\\"button-alignment-run\\\" : \\\"extraSettings.alignment\\\",\\r\\n        \\\"button-icon-url\\\" : \\\"extraSettings.iconUrl\\\",\\r\\n        \\\"button-icon-alignment\\\" : \\\"extraSettings.iconAlignment\\\",\\r\\n        \\\"context-variables\\\" : \\\"extraSettings.contextVariables\\\",\\r\\n        \\\"context-variables_fr_fr\\\" : \\\"i18n.fr.extraSettings.contextVariables\\\",\\r\\n        \\\"tooltip\\\" : \\\"extraSettings.tooltip\\\",\\r\\n        \\\"editable\\\" : \\\"editable\\\",\\r\\n        \\\"editable-run\\\" : \\\"editable\\\",\\r\\n        \\\"required\\\" : \\\"isRequired\\\",\\r\\n        \\\"label\\\" : \\\"label\\\",\\r\\n        \\\"label_fr_fr\\\" : \\\"i18n.fr.label\\\",\\r\\n        \\\"default-value\\\" : \\\"defaultValue\\\",\\r\\n        \\\"value\\\" : \\\"value\\\",\\r\\n        \\\"value_fr_fr\\\" : \\\"i18n.fr.value\\\",\\r\\n        \\\"work-item-type\\\" : \\\"extraSettings.workItemType\\\",\\r\\n        \\\"work-item-type-run\\\" : \\\"extraSettings.workItemType\\\",\\r\\n        \\\"work-item-model\\\" : \\\"extraSettings.workItemModel\\\",\\r\\n        \\\"work-item-model-run\\\" : \\\"extraSettings.workItemModel\\\",\\r\\n        \\\"link-button-show-as-button\\\" : \\\"extraSettings.showAsButton\\\",\\r\\n        \\\"hide-selectors\\\" : \\\"extraSettings.hideSelectors\\\",\\r\\n        \\\"hide-selectors-run\\\" : \\\"extraSettings.hideSelectors\\\",\\r\\n        \\\"link-button-type\\\" : \\\"extraSettings.type\\\"\\r\\n      },\\r\\n      \\\"stencil\\\" : {\\r\\n        \\\"id\\\" : \\\"Button\\\"\\r\\n      },\\r\\n      \\\"childShapes\\\" : [ ],\\r\\n      \\\"outgoing\\\" : [ ],\\r\\n      \\\"bounds\\\" : {\\r\\n        \\\"lowerRight\\\" : {\\r\\n          \\\"x\\\" : 984,\\r\\n          \\\"y\\\" : 51\\r\\n        },\\r\\n        \\\"upperLeft\\\" : {\\r\\n          \\\"x\\\" : 835,\\r\\n          \\\"y\\\" : 25\\r\\n        }\\r\\n      },\\r\\n      \\\"dockers\\\" : [ ],\\r\\n      \\\"outputmappingproperties\\\" : {\\r\\n        \\\"context-variables\\\" : {\\r\\n          \\\"type\\\" : \\\"complex\\\",\\r\\n          \\\"placeholders\\\" : [ ]\\r\\n        },\\r\\n        \\\"context-variables_fr_fr\\\" : {\\r\\n          \\\"type\\\" : \\\"complex\\\",\\r\\n          \\\"placeholders\\\" : [ ]\\r\\n        }\\r\\n      },\\r\\n      \\\"labels\\\" : [ {\\r\\n        \\\"styles\\\" : {\\r\\n          \\\"fill\\\" : \\\"#000000\\\",\\r\\n          \\\"size\\\" : \\\"12\\\",\\r\\n          \\\"italic\\\" : false,\\r\\n          \\\"bold\\\" : false\\r\\n        },\\r\\n        \\\"ref\\\" : \\\"label_text\\\"\\r\\n      }, {\\r\\n        \\\"styles\\\" : {\\r\\n          \\\"fill\\\" : \\\"#000000\\\",\\r\\n          \\\"size\\\" : \\\"12\\\",\\r\\n          \\\"italic\\\" : false,\\r\\n          \\\"bold\\\" : false\\r\\n        },\\r\\n        \\\"ref\\\" : \\\"input_text\\\"\\r\\n      }, {\\r\\n        \\\"styles\\\" : {\\r\\n          \\\"fill\\\" : \\\"#000000\\\",\\r\\n          \\\"size\\\" : \\\"12\\\",\\r\\n          \\\"italic\\\" : false,\\r\\n          \\\"bold\\\" : false\\r\\n        },\\r\\n        \\\"ref\\\" : \\\"desc_text\\\"\\r\\n      } ]\\r\\n    } ],\\r\\n    \\\"outgoing\\\" : [ ],\\r\\n    \\\"bounds\\\" : {\\r\\n      \\\"lowerRight\\\" : {\\r\\n        \\\"x\\\" : 1049,\\r\\n        \\\"y\\\" : 201\\r\\n      },\\r\\n      \\\"upperLeft\\\" : {\\r\\n        \\\"x\\\" : 50,\\r\\n        \\\"y\\\" : 50\\r\\n      }\\r\\n    },\\r\\n    \\\"dockers\\\" : [ ],\\r\\n    \\\"oldResourceId\\\" : \\\"sid-8D9FC954-EB33-4C05-ADF0-5706EF50E974\\\"\\r\\n  } ],\\r\\n  \\\"bounds\\\" : {\\r\\n    \\\"lowerRight\\\" : {\\r\\n      \\\"x\\\" : 1884,\\r\\n      \\\"y\\\" : 1382\\r\\n    },\\r\\n    \\\"upperLeft\\\" : {\\r\\n      \\\"x\\\" : 0,\\r\\n      \\\"y\\\" : 0\\r\\n    }\\r\\n  },\\r\\n  \\\"stencilset\\\" : {\\r\\n    \\\"url\\\" : \\\"/acme/vis/editor/stencilsets//edorasForms/edorasForms.json\\\",\\r\\n    \\\"namespace\\\" : \\\"http://b3mn.org/stencilset/xforms#\\\"\\r\\n  },\\r\\n  \\\"ssextensions\\\" : [ \\\"http://b3mn.org/stencilset/default.form.palette.xml#\\\", \\\"http://b3mn.org/stencilset/demo.form.palette.xml#\\\" ]\\r\\n}\",\"modelXml\":\"\",\"modelSvg\":\"\\u003csvg xmlns\\u003d\\\"http://www.w3.org/2000/svg\\\" xmlns:oryx\\u003d\\\"http://oryx-editor.org\\\" id\\u003d\\\"sid-A93C75E3-8EBC-4EF0-9677-C556F1366DBB\\\" width\\u003d\\\"1049\\\" height\\u003d\\\"201\\\" xmlns:xlink\\u003d\\\"http://www.w3.org/1999/xlink\\\" xmlns:svg\\u003d\\\"http://www.w3.org/2000/svg\\\"\\u003e\\u003cdefs/\\u003e\\u003cg stroke\\u003d\\\"black\\\" font-family\\u003d\\\"Verdana, sans-serif\\\" font-size-adjust\\u003d\\\"none\\\" font-style\\u003d\\\"normal\\\" font-variant\\u003d\\\"normal\\\" font-weight\\u003d\\\"normal\\\" line-heigth\\u003d\\\"normal\\\" font-size\\u003d\\\"12\\\"\\u003e\\u003cg class\\u003d\\\"stencils\\\" transform\\u003d\\\"translate(-25, -25)\\\"\\u003e\\u003cg class\\u003d\\\"me\\\"/\\u003e\\u003cg class\\u003d\\\"children\\\"\\u003e\\u003cg id\\u003d\\\"svg-panel1\\\"\\u003e\\u003cg class\\u003d\\\"stencils\\\" transform\\u003d\\\"translate(50, 50)\\\"\\u003e\\u003cg class\\u003d\\\"me\\\"\\u003e\\u003cg oryx:minimumSize\\u003d\\\"40 34\\\" id\\u003d\\\"sid-E2A6AD7E-47DE-4783-B5B0-791D490EE038\\\" title\\u003d\\\"Slot panel\\\"\\u003e     \\u003crect id\\u003d\\\"sid-E2A6AD7E-47DE-4783-B5B0-791D490EE038input\\\" oryx:anchors\\u003d\\\"left top\\\" oryx:resize\\u003d\\\"vertical horizontal\\\" x\\u003d\\\"0\\\" y\\u003d\\\"0\\\" width\\u003d\\\"999.0000000000001\\\" height\\u003d\\\"151\\\" stroke\\u003d\\\"#777777\\\" stroke-width\\u003d\\\"1\\\" fill\\u003d\\\"#e6e8f6\\\"/\\u003e   \\u003c/g\\u003e\\u003c/g\\u003e\\u003cg class\\u003d\\\"background\\\"\\u003e\\u003cg class\\u003d\\\"cellBg\\\" display\\u003d\\\"inherit\\\" transform\\u003d\\\"translate(11, 21)\\\"\\u003e\\u003crect x\\u003d\\\"0\\\" y\\u003d\\\"0\\\" stroke-width\\u003d\\\"2\\\" stroke\\u003d\\\"none\\\" fill\\u003d\\\"#f2f4fd\\\" pointer-events\\u003d\\\"all\\\" width\\u003d\\\"731\\\" height\\u003d\\\"34\\\"/\\u003e\\u003c/g\\u003e\\u003cg class\\u003d\\\"cellBg\\\" display\\u003d\\\"inherit\\\" transform\\u003d\\\"translate(11, 21)\\\"\\u003e\\u003crect x\\u003d\\\"0\\\" y\\u003d\\\"0\\\" stroke-width\\u003d\\\"2\\\" stroke\\u003d\\\"none\\\" fill\\u003d\\\"#f2f4fd\\\" pointer-events\\u003d\\\"all\\\" width\\u003d\\\"731\\\" height\\u003d\\\"34\\\"/\\u003e\\u003c/g\\u003e\\u003cg class\\u003d\\\"cellBg\\\" display\\u003d\\\"inherit\\\" transform\\u003d\\\"translate(11, 21)\\\"\\u003e\\u003crect x\\u003d\\\"0\\\" y\\u003d\\\"0\\\" stroke-width\\u003d\\\"2\\\" stroke\\u003d\\\"none\\\" fill\\u003d\\\"#f2f4fd\\\" pointer-events\\u003d\\\"all\\\" width\\u003d\\\"731\\\" height\\u003d\\\"34\\\"/\\u003e\\u003c/g\\u003e\\u003cg class\\u003d\\\"cellBg\\\" display\\u003d\\\"inherit\\\" transform\\u003d\\\"translate(11, 21)\\\"\\u003e\\u003crect x\\u003d\\\"0\\\" y\\u003d\\\"0\\\" stroke-width\\u003d\\\"2\\\" stroke\\u003d\\\"none\\\" fill\\u003d\\\"#f2f4fd\\\" pointer-events\\u003d\\\"all\\\" width\\u003d\\\"731\\\" height\\u003d\\\"34\\\"/\\u003e\\u003c/g\\u003e\\u003cg class\\u003d\\\"cellBg\\\" display\\u003d\\\"inherit\\\" transform\\u003d\\\"translate(11, 21)\\\"\\u003e\\u003crect x\\u003d\\\"0\\\" y\\u003d\\\"0\\\" stroke-width\\u003d\\\"2\\\" stroke\\u003d\\\"none\\\" fill\\u003d\\\"#f2f4fd\\\" pointer-events\\u003d\\\"all\\\" width\\u003d\\\"731\\\" height\\u003d\\\"34\\\"/\\u003e\\u003c/g\\u003e\\u003cg class\\u003d\\\"cellBg\\\" display\\u003d\\\"inherit\\\" transform\\u003d\\\"translate(831, 21)\\\"\\u003e\\u003crect x\\u003d\\\"0\\\" y\\u003d\\\"0\\\" stroke-width\\u003d\\\"2\\\" stroke\\u003d\\\"none\\\" fill\\u003d\\\"#f2f4fd\\\" pointer-events\\u003d\\\"all\\\" width\\u003d\\\"157\\\" height\\u003d\\\"34\\\"/\\u003e\\u003c/g\\u003e\\u003cg class\\u003d\\\"cellBg\\\" display\\u003d\\\"inherit\\\" transform\\u003d\\\"translate(11, 70)\\\"\\u003e\\u003crect x\\u003d\\\"0\\\" y\\u003d\\\"0\\\" stroke-width\\u003d\\\"2\\\" stroke\\u003d\\\"none\\\" fill\\u003d\\\"#f2f4fd\\\" pointer-events\\u003d\\\"all\\\" width\\u003d\\\"977\\\" height\\u003d\\\"60\\\"/\\u003e\\u003c/g\\u003e\\u003cg class\\u003d\\\"cellBg\\\" display\\u003d\\\"inherit\\\" transform\\u003d\\\"translate(11, 70)\\\"\\u003e\\u003crect x\\u003d\\\"0\\\" y\\u003d\\\"0\\\" stroke-width\\u003d\\\"2\\\" stroke\\u003d\\\"none\\\" fill\\u003d\\\"#f2f4fd\\\" pointer-events\\u003d\\\"all\\\" width\\u003d\\\"977\\\" height\\u003d\\\"60\\\" id\\u003d\\\"ext-gen1768\\\"/\\u003e\\u003c/g\\u003e\\u003cg class\\u003d\\\"cellBg\\\" display\\u003d\\\"inherit\\\" transform\\u003d\\\"translate(11, 70)\\\"\\u003e\\u003crect x\\u003d\\\"0\\\" y\\u003d\\\"0\\\" stroke-width\\u003d\\\"2\\\" stroke\\u003d\\\"none\\\" fill\\u003d\\\"#f2f4fd\\\" pointer-events\\u003d\\\"all\\\" width\\u003d\\\"977\\\" height\\u003d\\\"60\\\"/\\u003e\\u003c/g\\u003e\\u003cg class\\u003d\\\"cellBg\\\" display\\u003d\\\"inherit\\\" transform\\u003d\\\"translate(11, 70)\\\"\\u003e\\u003crect x\\u003d\\\"0\\\" y\\u003d\\\"0\\\" stroke-width\\u003d\\\"2\\\" stroke\\u003d\\\"none\\\" fill\\u003d\\\"#f2f4fd\\\" pointer-events\\u003d\\\"all\\\" width\\u003d\\\"977\\\" height\\u003d\\\"60\\\"/\\u003e\\u003c/g\\u003e\\u003cg class\\u003d\\\"cellBg\\\" display\\u003d\\\"inherit\\\" transform\\u003d\\\"translate(11, 70)\\\"\\u003e\\u003crect x\\u003d\\\"0\\\" y\\u003d\\\"0\\\" stroke-width\\u003d\\\"2\\\" stroke\\u003d\\\"none\\\" fill\\u003d\\\"#f2f4fd\\\" pointer-events\\u003d\\\"all\\\" width\\u003d\\\"977\\\" height\\u003d\\\"60\\\"/\\u003e\\u003c/g\\u003e\\u003cg class\\u003d\\\"cellBg\\\" display\\u003d\\\"inherit\\\" transform\\u003d\\\"translate(11, 70)\\\"\\u003e\\u003crect x\\u003d\\\"0\\\" y\\u003d\\\"0\\\" stroke-width\\u003d\\\"2\\\" stroke\\u003d\\\"none\\\" fill\\u003d\\\"#f2f4fd\\\" pointer-events\\u003d\\\"all\\\" width\\u003d\\\"977\\\" height\\u003d\\\"60\\\"/\\u003e\\u003c/g\\u003e\\u003cg class\\u003d\\\"cellBg\\\" display\\u003d\\\"inherit\\\" transform\\u003d\\\"translate(11, 70)\\\"\\u003e\\u003crect x\\u003d\\\"0\\\" y\\u003d\\\"0\\\" stroke-width\\u003d\\\"2\\\" stroke\\u003d\\\"none\\\" fill\\u003d\\\"#f2f4fd\\\" pointer-events\\u003d\\\"all\\\" width\\u003d\\\"977\\\" height\\u003d\\\"60\\\"/\\u003e\\u003c/g\\u003e\\u003cg class\\u003d\\\"cellBg\\\" display\\u003d\\\"inherit\\\" transform\\u003d\\\"translate(11, 70)\\\"\\u003e\\u003crect x\\u003d\\\"0\\\" y\\u003d\\\"0\\\" stroke-width\\u003d\\\"2\\\" stroke\\u003d\\\"none\\\" fill\\u003d\\\"#f2f4fd\\\" pointer-events\\u003d\\\"all\\\" width\\u003d\\\"977\\\" height\\u003d\\\"60\\\"/\\u003e\\u003c/g\\u003e\\u003cg class\\u003d\\\"cellBg\\\" display\\u003d\\\"inherit\\\" transform\\u003d\\\"translate(11, 70)\\\"\\u003e\\u003crect x\\u003d\\\"0\\\" y\\u003d\\\"0\\\" stroke-width\\u003d\\\"2\\\" stroke\\u003d\\\"none\\\" fill\\u003d\\\"#f2f4fd\\\" pointer-events\\u003d\\\"all\\\" width\\u003d\\\"977\\\" height\\u003d\\\"60\\\"/\\u003e\\u003c/g\\u003e\\u003cg class\\u003d\\\"cellBg\\\" display\\u003d\\\"inherit\\\" transform\\u003d\\\"translate(11, 70)\\\"\\u003e\\u003crect x\\u003d\\\"0\\\" y\\u003d\\\"0\\\" stroke-width\\u003d\\\"2\\\" stroke\\u003d\\\"none\\\" fill\\u003d\\\"#f2f4fd\\\" pointer-events\\u003d\\\"all\\\" width\\u003d\\\"977\\\" height\\u003d\\\"60\\\"/\\u003e\\u003c/g\\u003e\\u003cg class\\u003d\\\"cellBg\\\" display\\u003d\\\"inherit\\\" transform\\u003d\\\"translate(11, 70)\\\"\\u003e\\u003crect x\\u003d\\\"0\\\" y\\u003d\\\"0\\\" stroke-width\\u003d\\\"2\\\" stroke\\u003d\\\"none\\\" fill\\u003d\\\"#f2f4fd\\\" pointer-events\\u003d\\\"all\\\" width\\u003d\\\"977\\\" height\\u003d\\\"60\\\" id\\u003d\\\"ext-gen1744\\\"/\\u003e\\u003c/g\\u003e\\u003cg class\\u003d\\\"cellBg\\\" display\\u003d\\\"inherit\\\" transform\\u003d\\\"translate(11, 70)\\\"\\u003e\\u003crect x\\u003d\\\"0\\\" y\\u003d\\\"0\\\" stroke-width\\u003d\\\"2\\\" stroke\\u003d\\\"none\\\" fill\\u003d\\\"#f2f4fd\\\" pointer-events\\u003d\\\"all\\\" width\\u003d\\\"977\\\" height\\u003d\\\"60\\\" id\\u003d\\\"ext-gen1769\\\"/\\u003e\\u003c/g\\u003e\\u003cg class\\u003d\\\"cellBg\\\" display\\u003d\\\"inherit\\\" transform\\u003d\\\"translate(831, 21)\\\"\\u003e\\u003crect x\\u003d\\\"0\\\" y\\u003d\\\"0\\\" stroke-width\\u003d\\\"2\\\" stroke\\u003d\\\"none\\\" fill\\u003d\\\"#f2f4fd\\\" pointer-events\\u003d\\\"all\\\" width\\u003d\\\"157\\\" height\\u003d\\\"34\\\" id\\u003d\\\"ext-gen2073\\\"/\\u003e\\u003c/g\\u003e\\u003cg class\\u003d\\\"cellBg\\\" display\\u003d\\\"inherit\\\" transform\\u003d\\\"translate(749, 21)\\\"\\u003e\\u003crect x\\u003d\\\"0\\\" y\\u003d\\\"0\\\" stroke-width\\u003d\\\"2\\\" stroke\\u003d\\\"none\\\" fill\\u003d\\\"#f2f4fd\\\" pointer-events\\u003d\\\"all\\\" width\\u003d\\\"75\\\" height\\u003d\\\"34\\\" id\\u003d\\\"ext-gen2074\\\"/\\u003e\\u003c/g\\u003e\\u003cg class\\u003d\\\"cellBg\\\" display\\u003d\\\"inherit\\\" transform\\u003d\\\"translate(11, 21)\\\"\\u003e\\u003crect x\\u003d\\\"0\\\" y\\u003d\\\"0\\\" stroke-width\\u003d\\\"2\\\" stroke\\u003d\\\"none\\\" fill\\u003d\\\"#f2f4fd\\\" pointer-events\\u003d\\\"all\\\" width\\u003d\\\"731\\\" height\\u003d\\\"34\\\"/\\u003e\\u003c/g\\u003e\\u003cg class\\u003d\\\"cellBg\\\" display\\u003d\\\"inherit\\\" transform\\u003d\\\"translate(11, 21)\\\"\\u003e\\u003crect x\\u003d\\\"0\\\" y\\u003d\\\"0\\\" stroke-width\\u003d\\\"2\\\" stroke\\u003d\\\"none\\\" fill\\u003d\\\"#f2f4fd\\\" pointer-events\\u003d\\\"all\\\" width\\u003d\\\"731\\\" height\\u003d\\\"34\\\"/\\u003e\\u003c/g\\u003e\\u003cg class\\u003d\\\"cellBg\\\" display\\u003d\\\"inherit\\\" transform\\u003d\\\"translate(11, 21)\\\"\\u003e\\u003crect x\\u003d\\\"0\\\" y\\u003d\\\"0\\\" stroke-width\\u003d\\\"2\\\" stroke\\u003d\\\"none\\\" fill\\u003d\\\"#f2f4fd\\\" pointer-events\\u003d\\\"all\\\" width\\u003d\\\"731\\\" height\\u003d\\\"34\\\"/\\u003e\\u003c/g\\u003e\\u003cg class\\u003d\\\"cellBg\\\" display\\u003d\\\"inherit\\\" transform\\u003d\\\"translate(11, 21)\\\"\\u003e\\u003crect x\\u003d\\\"0\\\" y\\u003d\\\"0\\\" stroke-width\\u003d\\\"2\\\" stroke\\u003d\\\"none\\\" fill\\u003d\\\"#f2f4fd\\\" pointer-events\\u003d\\\"all\\\" width\\u003d\\\"731\\\" height\\u003d\\\"34\\\" id\\u003d\\\"ext-gen1743\\\"/\\u003e\\u003c/g\\u003e\\u003cg class\\u003d\\\"columnBackground split\\\" display\\u003d\\\"none\\\"\\u003e\\u003crect x\\u003d\\\"0\\\" y\\u003d\\\"0\\\" stroke\\u003d\\\"none\\\" fill\\u003d\\\"#e6e8f6\\\" pointer-events\\u003d\\\"none\\\"/\\u003e\\u003c/g\\u003e\\u003c/g\\u003e\\u003cg class\\u003d\\\"gridline\\\"\\u003e\\u003cg class\\u003d\\\"panelgridline\\\" display\\u003d\\\"inherit\\\"\\u003e\\u003cpath stroke-width\\u003d\\\"1\\\" stroke\\u003d\\\"silver\\\" fill\\u003d\\\"none\\\" stroke-dasharray\\u003d\\\"4,2\\\" pointer-events\\u003d\\\"none\\\" d\\u003d\\\"M 0 70 L 999 70\\\"/\\u003e\\u003c/g\\u003e\\u003cg class\\u003d\\\"panelgridline\\\" display\\u003d\\\"inherit\\\"\\u003e\\u003cpath stroke-width\\u003d\\\"1\\\" stroke\\u003d\\\"silver\\\" fill\\u003d\\\"none\\\" stroke-dasharray\\u003d\\\"4,2\\\" pointer-events\\u003d\\\"none\\\" d\\u003d\\\"M 0 130 L 999 130\\\"/\\u003e\\u003c/g\\u003e\\u003cg class\\u003d\\\"panelgridline\\\" display\\u003d\\\"inherit\\\"\\u003e\\u003cpath stroke-width\\u003d\\\"1\\\" stroke\\u003d\\\"silver\\\" fill\\u003d\\\"none\\\" stroke-dasharray\\u003d\\\"4,2\\\" pointer-events\\u003d\\\"none\\\" d\\u003d\\\"M 0 21 L 999 21\\\"/\\u003e\\u003c/g\\u003e\\u003cg class\\u003d\\\"panelgridline\\\" display\\u003d\\\"inherit\\\"\\u003e\\u003cpath stroke-width\\u003d\\\"1\\\" stroke\\u003d\\\"silver\\\" fill\\u003d\\\"none\\\" stroke-dasharray\\u003d\\\"4,2\\\" pointer-events\\u003d\\\"none\\\" d\\u003d\\\"M 0 55 L 999 55\\\"/\\u003e\\u003c/g\\u003e\\u003cg class\\u003d\\\"panelgridline\\\" display\\u003d\\\"inherit\\\"\\u003e\\u003cpath stroke-width\\u003d\\\"1\\\" stroke\\u003d\\\"silver\\\" fill\\u003d\\\"none\\\" stroke-dasharray\\u003d\\\"4,2\\\" pointer-events\\u003d\\\"none\\\" d\\u003d\\\"M913 0 L 913 151\\\"/\\u003e\\u003c/g\\u003e\\u003cg class\\u003d\\\"panelgridline\\\" display\\u003d\\\"inherit\\\"\\u003e\\u003cpath stroke-width\\u003d\\\"1\\\" stroke\\u003d\\\"silver\\\" fill\\u003d\\\"none\\\" stroke-dasharray\\u003d\\\"4,2\\\" pointer-events\\u003d\\\"none\\\" d\\u003d\\\"M988 0 L 988 151\\\"/\\u003e\\u003c/g\\u003e\\u003cg class\\u003d\\\"panelgridline\\\" display\\u003d\\\"inherit\\\"\\u003e\\u003cpath stroke-width\\u003d\\\"1\\\" stroke\\u003d\\\"silver\\\" fill\\u003d\\\"none\\\" stroke-dasharray\\u003d\\\"4,2\\\" pointer-events\\u003d\\\"none\\\" d\\u003d\\\"M831 0 L 831 151\\\"/\\u003e\\u003c/g\\u003e\\u003cg class\\u003d\\\"panelgridline\\\" display\\u003d\\\"inherit\\\"\\u003e\\u003cpath stroke-width\\u003d\\\"1\\\" stroke\\u003d\\\"silver\\\" fill\\u003d\\\"none\\\" stroke-dasharray\\u003d\\\"4,2\\\" pointer-events\\u003d\\\"none\\\" d\\u003d\\\"M906 0 L 906 151\\\"/\\u003e\\u003c/g\\u003e\\u003cg class\\u003d\\\"panelgridline\\\" display\\u003d\\\"inherit\\\"\\u003e\\u003cpath stroke-width\\u003d\\\"1\\\" stroke\\u003d\\\"silver\\\" fill\\u003d\\\"none\\\" stroke-dasharray\\u003d\\\"4,2\\\" pointer-events\\u003d\\\"none\\\" d\\u003d\\\"M749 0 L 749 151\\\"/\\u003e\\u003c/g\\u003e\\u003cg class\\u003d\\\"panelgridline\\\" display\\u003d\\\"inherit\\\"\\u003e\\u003cpath stroke-width\\u003d\\\"1\\\" stroke\\u003d\\\"silver\\\" fill\\u003d\\\"none\\\" stroke-dasharray\\u003d\\\"4,2\\\" pointer-events\\u003d\\\"none\\\" d\\u003d\\\"M824 0 L 824 151\\\"/\\u003e\\u003c/g\\u003e\\u003cg class\\u003d\\\"panelgridline\\\" display\\u003d\\\"inherit\\\"\\u003e\\u003cpath stroke-width\\u003d\\\"1\\\" stroke\\u003d\\\"silver\\\" fill\\u003d\\\"none\\\" stroke-dasharray\\u003d\\\"4,2\\\" pointer-events\\u003d\\\"none\\\" d\\u003d\\\"M667 0 L 667 151\\\"/\\u003e\\u003c/g\\u003e\\u003cg class\\u003d\\\"panelgridline\\\" display\\u003d\\\"inherit\\\"\\u003e\\u003cpath stroke-width\\u003d\\\"1\\\" stroke\\u003d\\\"silver\\\" fill\\u003d\\\"none\\\" stroke-dasharray\\u003d\\\"4,2\\\" pointer-events\\u003d\\\"none\\\" d\\u003d\\\"M742 0 L 742 151\\\"/\\u003e\\u003c/g\\u003e\\u003cg class\\u003d\\\"panelgridline\\\" display\\u003d\\\"inherit\\\"\\u003e\\u003cpath stroke-width\\u003d\\\"1\\\" stroke\\u003d\\\"silver\\\" fill\\u003d\\\"none\\\" stroke-dasharray\\u003d\\\"4,2\\\" pointer-events\\u003d\\\"none\\\" d\\u003d\\\"M585 0 L 585 151\\\"/\\u003e\\u003c/g\\u003e\\u003cg class\\u003d\\\"panelgridline\\\" display\\u003d\\\"inherit\\\"\\u003e\\u003cpath stroke-width\\u003d\\\"1\\\" stroke\\u003d\\\"silver\\\" fill\\u003d\\\"none\\\" stroke-dasharray\\u003d\\\"4,2\\\" pointer-events\\u003d\\\"none\\\" d\\u003d\\\"M660 0 L 660 151\\\"/\\u003e\\u003c/g\\u003e\\u003cg class\\u003d\\\"panelgridline\\\" display\\u003d\\\"inherit\\\"\\u003e\\u003cpath stroke-width\\u003d\\\"1\\\" stroke\\u003d\\\"silver\\\" fill\\u003d\\\"none\\\" stroke-dasharray\\u003d\\\"4,2\\\" pointer-events\\u003d\\\"none\\\" d\\u003d\\\"M503 0 L 503 151\\\"/\\u003e\\u003c/g\\u003e\\u003cg class\\u003d\\\"panelgridline\\\" display\\u003d\\\"inherit\\\"\\u003e\\u003cpath stroke-width\\u003d\\\"1\\\" stroke\\u003d\\\"silver\\\" fill\\u003d\\\"none\\\" stroke-dasharray\\u003d\\\"4,2\\\" pointer-events\\u003d\\\"none\\\" d\\u003d\\\"M578 0 L 578 151\\\"/\\u003e\\u003c/g\\u003e\\u003cg class\\u003d\\\"panelgridline\\\" display\\u003d\\\"inherit\\\"\\u003e\\u003cpath stroke-width\\u003d\\\"1\\\" stroke\\u003d\\\"silver\\\" fill\\u003d\\\"none\\\" stroke-dasharray\\u003d\\\"4,2\\\" pointer-events\\u003d\\\"none\\\" d\\u003d\\\"M421 0 L 421 151\\\"/\\u003e\\u003c/g\\u003e\\u003cg class\\u003d\\\"panelgridline\\\" display\\u003d\\\"inherit\\\"\\u003e\\u003cpath stroke-width\\u003d\\\"1\\\" stroke\\u003d\\\"silver\\\" fill\\u003d\\\"none\\\" stroke-dasharray\\u003d\\\"4,2\\\" pointer-events\\u003d\\\"none\\\" d\\u003d\\\"M496 0 L 496 151\\\"/\\u003e\\u003c/g\\u003e\\u003cg class\\u003d\\\"panelgridline\\\" display\\u003d\\\"inherit\\\"\\u003e\\u003cpath stroke-width\\u003d\\\"1\\\" stroke\\u003d\\\"silver\\\" fill\\u003d\\\"none\\\" stroke-dasharray\\u003d\\\"4,2\\\" pointer-events\\u003d\\\"none\\\" d\\u003d\\\"M339 0 L 339 151\\\"/\\u003e\\u003c/g\\u003e\\u003cg class\\u003d\\\"panelgridline\\\" display\\u003d\\\"inherit\\\"\\u003e\\u003cpath stroke-width\\u003d\\\"1\\\" stroke\\u003d\\\"silver\\\" fill\\u003d\\\"none\\\" stroke-dasharray\\u003d\\\"4,2\\\" pointer-events\\u003d\\\"none\\\" d\\u003d\\\"M414 0 L 414 151\\\"/\\u003e\\u003c/g\\u003e\\u003cg class\\u003d\\\"panelgridline\\\" display\\u003d\\\"inherit\\\"\\u003e\\u003cpath stroke-width\\u003d\\\"1\\\" stroke\\u003d\\\"silver\\\" fill\\u003d\\\"none\\\" stroke-dasharray\\u003d\\\"4,2\\\" pointer-events\\u003d\\\"none\\\" d\\u003d\\\"M257 0 L 257 151\\\"/\\u003e\\u003c/g\\u003e\\u003cg class\\u003d\\\"panelgridline\\\" display\\u003d\\\"inherit\\\"\\u003e\\u003cpath stroke-width\\u003d\\\"1\\\" stroke\\u003d\\\"silver\\\" fill\\u003d\\\"none\\\" stroke-dasharray\\u003d\\\"4,2\\\" pointer-events\\u003d\\\"none\\\" d\\u003d\\\"M332 0 L 332 151\\\"/\\u003e\\u003c/g\\u003e\\u003cg class\\u003d\\\"panelgridline\\\" display\\u003d\\\"inherit\\\"\\u003e\\u003cpath stroke-width\\u003d\\\"1\\\" stroke\\u003d\\\"silver\\\" fill\\u003d\\\"none\\\" stroke-dasharray\\u003d\\\"4,2\\\" pointer-events\\u003d\\\"none\\\" d\\u003d\\\"M175 0 L 175 151\\\"/\\u003e\\u003c/g\\u003e\\u003cg class\\u003d\\\"panelgridline\\\" display\\u003d\\\"inherit\\\"\\u003e\\u003cpath stroke-width\\u003d\\\"1\\\" stroke\\u003d\\\"silver\\\" fill\\u003d\\\"none\\\" stroke-dasharray\\u003d\\\"4,2\\\" pointer-events\\u003d\\\"none\\\" d\\u003d\\\"M250 0 L 250 151\\\"/\\u003e\\u003c/g\\u003e\\u003cg class\\u003d\\\"panelgridline\\\" display\\u003d\\\"inherit\\\"\\u003e\\u003cpath stroke-width\\u003d\\\"1\\\" stroke\\u003d\\\"silver\\\" fill\\u003d\\\"none\\\" stroke-dasharray\\u003d\\\"4,2\\\" pointer-events\\u003d\\\"none\\\" d\\u003d\\\"M93 0 L 93 151\\\"/\\u003e\\u003c/g\\u003e\\u003cg class\\u003d\\\"panelgridline\\\" display\\u003d\\\"inherit\\\"\\u003e\\u003cpath stroke-width\\u003d\\\"1\\\" stroke\\u003d\\\"silver\\\" fill\\u003d\\\"none\\\" stroke-dasharray\\u003d\\\"4,2\\\" pointer-events\\u003d\\\"none\\\" d\\u003d\\\"M168 0 L 168 151\\\"/\\u003e\\u003c/g\\u003e\\u003cg class\\u003d\\\"panelgridline\\\" display\\u003d\\\"inherit\\\"\\u003e\\u003cpath stroke-width\\u003d\\\"1\\\" stroke\\u003d\\\"silver\\\" fill\\u003d\\\"none\\\" stroke-dasharray\\u003d\\\"4,2\\\" pointer-events\\u003d\\\"none\\\" d\\u003d\\\"M11 0 L 11 151\\\"/\\u003e\\u003c/g\\u003e\\u003cg class\\u003d\\\"panelgridline\\\" display\\u003d\\\"inherit\\\"\\u003e\\u003cpath stroke-width\\u003d\\\"1\\\" stroke\\u003d\\\"silver\\\" fill\\u003d\\\"none\\\" stroke-dasharray\\u003d\\\"4,2\\\" pointer-events\\u003d\\\"none\\\" d\\u003d\\\"M86 0 L 86 151\\\"/\\u003e\\u003c/g\\u003e\\u003cg class\\u003d\\\"panelgridline\\\" display\\u003d\\\"none\\\"\\u003e\\u003cpath stroke-width\\u003d\\\"1\\\" stroke\\u003d\\\"silver\\\" fill\\u003d\\\"none\\\" stroke-dasharray\\u003d\\\"4,2\\\" pointer-events\\u003d\\\"none\\\"/\\u003e\\u003c/g\\u003e\\u003cg class\\u003d\\\"panelgridline\\\" display\\u003d\\\"none\\\"\\u003e\\u003cpath stroke-width\\u003d\\\"1\\\" stroke\\u003d\\\"silver\\\" fill\\u003d\\\"none\\\" stroke-dasharray\\u003d\\\"4,2\\\" pointer-events\\u003d\\\"none\\\"/\\u003e\\u003c/g\\u003e\\u003c/g\\u003e\\u003cg class\\u003d\\\"children\\\" style\\u003d\\\"overflow:hidden\\\"\\u003e\\u003cg id\\u003d\\\"svg-cases-auto-complete1\\\"\\u003e\\u003cg class\\u003d\\\"stencils\\\" transform\\u003d\\\"translate(15, 25)\\\"\\u003e\\u003cg class\\u003d\\\"me\\\"\\u003e\\u003cg oryx:minimumSize\\u003d\\\"25 26\\\" id\\u003d\\\"sid-AD5B7E94-8D89-472B-B5BB-7122C4C69434\\\" title\\u003d\\\"Case selection\\\"\\u003e    \\u003cdefs id\\u003d\\\"sid-AD5B7E94-8D89-472B-B5BB-7122C4C69434_sid-AD5B7E94-8D89-472B-B5BB-7122C4C69434_2\\\"\\u003e        \\u003cmarker id\\u003d\\\"sid-AD5B7E94-8D89-472B-B5BB-7122C4C69434search_marker\\\" refX\\u003d\\\"25\\\" refY\\u003d\\\"0\\\" markerWidth\\u003d\\\"20\\\" markerHeight\\u003d\\\"24\\\" stroke\\u003d\\\"#000000\\\"\\u003e          \\u003cpath d\\u003d\\\"M1 1 L1 23 Z M7 5 A 4 4 0 0 0 16 16 M7 5 A 4 4 0 0 1 16 16 M 16 16 L 22 22 Z M 16 15 L 22 21 Z\\\" oryx:anchors\\u003d\\\"left top\\\" fill\\u003d\\\"none\\\" id\\u003d\\\"sid-AD5B7E94-8D89-472B-B5BB-7122C4C69434_sid-AD5B7E94-8D89-472B-B5BB-7122C4C69434_3\\\"/\\u003e     \\u003c/marker\\u003e     \\u003cradialGradient id\\u003d\\\"sid-AD5B7E94-8D89-472B-B5BB-7122C4C69434transparent\\\" cx\\u003d\\\"10%\\\" cy\\u003d\\\"10%\\\" r\\u003d\\\"100%\\\" fx\\u003d\\\"10%\\\" fy\\u003d\\\"10%\\\"\\u003e      \\u003cstop offset\\u003d\\\"0%\\\" stop-color\\u003d\\\"#ffffff\\\" stop-opacity\\u003d\\\"0\\\" id\\u003d\\\"sid-AD5B7E94-8D89-472B-B5BB-7122C4C69434_sid-AD5B7E94-8D89-472B-B5BB-7122C4C69434_4\\\"/\\u003e      \\u003cstop offset\\u003d\\\"100%\\\" stop-color\\u003d\\\"#ffffff\\\" stop-opacity\\u003d\\\"0\\\" id\\u003d\\\"sid-AD5B7E94-8D89-472B-B5BB-7122C4C69434_sid-AD5B7E94-8D89-472B-B5BB-7122C4C69434_5\\\"/\\u003e        \\u003c/radialGradient\\u003e       \\u003c/defs\\u003e        \\u003crect id\\u003d\\\"sid-AD5B7E94-8D89-472B-B5BB-7122C4C69434bg_frame\\\" oryx:anchors\\u003d\\\"left top\\\" x\\u003d\\\"0\\\" y\\u003d\\\"0\\\" width\\u003d\\\"723\\\" height\\u003d\\\"24\\\" stroke\\u003d\\\"none\\\" fill\\u003d\\\"url(#sid-AD5B7E94-8D89-472B-B5BB-7122C4C69434transparent)\\\"/\\u003e      \\u003cg id\\u003d\\\"sid-AD5B7E94-8D89-472B-B5BB-7122C4C69434a\\\"\\u003e     \\u003crect id\\u003d\\\"sid-AD5B7E94-8D89-472B-B5BB-7122C4C69434label\\\" oryx:anchors\\u003d\\\"left top\\\" x\\u003d\\\"0\\\" y\\u003d\\\"0\\\" width\\u003d\\\"67\\\" height\\u003d\\\"24\\\" stroke\\u003d\\\"none\\\" fill\\u003d\\\"url(#sid-AD5B7E94-8D89-472B-B5BB-7122C4C69434transparent)\\\"/\\u003e     \\u003ctext id\\u003d\\\"sid-AD5B7E94-8D89-472B-B5BB-7122C4C69434label_text\\\" oryx:anchors\\u003d\\\"left top\\\" oryx:align\\u003d\\\"middle left\\\" font-size\\u003d\\\"11\\\" x\\u003d\\\"0\\\" y\\u003d\\\"12\\\" stroke\\u003d\\\"black\\\" stroke-width\\u003d\\\"0pt\\\" letter-spacing\\u003d\\\"-0.01px\\\" oryx:fontSize\\u003d\\\"11\\\" transform\\u003d\\\"rotate(0 0 12)\\\" text-anchor\\u003d\\\"start\\\"\\u003e\\u003ctspan dy\\u003d\\\"4\\\" x\\u003d\\\"0\\\" y\\u003d\\\"12\\\" id\\u003d\\\"ext-gen1746\\\"\\u003eSelect Case\\u003c/tspan\\u003e\\u003c/text\\u003e    \\u003c/g\\u003e        \\u003cg id\\u003d\\\"sid-AD5B7E94-8D89-472B-B5BB-7122C4C69434b\\\" stroke\\u003d\\\"#000000\\\"\\u003e        \\u003cpath id\\u003d\\\"sid-AD5B7E94-8D89-472B-B5BB-7122C4C69434input\\\" oryx:anchors\\u003d\\\"left top\\\" d\\u003d\\\" M723 0  L723 24  L77 24  L77 0  L723 0  z\\\" marker-end\\u003d\\\"url(#sid-AD5B7E94-8D89-472B-B5BB-7122C4C69434search_marker)\\\" fill\\u003d\\\"none\\\" style\\u003d\\\"opacity:0.9999;\\\"/\\u003e              \\u003ctext id\\u003d\\\"sid-AD5B7E94-8D89-472B-B5BB-7122C4C69434input_text\\\" oryx:anchors\\u003d\\\"left top\\\" oryx:align\\u003d\\\"middle left\\\" font-size\\u003d\\\"11\\\" x\\u003d\\\"82\\\" y\\u003d\\\"12\\\" stroke\\u003d\\\"black\\\" fill\\u003d\\\"gray\\\" font-style\\u003d\\\"italic\\\" stroke-width\\u003d\\\"0pt\\\" letter-spacing\\u003d\\\"-0.01px\\\" oryx:fontSize\\u003d\\\"11\\\" transform\\u003d\\\"rotate(0 82 12)\\\" text-anchor\\u003d\\\"start\\\"\\u003e\\u003ctspan dy\\u003d\\\"4\\\" x\\u003d\\\"82\\\" y\\u003d\\\"12\\\" id\\u003d\\\"ext-gen1745\\\"\\u003e{{selectedCaseId}}\\u003c/tspan\\u003e\\u003c/text\\u003e    \\u003c/g\\u003e        \\u003cg id\\u003d\\\"sid-AD5B7E94-8D89-472B-B5BB-7122C4C69434c\\\" transform\\u003d\\\"translate(1,8)\\\"\\u003e     \\u003cpath id\\u003d\\\"sid-AD5B7E94-8D89-472B-B5BB-7122C4C69434mandatory_Indicator\\\" oryx:anchors\\u003d\\\"middle left\\\" d\\u003d\\\"m14.30275,11.94655l-2.49912,0l-0.77223,2.37422l-0.77227,-2.37422l-2.49912,0l2.02183,-1.46721l-0.77229,-2.37417l2.02184,1.46732l2.02183,-1.46732l-0.77232,2.37417l2.02184,1.46721z\\\" stroke\\u003d\\\"#ff0000\\\" fill\\u003d\\\"#ff0000\\\" display\\u003d\\\"none\\\" style\\u003d\\\"cursor:pointer\\\"/\\u003e    \\u003c/g\\u003e        \\u003cg id\\u003d\\\"sid-AD5B7E94-8D89-472B-B5BB-7122C4C69434d\\\"\\u003e     \\u003cpath id\\u003d\\\"sid-AD5B7E94-8D89-472B-B5BB-7122C4C69434feedback_Indicator\\\" oryx:anchors\\u003d\\\"left top\\\" d\\u003d\\\"M300,15 320,15 310,0 Z M310 4 L310 10 Z M310 11 L310 13 Z\\\" stroke\\u003d\\\"black\\\" fill\\u003d\\\"#ff0000\\\" display\\u003d\\\"none\\\"/\\u003e    \\u003c/g\\u003e          \\u003cg id\\u003d\\\"sid-AD5B7E94-8D89-472B-B5BB-7122C4C69434e\\\"\\u003e     \\u003crect id\\u003d\\\"sid-AD5B7E94-8D89-472B-B5BB-7122C4C69434desc\\\" oryx:anchors\\u003d\\\"left top\\\" stroke\\u003d\\\"none\\\" fill\\u003d\\\"url(#sid-AD5B7E94-8D89-472B-B5BB-7122C4C69434transparent)\\\" x\\u003d\\\"77\\\" y\\u003d\\\"0\\\" height\\u003d\\\"24\\\" width\\u003d\\\"646\\\" display\\u003d\\\"none\\\"/\\u003e     \\u003ctext id\\u003d\\\"sid-AD5B7E94-8D89-472B-B5BB-7122C4C69434desc_text\\\" oryx:anchors\\u003d\\\"left top\\\" oryx:align\\u003d\\\"middle left\\\" font-size\\u003d\\\"11\\\" x\\u003d\\\"77\\\" y\\u003d\\\"12\\\" stroke\\u003d\\\"black\\\" fill\\u003d\\\"gray\\\" font-style\\u003d\\\"italic\\\" display\\u003d\\\"none\\\" stroke-width\\u003d\\\"0pt\\\" letter-spacing\\u003d\\\"-0.01px\\\" oryx:fontSize\\u003d\\\"11\\\" transform\\u003d\\\"rotate(0 77 12)\\\" text-anchor\\u003d\\\"start\\\"/\\u003e    \\u003c/g\\u003e         \\u003c/g\\u003e\\u003c/g\\u003e\\u003cg class\\u003d\\\"children\\\" style\\u003d\\\"overflow:hidden\\\"/\\u003e\\u003cg class\\u003d\\\"edge\\\"/\\u003e\\u003cpath id\\u003d\\\"warningId-sid-AD5B7E94-8D89-472B-B5BB-7122C4C69434\\\" class\\u003d\\\"validationError\\\" title\\u003d\\\"\\\" stroke-width\\u003d\\\"1\\\" stroke\\u003d\\\"red\\\" fill\\u003d\\\"yellow\\\" d\\u003d\\\"M5,-5 L20,-5 L12,-20 z M12,-15 L12,-10 M12,-9 L12,-7\\\" line-captions\\u003d\\\"round\\\" style\\u003d\\\"cursor:pointer\\\" display\\u003d\\\"none\\\"/\\u003e\\u003c/g\\u003e\\u003cg class\\u003d\\\"controls\\\"\\u003e\\u003cg class\\u003d\\\"dockers\\\"/\\u003e\\u003cg class\\u003d\\\"magnets\\\" transform\\u003d\\\"translate(15, 25)\\\"\\u003e\\u003cg pointer-events\\u003d\\\"all\\\" display\\u003d\\\"none\\\" transform\\u003d\\\"translate(932.5301096429575, 7.256944444444443)\\\"\\u003e\\u003ccircle cx\\u003d\\\"8\\\" cy\\u003d\\\"8\\\" r\\u003d\\\"4\\\" stroke\\u003d\\\"none\\\" fill\\u003d\\\"red\\\" fill-opacity\\u003d\\\"0.3\\\"/\\u003e\\u003c/g\\u003e\\u003c/g\\u003e\\u003c/g\\u003e\\u003c/g\\u003e\\u003cg id\\u003d\\\"svg-open-tasks-in-case-list1\\\"\\u003e\\u003cg class\\u003d\\\"stencils\\\" transform\\u003d\\\"translate(15, 74)\\\"\\u003e\\u003cg class\\u003d\\\"me\\\"\\u003e\\u003cg oryx:minimumSize\\u003d\\\"24 26\\\" id\\u003d\\\"sid-29D2A3E5-6DF5-4505-A298-D45E9CD40D79\\\" title\\u003d\\\"Open tasks in case\\\"\\u003e    \\u003cdefs id\\u003d\\\"sid-29D2A3E5-6DF5-4505-A298-D45E9CD40D79_sid-29D2A3E5-6DF5-4505-A298-D45E9CD40D79_2\\\"\\u003e          \\u003cradialGradient id\\u003d\\\"sid-29D2A3E5-6DF5-4505-A298-D45E9CD40D79transparent\\\" cx\\u003d\\\"10%\\\" cy\\u003d\\\"10%\\\" r\\u003d\\\"100%\\\" fx\\u003d\\\"10%\\\" fy\\u003d\\\"10%\\\"\\u003e      \\u003cstop offset\\u003d\\\"0%\\\" stop-color\\u003d\\\"#ffffff\\\" stop-opacity\\u003d\\\"0\\\" id\\u003d\\\"sid-29D2A3E5-6DF5-4505-A298-D45E9CD40D79_sid-29D2A3E5-6DF5-4505-A298-D45E9CD40D79_3\\\"/\\u003e      \\u003cstop offset\\u003d\\\"100%\\\" stop-color\\u003d\\\"#ffffff\\\" stop-opacity\\u003d\\\"0\\\" id\\u003d\\\"sid-29D2A3E5-6DF5-4505-A298-D45E9CD40D79_sid-29D2A3E5-6DF5-4505-A298-D45E9CD40D79_4\\\"/\\u003e       \\u003c/radialGradient\\u003e         \\u003cmarker id\\u003d\\\"sid-29D2A3E5-6DF5-4505-A298-D45E9CD40D79itemlist_marker\\\" markerWidth\\u003d\\\"12\\\" markerHeight\\u003d\\\"12\\\" orient\\u003d\\\"auto\\\"\\u003e      \\u003ccircle cx\\u003d\\\"5\\\" cy\\u003d\\\"6\\\" r\\u003d\\\"2\\\" oryx:anchors\\u003d\\\"left top\\\" stroke\\u003d\\\"black\\\" fill\\u003d\\\"black\\\" id\\u003d\\\"sid-29D2A3E5-6DF5-4505-A298-D45E9CD40D79_sid-29D2A3E5-6DF5-4505-A298-D45E9CD40D79_5\\\"/\\u003e     \\u003c/marker\\u003e      \\u003c/defs\\u003e      \\u003crect id\\u003d\\\"sid-29D2A3E5-6DF5-4505-A298-D45E9CD40D79bg_frame\\\" oryx:anchors\\u003d\\\"left top\\\" x\\u003d\\\"0\\\" y\\u003d\\\"0\\\" width\\u003d\\\"969\\\" height\\u003d\\\"52\\\" stroke\\u003d\\\"none\\\" fill\\u003d\\\"url(#sid-29D2A3E5-6DF5-4505-A298-D45E9CD40D79transparent)\\\"/\\u003e      \\u003cg id\\u003d\\\"sid-29D2A3E5-6DF5-4505-A298-D45E9CD40D79a\\\"\\u003e     \\u003crect id\\u003d\\\"sid-29D2A3E5-6DF5-4505-A298-D45E9CD40D79label\\\" oryx:anchors\\u003d\\\"left top\\\" x\\u003d\\\"0\\\" y\\u003d\\\"0\\\" width\\u003d\\\"0\\\" height\\u003d\\\"24\\\" stroke\\u003d\\\"none\\\" fill\\u003d\\\"url(#sid-29D2A3E5-6DF5-4505-A298-D45E9CD40D79transparent)\\\" display\\u003d\\\"none\\\"/\\u003e     \\u003ctext id\\u003d\\\"sid-29D2A3E5-6DF5-4505-A298-D45E9CD40D79label_text\\\" oryx:anchors\\u003d\\\"left top\\\" font-size\\u003d\\\"11\\\" x\\u003d\\\"0\\\" y\\u003d\\\"12\\\" oryx:align\\u003d\\\"middle left\\\" stroke\\u003d\\\"black\\\" stroke-width\\u003d\\\"0pt\\\" letter-spacing\\u003d\\\"-0.01px\\\" oryx:fontSize\\u003d\\\"11\\\" display\\u003d\\\"none\\\" transform\\u003d\\\"rotate(0 0 12)\\\" text-anchor\\u003d\\\"start\\\"/\\u003e    \\u003c/g\\u003e        \\u003cg id\\u003d\\\"sid-29D2A3E5-6DF5-4505-A298-D45E9CD40D79b\\\" stroke\\u003d\\\"#000000\\\"\\u003e           \\u003crect id\\u003d\\\"sid-29D2A3E5-6DF5-4505-A298-D45E9CD40D79input\\\" oryx:anchors\\u003d\\\"left top\\\" fill\\u003d\\\"#F5F5F5\\\" x\\u003d\\\"0\\\" y\\u003d\\\"0\\\" height\\u003d\\\"52\\\" width\\u003d\\\"969\\\"/\\u003e     \\u003ctext id\\u003d\\\"sid-29D2A3E5-6DF5-4505-A298-D45E9CD40D79input_text\\\" oryx:anchors\\u003d\\\"left top\\\" oryx:align\\u003d\\\"middle left\\\" font-size\\u003d\\\"11\\\" x\\u003d\\\"5\\\" y\\u003d\\\"45\\\" refX\\u003d\\\"0\\\" refY\\u003d\\\"33\\\" stroke\\u003d\\\"black\\\" fill\\u003d\\\"gray\\\" font-style\\u003d\\\"italic\\\" stroke-width\\u003d\\\"0pt\\\" letter-spacing\\u003d\\\"-0.01px\\\" oryx:fontSize\\u003d\\\"11\\\" transform\\u003d\\\"rotate(0 5 45)\\\" text-anchor\\u003d\\\"start\\\"/\\u003e     \\u003cpath id\\u003d\\\"sid-29D2A3E5-6DF5-4505-A298-D45E9CD40D79input_dependentitemlist_0\\\" d\\u003d\\\" M5 5  L17 5 \\\" stroke\\u003d\\\"none\\\" fill\\u003d\\\"#ffffff\\\" marker-start\\u003d\\\"url(#sid-29D2A3E5-6DF5-4505-A298-D45E9CD40D79itemlist_marker)\\\" refX\\u003d\\\"5\\\" refY\\u003d\\\"5\\\" oryx:anchors\\u003d\\\"left top\\\" style\\u003d\\\"opacity:0.9999;\\\"/\\u003e     \\u003ctext id\\u003d\\\"sid-29D2A3E5-6DF5-4505-A298-D45E9CD40D79input_dependent_textitemlist_0\\\" width\\u003d\\\"48\\\" height\\u003d\\\"24\\\" x\\u003d\\\"22\\\" y\\u003d\\\"10\\\" font-size\\u003d\\\"12px\\\" stroke-width\\u003d\\\"0pt\\\" stroke\\u003d\\\"black\\\" refX\\u003d\\\"22\\\" refY\\u003d\\\"10\\\" oryx:anchors\\u003d\\\"left top\\\" oryx:align\\u003d\\\"middle left\\\" letter-spacing\\u003d\\\"-0.01px\\\" transform\\u003d\\\"rotate(0 22 10)\\\" oryx:fontSize\\u003d\\\"12\\\" text-anchor\\u003d\\\"start\\\"\\u003e\\u003ctspan dy\\u003d\\\"5\\\" x\\u003d\\\"22\\\" y\\u003d\\\"10\\\" id\\u003d\\\"ext-gen1747\\\"\\u003eItem 1\\u003c/tspan\\u003e\\u003c/text\\u003e     \\u003cpath id\\u003d\\\"sid-29D2A3E5-6DF5-4505-A298-D45E9CD40D79input_dependentitemlist_1\\\" d\\u003d\\\" M5 28  L17 28 \\\" stroke\\u003d\\\"none\\\" fill\\u003d\\\"#ffffff\\\" marker-start\\u003d\\\"url(#sid-29D2A3E5-6DF5-4505-A298-D45E9CD40D79itemlist_marker)\\\" refX\\u003d\\\"5\\\" refY\\u003d\\\"28\\\" oryx:anchors\\u003d\\\"left top\\\" style\\u003d\\\"opacity:0.9999;\\\"/\\u003e     \\u003ctext id\\u003d\\\"sid-29D2A3E5-6DF5-4505-A298-D45E9CD40D79input_dependent_textitemlist_1\\\" width\\u003d\\\"48\\\" height\\u003d\\\"24\\\" x\\u003d\\\"22\\\" y\\u003d\\\"33\\\" font-size\\u003d\\\"12px\\\" stroke-width\\u003d\\\"0pt\\\" stroke\\u003d\\\"black\\\" refX\\u003d\\\"22\\\" refY\\u003d\\\"33\\\" oryx:anchors\\u003d\\\"left top\\\" oryx:align\\u003d\\\"middle left\\\" letter-spacing\\u003d\\\"-0.01px\\\" transform\\u003d\\\"rotate(0 22 33)\\\" oryx:fontSize\\u003d\\\"12\\\" text-anchor\\u003d\\\"start\\\"\\u003e\\u003ctspan dy\\u003d\\\"5\\\" x\\u003d\\\"22\\\" y\\u003d\\\"33\\\" id\\u003d\\\"ext-gen1748\\\"\\u003eItem 2\\u003c/tspan\\u003e\\u003c/text\\u003e    \\u003c/g\\u003e          \\u003cg id\\u003d\\\"sid-29D2A3E5-6DF5-4505-A298-D45E9CD40D79c\\\" transform\\u003d\\\"translate(1,8)\\\"\\u003e     \\u003cpath id\\u003d\\\"sid-29D2A3E5-6DF5-4505-A298-D45E9CD40D79mandatory_Indicator\\\" oryx:anchors\\u003d\\\"middle left\\\" d\\u003d\\\" m14.30275 7.435585057471265  l-2.49912 0  l-0.77223 2.37422  l-0.77227 -2.37422  l-2.49912 0  l2.02183 -1.46721  l-0.77229 -2.37417  l2.02184 1.46732  l2.02183 -1.46732  l-0.77232 2.37417  l2.02184 1.46721  z\\\" stroke\\u003d\\\"#ff0000\\\" fill\\u003d\\\"#ff0000\\\" display\\u003d\\\"none\\\" style\\u003d\\\"cursor:pointer\\\"/\\u003e    \\u003c/g\\u003e      \\u003cg id\\u003d\\\"sid-29D2A3E5-6DF5-4505-A298-D45E9CD40D79d\\\"\\u003e     \\u003cpath id\\u003d\\\"sid-29D2A3E5-6DF5-4505-A298-D45E9CD40D79feedback_Indicator\\\" oryx:anchors\\u003d\\\"left top\\\" d\\u003d\\\"M300,15 320,15 310,0 Z M310 4 L310 10 Z M310 11 L310 13 Z\\\" stroke\\u003d\\\"black\\\" fill\\u003d\\\"#ff0000\\\" display\\u003d\\\"none\\\"/\\u003e    \\u003c/g\\u003e        \\u003cg id\\u003d\\\"sid-29D2A3E5-6DF5-4505-A298-D45E9CD40D79e\\\"\\u003e     \\u003crect id\\u003d\\\"sid-29D2A3E5-6DF5-4505-A298-D45E9CD40D79desc\\\" oryx:anchors\\u003d\\\"left top\\\" stroke\\u003d\\\"none\\\" fill\\u003d\\\"url(#sid-29D2A3E5-6DF5-4505-A298-D45E9CD40D79transparent)\\\" x\\u003d\\\"0\\\" y\\u003d\\\"0\\\" height\\u003d\\\"24\\\" width\\u003d\\\"969\\\" display\\u003d\\\"none\\\"/\\u003e     \\u003ctext id\\u003d\\\"sid-29D2A3E5-6DF5-4505-A298-D45E9CD40D79desc_text\\\" oryx:anchors\\u003d\\\"left top\\\" oryx:align\\u003d\\\"middle left\\\" font-size\\u003d\\\"11\\\" x\\u003d\\\"0\\\" y\\u003d\\\"26\\\" stroke\\u003d\\\"black\\\" fill\\u003d\\\"gray\\\" font-style\\u003d\\\"italic\\\" display\\u003d\\\"none\\\" stroke-width\\u003d\\\"0pt\\\" letter-spacing\\u003d\\\"-0.01px\\\" oryx:fontSize\\u003d\\\"11\\\" transform\\u003d\\\"rotate(0 0 26)\\\" text-anchor\\u003d\\\"start\\\"/\\u003e    \\u003c/g\\u003e       \\u003c/g\\u003e\\u003c/g\\u003e\\u003cg class\\u003d\\\"children\\\" style\\u003d\\\"overflow:hidden\\\"/\\u003e\\u003cg class\\u003d\\\"edge\\\"/\\u003e\\u003cpath id\\u003d\\\"warningId-sid-29D2A3E5-6DF5-4505-A298-D45E9CD40D79\\\" class\\u003d\\\"validationError\\\" title\\u003d\\\"\\\" stroke-width\\u003d\\\"1\\\" stroke\\u003d\\\"red\\\" fill\\u003d\\\"yellow\\\" d\\u003d\\\"M5,-5 L20,-5 L12,-20 z M12,-15 L12,-10 M12,-9 L12,-7\\\" line-captions\\u003d\\\"round\\\" style\\u003d\\\"cursor:pointer\\\" display\\u003d\\\"none\\\"/\\u003e\\u003c/g\\u003e\\u003cg class\\u003d\\\"controls\\\"\\u003e\\u003cg class\\u003d\\\"dockers\\\"/\\u003e\\u003cg class\\u003d\\\"magnets\\\" transform\\u003d\\\"translate(15, 74)\\\"\\u003e\\u003cg pointer-events\\u003d\\\"all\\\" display\\u003d\\\"none\\\" transform\\u003d\\\"translate(2339.4024999999997, 18.000000000000004)\\\"\\u003e\\u003ccircle cx\\u003d\\\"8\\\" cy\\u003d\\\"8\\\" r\\u003d\\\"4\\\" stroke\\u003d\\\"none\\\" fill\\u003d\\\"red\\\" fill-opacity\\u003d\\\"0.3\\\"/\\u003e\\u003c/g\\u003e\\u003c/g\\u003e\\u003c/g\\u003e\\u003c/g\\u003e\\u003cg id\\u003d\\\"svg-cloud-link-button-create1\\\"\\u003e\\u003cg class\\u003d\\\"stencils\\\" transform\\u003d\\\"translate(835, 25)\\\"\\u003e\\u003cg class\\u003d\\\"me\\\"\\u003e\\u003cg oryx:minimumSize\\u003d\\\"20 26\\\" id\\u003d\\\"sid-6A11E949-A94E-4A95-A4B5-87A9C70F1A37\\\" title\\u003d\\\"Create button\\\"\\u003e    \\u003cdefs id\\u003d\\\"sid-6A11E949-A94E-4A95-A4B5-87A9C70F1A37_sid-6A11E949-A94E-4A95-A4B5-87A9C70F1A37_2\\\"\\u003e       \\u003cradialGradient id\\u003d\\\"sid-6A11E949-A94E-4A95-A4B5-87A9C70F1A37transparent\\\" cx\\u003d\\\"10%\\\" cy\\u003d\\\"10%\\\" r\\u003d\\\"100%\\\" fx\\u003d\\\"10%\\\" fy\\u003d\\\"10%\\\"\\u003e      \\u003cstop offset\\u003d\\\"0%\\\" stop-color\\u003d\\\"#ffffff\\\" stop-opacity\\u003d\\\"0\\\" id\\u003d\\\"sid-6A11E949-A94E-4A95-A4B5-87A9C70F1A37_sid-6A11E949-A94E-4A95-A4B5-87A9C70F1A37_3\\\"/\\u003e      \\u003cstop offset\\u003d\\\"100%\\\" stop-color\\u003d\\\"#ffffff\\\" stop-opacity\\u003d\\\"0\\\" id\\u003d\\\"sid-6A11E949-A94E-4A95-A4B5-87A9C70F1A37_sid-6A11E949-A94E-4A95-A4B5-87A9C70F1A37_4\\\"/\\u003e       \\u003c/radialGradient\\u003e      \\u003c/defs\\u003e      \\u003crect id\\u003d\\\"sid-6A11E949-A94E-4A95-A4B5-87A9C70F1A37bg_frame\\\" oryx:anchors\\u003d\\\"left top\\\" x\\u003d\\\"0\\\" y\\u003d\\\"0\\\" width\\u003d\\\"149\\\" height\\u003d\\\"24\\\" stroke\\u003d\\\"none\\\" fill\\u003d\\\"url(#sid-6A11E949-A94E-4A95-A4B5-87A9C70F1A37transparent)\\\"/\\u003e      \\u003cg id\\u003d\\\"sid-6A11E949-A94E-4A95-A4B5-87A9C70F1A37a\\\"\\u003e                \\u003crect id\\u003d\\\"sid-6A11E949-A94E-4A95-A4B5-87A9C70F1A37label\\\" oryx:anchors\\u003d\\\"left top\\\" x\\u003d\\\"0\\\" y\\u003d\\\"0\\\" width\\u003d\\\"0\\\" height\\u003d\\\"24\\\" stroke\\u003d\\\"none\\\" fill\\u003d\\\"url(#sid-6A11E949-A94E-4A95-A4B5-87A9C70F1A37transparent)\\\" display\\u003d\\\"none\\\"/\\u003e                \\u003ctext id\\u003d\\\"sid-6A11E949-A94E-4A95-A4B5-87A9C70F1A37label_text\\\" oryx:anchors\\u003d\\\"left top\\\" font-size\\u003d\\\"11\\\" x\\u003d\\\"0\\\" y\\u003d\\\"12\\\" oryx:align\\u003d\\\"middle left\\\" stroke\\u003d\\\"black\\\" stroke-width\\u003d\\\"0pt\\\" letter-spacing\\u003d\\\"-0.01px\\\" oryx:fontSize\\u003d\\\"11\\\" display\\u003d\\\"none\\\" transform\\u003d\\\"rotate(0 0 12)\\\" text-anchor\\u003d\\\"start\\\"/\\u003e            \\u003c/g\\u003e    \\u003cg id\\u003d\\\"sid-6A11E949-A94E-4A95-A4B5-87A9C70F1A37b\\\" stroke\\u003d\\\"#000000\\\"\\u003e     \\u003crect id\\u003d\\\"sid-6A11E949-A94E-4A95-A4B5-87A9C70F1A37input\\\" oryx:anchors\\u003d\\\"left top\\\" stroke-width\\u003d\\\"1\\\" fill\\u003d\\\"#dedede\\\" x\\u003d\\\"0\\\" rx\\u003d\\\"5\\\" y\\u003d\\\"0\\\" height\\u003d\\\"24\\\" width\\u003d\\\"149\\\"/\\u003e     \\u003ctext id\\u003d\\\"sid-6A11E949-A94E-4A95-A4B5-87A9C70F1A37input_text\\\" oryx:anchors\\u003d\\\"left top\\\" font-size\\u003d\\\"11\\\" x\\u003d\\\"41\\\" y\\u003d\\\"12\\\" oryx:align\\u003d\\\"middle left\\\" halign\\u003d\\\"center\\\" valign\\u003d\\\"middle\\\" stroke\\u003d\\\"black\\\" stroke-width\\u003d\\\"0pt\\\" letter-spacing\\u003d\\\"-0.01px\\\" oryx:fontSize\\u003d\\\"11\\\" transform\\u003d\\\"rotate(0 41 12)\\\" text-anchor\\u003d\\\"start\\\"\\u003e\\u003ctspan dy\\u003d\\\"4\\\" x\\u003d\\\"41\\\" y\\u003d\\\"12\\\" id\\u003d\\\"ext-gen1942\\\"\\u003eRegistration\\u003c/tspan\\u003e\\u003c/text\\u003e    \\u003c/g\\u003e    \\u003cg id\\u003d\\\"sid-6A11E949-A94E-4A95-A4B5-87A9C70F1A37e\\\"\\u003e                \\u003crect id\\u003d\\\"sid-6A11E949-A94E-4A95-A4B5-87A9C70F1A37desc\\\" oryx:anchors\\u003d\\\"left top\\\" stroke\\u003d\\\"none\\\" fill\\u003d\\\"url(#sid-6A11E949-A94E-4A95-A4B5-87A9C70F1A37transparent)\\\" x\\u003d\\\"0\\\" y\\u003d\\\"0\\\" height\\u003d\\\"24\\\" width\\u003d\\\"149\\\" display\\u003d\\\"none\\\"/\\u003e                \\u003ctext id\\u003d\\\"sid-6A11E949-A94E-4A95-A4B5-87A9C70F1A37desc_text\\\" oryx:anchors\\u003d\\\"left top\\\" oryx:align\\u003d\\\"middle left\\\" font-size\\u003d\\\"11\\\" x\\u003d\\\"0\\\" y\\u003d\\\"12\\\" stroke\\u003d\\\"black\\\" fill\\u003d\\\"gray\\\" font-style\\u003d\\\"italic\\\" display\\u003d\\\"none\\\" stroke-width\\u003d\\\"0pt\\\" letter-spacing\\u003d\\\"-0.01px\\\" oryx:fontSize\\u003d\\\"11\\\" transform\\u003d\\\"rotate(0 0 12)\\\" text-anchor\\u003d\\\"start\\\"/\\u003e           \\u003c/g\\u003e   \\u003c/g\\u003e\\u003c/g\\u003e\\u003cg class\\u003d\\\"children\\\" style\\u003d\\\"overflow:hidden\\\"/\\u003e\\u003cg class\\u003d\\\"edge\\\"/\\u003e\\u003cpath id\\u003d\\\"warningId-sid-6A11E949-A94E-4A95-A4B5-87A9C70F1A37\\\" class\\u003d\\\"validationError\\\" title\\u003d\\\"\\\" stroke-width\\u003d\\\"1\\\" stroke\\u003d\\\"red\\\" fill\\u003d\\\"yellow\\\" d\\u003d\\\"M5,-5 L20,-5 L12,-20 z M12,-15 L12,-10 M12,-9 L12,-7\\\" line-captions\\u003d\\\"round\\\" style\\u003d\\\"cursor:pointer\\\" display\\u003d\\\"none\\\"/\\u003e\\u003c/g\\u003e\\u003cg class\\u003d\\\"controls\\\"\\u003e\\u003cg class\\u003d\\\"dockers\\\"/\\u003e\\u003cg class\\u003d\\\"magnets\\\" transform\\u003d\\\"translate(835, 25)\\\"\\u003e\\u003cg pointer-events\\u003d\\\"all\\\" display\\u003d\\\"none\\\" transform\\u003d\\\"translate(47.5025, 7.256944444444443)\\\"\\u003e\\u003ccircle cx\\u003d\\\"8\\\" cy\\u003d\\\"8\\\" r\\u003d\\\"4\\\" stroke\\u003d\\\"none\\\" fill\\u003d\\\"red\\\" fill-opacity\\u003d\\\"0.3\\\"/\\u003e\\u003c/g\\u003e\\u003c/g\\u003e\\u003c/g\\u003e\\u003c/g\\u003e\\u003c/g\\u003e\\u003cg class\\u003d\\\"edge\\\"/\\u003e\\u003cpath id\\u003d\\\"warningId-sid-E2A6AD7E-47DE-4783-B5B0-791D490EE038\\\" class\\u003d\\\"validationError\\\" title\\u003d\\\"\\\" stroke-width\\u003d\\\"1\\\" stroke\\u003d\\\"red\\\" fill\\u003d\\\"yellow\\\" d\\u003d\\\"M5,-5 L20,-5 L12,-20 z M12,-15 L12,-10 M12,-9 L12,-7\\\" line-captions\\u003d\\\"round\\\" style\\u003d\\\"cursor:pointer\\\" display\\u003d\\\"none\\\"/\\u003e\\u003cg class\\u003d\\\"panelcell\\\" display\\u003d\\\"none\\\"\\u003e\\u003crect x\\u003d\\\"0\\\" y\\u003d\\\"0\\\" stroke-width\\u003d\\\"2\\\" stroke\\u003d\\\"#00ff00\\\" fill\\u003d\\\"none\\\" pointer-events\\u003d\\\"none\\\"/\\u003e\\u003c/g\\u003e\\u003c/g\\u003e\\u003cg class\\u003d\\\"controls\\\"\\u003e\\u003cg class\\u003d\\\"dockers\\\"/\\u003e\\u003cg class\\u003d\\\"magnets\\\" transform\\u003d\\\"translate(50, 50)\\\"\\u003e\\u003cg pointer-events\\u003d\\\"all\\\" display\\u003d\\\"none\\\" transform\\u003d\\\"translate(491.50000000000017, 67.5)\\\"\\u003e\\u003ccircle cx\\u003d\\\"8\\\" cy\\u003d\\\"8\\\" r\\u003d\\\"4\\\" stroke\\u003d\\\"none\\\" fill\\u003d\\\"red\\\" fill-opacity\\u003d\\\"0.3\\\"/\\u003e\\u003c/g\\u003e\\u003c/g\\u003e\\u003c/g\\u003e\\u003c/g\\u003e\\u003c/g\\u003e\\u003cg class\\u003d\\\"edge\\\"/\\u003e\\u003c/g\\u003e\\u003c/g\\u003e\\u003c/svg\\u003e\",\"modelRuntimeJson\":\"{\\\"rows\\\":[{\\\"cols\\\":[{\\\"isRequired\\\":false,\\\"extraSettings\\\":{\\\"queryUrl\\\":\\\"type:CAS state:open sort:name\\\",\\\"preselectAll\\\":false,\\\"tagsEnabled\\\":false,\\\"type\\\":\\\"one\\\",\\\"linkTargetView\\\":\\\"browse\\\",\\\"target\\\":\\\"_self\\\"},\\\"size\\\":9,\\\"labelAlign\\\":\\\"left\\\",\\\"editable\\\":true,\\\"id\\\":\\\"cases-auto-complete1\\\",\\\"isVisible\\\":true,\\\"label\\\":\\\"Select Case\\\",\\\"type\\\":\\\"autoComplete\\\",\\\"value\\\":\\\"{{selectedCaseId}}\\\",\\\"helpMessage\\\":{\\\"position\\\":\\\"bottom\\\"},\\\"i18n\\\":{\\\"fr\\\":{\\\"label\\\":\\\"Select Case\\\"}}},{\\\"size\\\":1,\\\"type\\\":\\\"\\\"},{\\\"isRequired\\\":false,\\\"extraSettings\\\":{\\\"iconAlignment\\\":\\\"right\\\",\\\"hideSelectors\\\":false,\\\"workItemType\\\":\\\"CAS\\\",\\\"type\\\":\\\"create\\\",\\\"alignment\\\":\\\"left\\\",\\\"showAsButton\\\":true,\\\"workItemModel\\\":\\\"dc26a1cb-8797-4029-a97d-b66d8b37535c\\\",\\\"target\\\":\\\"_self\\\"},\\\"size\\\":2,\\\"labelAlign\\\":\\\"left\\\",\\\"editable\\\":false,\\\"id\\\":\\\"cloud-link-button-create1\\\",\\\"isVisible\\\":true,\\\"type\\\":\\\"linkButton\\\",\\\"value\\\":\\\"Registration\\\",\\\"i18n\\\":{\\\"fr\\\":{\\\"value\\\":\\\"Registration\\\"}},\\\"helpMessage\\\":{\\\"position\\\":\\\"bottom\\\"}}]},{\\\"cols\\\":[{\\\"isRequired\\\":false,\\\"extraSettings\\\":{\\\"queryUrl\\\":\\\"type:TSK state:open parent:{{root.id}} sort:creation:asc\\\",\\\"formatItem\\\":\\\"item.name\\\",\\\"type\\\":\\\"ONE\\\",\\\"title\\\":\\\"Open Tasks\\\",\\\"collapsible\\\":false,\\\"linkTargetView\\\":\\\"browse\\\"},\\\"size\\\":12,\\\"labelAlign\\\":\\\"left\\\",\\\"editable\\\":false,\\\"id\\\":\\\"open-tasks-in-case-list1\\\",\\\"isVisible\\\":\\\"{{root.id}}\\\",\\\"type\\\":\\\"itemsList\\\",\\\"helpMessage\\\":{\\\"position\\\":\\\"bottom\\\"},\\\"i18n\\\":{\\\"fr\\\":{\\\"extraSettings\\\":{\\\"title\\\":\\\"Open Tasks\\\"}}}}]}]}\",\"modelRevisionTime\":\"1473683111065\",\"comment\":\"\"}"
  }, {
    "name" : "_revisions",
    "type" : "java.lang.String",
    "value" : "{\"1473679765964\":\"34f9ad60-3ebf-4e18-a12e-e5d9f9e3d428\",\"1473679941054\":\"861c085a-fb92-4b42-9cf6-f33421dcda2b\"}"
  }, {
    "name" : "description",
    "type" : null,
    "value" : null
  }, {
    "name" : "guid",
    "type" : "java.lang.String",
    "value" : "420f7701-b7f1-4491-b0d8-888a6e6e72f1"
  }, {
    "name" : "key",
    "type" : "java.lang.String",
    "value" : "edoras-888a6e6e72f1"
  } ],
  "stateUpdateTime" : null,
  "subStateUpdateTime" : "2016-09-12T12:51:29.124Z",
  "ownerId" : "GEAR-16720586-e205-40d1-a4b6-f25d5df185a4",
  "assigneeId" : "GEAR-16720586-e205-40d1-a4b6-f25d5df185a4",
  "initialAssigneeId" : "GEAR-16720586-e205-40d1-a4b6-f25d5df185a4",
  "previousAssigneeId" : null,
  "assignedGroupId" : null,
  "initialAssignedGroupId" : null,
  "previousAssignedGroupId" : null,
  "candidateUserIds" : [ ],
  "candidateGroupIds" : [ "GEAR-486911b3-223a-463a-aab3-05cd153ea3d6" ],
  "priority" : null,
  "resubmissionTime" : null,
  "dueTime" : null,
  "assigneeIdUpdateTime" : null,
  "assignedGroupIdUpdateTime" : null,
  "path" : [ "WRK(GEAR-48ac0c24-2a14-4f4b-b9a3-eab8ecbcb75f)", "WRK(GEAR-4b5ad8d4-2b77-42f4-bd0a-2d4c26992f4e)" ]
}